10041229826,0.3184582572700461,0.3825783061829453,0.0026937991278471823,0.2467548477082336,0.14375488440247924,0.0011131013222752198,2.9513910610941205,1.936897036568628,2.185306422700184
10041267194,0.2931227677200343,0.40784249667782935,0.00263678608250691,0.2768017167811612,0.19850651147654627,0.0008378666323328709,3.077451942259909,1.040748931262687,1.5889412415311297
10041290516,0.19525464509619486,0.3569017873623338,0.0026849066367404736,0.2455301964811437,0.13039428695057595,0.0009591937333076543,3.9097588278072504,1.339392877369022,1.661437482697818
10041384303,0.2798172228858849,0.4037850388177456,0.0026849736934167175,0.275191842990304,0.15687600759178932,0.0009556556354205834,3.1167499218319055,1.2523783229471253,1.752664577432799
10427928396,0.2069225344964196,0.3229521285717448,0.0028065526387285227,0.2644341207041049,0.14123962654303884,0.0009646444717504193,4.100362901261362,2.0860507469100438,1.9227242405245208
10427994505,0.2413639634025436,0.3723396266302725,0.0012821875483789134,0.24261523039645136,0.3316746542384185,0.0012261536866098855,3.3588578247454244,1.4645210404005988,3.65816033151921
10427997426,0.27038836191554017,0.30013972012708,0.002031500663847152,0.24533397010550614,0.2930605705282212,0.00099598669302307,3.206039053067701,1.6313816097197473,2.85472371864026
10428014596,0.10989136732464938,0.3022641958016608,0.0023721921107264627,0.14226671159505738,0.22430609305917684,0.0006443761136749124,6.6882740458874785,1.1341868167229168,3.143671894896171
10428041154,0.30279837288032463,0.3425382159044493,0.0026224017634240127,0.2787014308323008,0.16132767519945065,0.0007563355142279676,2.965007340071419,1.8059840951009263,1.6956585598369398
10428093793,0.20804613344915868,0.35942630104255324,0.0022561412623696283,0.22057257827972596,0.22415693219393454,0.0008689726055059639,3.894249417183429,1.0318690275414795,2.412396657469399
10428164733,0.35340905320200827,0.25679251249444,0.002423379971805704,0.2550836990928372,0.1716845681483254,0.0007373944211182691,2.4832294539805653,1.6845035903945975,1.6417425203586558
10428180233,0.3888287116275981,0.20301277336030316,0.0026500529595338365,0.28855281516252795,0.1840973242131536,0.0009888376467786703,2.696508275680436,2.2792845500788603,2.1736426631975414
10428221063,0.18732327542580945,0.36352218208369935,0.002459247530436942,0.2510192207074898,0.15132114330670526,0.0009860900825834408,4.424548382161939,2.0817911283801114,2.1333001000163456
10445086536,0.16524325562185818,0.1882510515262872,0.002368569298987488,0.19928140382555345,0.1314865760822771,0.0005541817809214185,4.820535603559806,1.2223563402302104,2.0838409159476923
10445375913,0.2980489561788021,0.15074699003832934,0.0021799026246545512,0.2692070873315521,0.11458643553216502,0.0006053297212350705,3.225786107403304,2.342259082416578,3.0169870648676635
10686632825,0.15224237788836004,0.2905152432992953,0.0019586951126581414,0.22919928836067605,0.12939620020768156,0.0009037620022120158,4.748029841958402,1.2208281921917377,3.190856133340761
10686637655,0.2978119837459392,0.2525378052691941,0.0018816993464052464,0.3195543034292325,0.23580508055988725,0.0012670786055293927,3.3911964461648223,1.7526550729238883,2.52326105342346
10686650375,0.08720496455630382,0.2823677409204572,0.0020300027396187767,0.05911582086161968,0.0993250543545472,0.000514429869654018,14.633180652902265,1.5032463521560957,2.7263072078921704
10686675996,0.28167644703346023,0.05733832863092327,0.002605910670008421,0.2911289707870926,0.0869153523768676,0.001337427893653804,3.012791626231208,3.9277839294395003,2.622717912664804
10686677944,0.2684397926789729,0.1330806392345414,0.002217028457502361,0.30279909214947337,0.13102137262440972,0.0008975893234035369,3.554983948620273,3.577091135485423,2.8611905564930393
10686683314,0.20909121319646226,0.17944764262925955,0.0021722535091288713,0.2767685344997925,0.17134806917581644,0.001236307320755251,3.9559825100923307,2.006078534688368,3.2641916423544735
10686686044,0.16890604026058248,0.4094426818587525,0.0017792195886772676,0.3196644477915913,0.2425065921712109,0.001340399451045035,4.4892291982725965,1.087411943054539,3.090251250854882
10686690554,0.2713860614733632,0.2437790253626279,0.0019236641825919922,0.30249911405787955,0.19949569853695384,0.0010766747039176816,3.5654263991605495,1.8342877273715859,3.18509592526858
10686694456,0.08004126202916552,0.34345278267625834,0.0014759722538774354,0.07881433029105452,0.15243584145369732,0.0005504912855462092,11.639182678900134,1.233303206267384,2.9568870277539854
10686860083,0.2342892509423381,0.31877342826517324,0.002412455823759159,0.27529460226131464,0.26176728515307973,0.000822722585288312,3.5817807944434357,1.390833462078296,1.5971038442938905
10686863483,0.30803356241227947,0.276517886202342,0.002135112105661813,0.2376719533762757,0.13754916701304906,0.0009597439765092183,3.19477506419438,1.4783403995680031,3.0230392916686184
10686864713,0.13256929004952922,0.20525459707061208,0.0013865085515243432,0.15043586376584372,0.11542836419566653,0.0005349327649107913,6.46121285992615,1.6926032330414857,3.783059726721157
10686868393,0.07912858160252192,0.4476153225871277,0.0022717798543628,0.18374408974455925,0.16181581819256266,0.0010027827205627074,6.989110958240023,1.3703252016983711,2.2884568804619128
10686877993,0.2671073714892709,0.3480372354949788,0.0020523796697261274,0.2240005269296812,0.2502045014178194,0.0009085371026581287,3.7434129167692616,0.9668599537175392,2.9686560797758923
10686882603,0.25351998472062826,0.22772138441261666,0.002226594377565628,0.2589921888613291,0.15136914474719546,0.0008684882569161001,3.388347524258816,2.3590450983176003,1.8046455763744698
11429035764,0.12032224253630715,0.3195841263452604,0.0019687850929128933,0.16467144434133654,0.17326025833835865,0.0008464373094994174,6.182174551847632,1.1460615299508519,3.5138753917880527
11429040214,0.37145973368989255,0.3117781763955665,0.0019188952761754812,0.2631118340296801,0.17945386854147444,0.000787824643360847,2.4226061943456854,1.8965441699013588,2.0246563141089693
11429070336,0.3254556274051341,0.3225818467565509,0.0022884721056001906,0.25606900446428377,0.196250198713687,0.0009781241851064477,2.7990639227662246,1.406252133667158,2.4893501173624006
11429170003,0.07658608096304612,0.3009773797685341,0.0019714236678201494,0.03862742758684571,0.11438041475464872,0.0007506125049585043,20.070221054659044,1.895329839206854,2.659185477778944
11429175363,0.13348359340548402,0.405250343772298,0.001223045905421006,0.17850698344477114,0.21920026492571665,0.0011038615603825054,5.367126649788439,1.3539414367617997,4.149062555067169
11494181795,0.20393773836059248,0.2443831545843953,0.001894211436626788,0.2843057506716633,0.12979926407378245,0.0006963113969003334,4.346895377979535,1.3805540425161116,2.48342303752492
11494188455,0.19177194475782167,0.2923725939297504,0.0017500296808918908,0.27124164489458724,0.15856463831657305,0.000823012675221477,4.546793595383055,1.0442601149094817,3.6562030953508913
11494195405,0.3129813796968164,0.3519335227950193,0.0022029276534665135,0.24806615173150856,0.16695033985257227,0.0008468941606717648,2.8951163596480924,1.2945900779366413,2.213335985096589
11494476485,0.16626924984715846,0.5008333790952412,0.0021309061232857385,0.21746789324928253,0.15575888815038516,0.0010896750479160082,4.2583796202049164,2.32933462144796,2.307663706149229
11494476694,0.2021546841876796,0.4055950449900408,0.0023573928796617656,0.2524227205992399,0.14029838421022692,0.0009054379125128467,3.9654785860780803,2.364002281308996,1.8228773383418275
11494541456,0.188246996239562,0.4024712982709393,0.002428261130334491,0.2459911235952435,0.14477929632969647,0.0008618061241156995,4.136118543875686,2.288594387957441,1.7900411218695194
11494558263,0.16177603426133258,0.4509779489373938,0.002097027297193348,0.22096400277821346,0.15208478815070567,0.0008947156091709826,4.460260315062578,2.238039992840411,2.1627122447665075
11494570706,0.30223873358975023,0.4466919414401804,0.002383000425477209,0.2733244748854685,0.10411044884316148,0.000508793440059527,2.769162460111693,1.9779011931290529,0.39903660894868764
11494572763,0.19403968016506146,0.4578647638995548,0.002201454168909115,0.23313492811478684,0.16279225666887867,0.0010034164850267462,3.90989950045288,2.117660282442926,2.238900233868487
11494578336,0.328648413552504,0.3306685288610799,0.0023639429757786115,0.27057403415373604,0.1481378599255686,0.0006069731401955861,2.606090466674149,1.5988777414675608,1.239704031466099
1806437297,0.42504161251419015,0.17089240078270235,0.002309799861591526,0.44180463628802413,0.12872903275979544,0.0011559516982136775,2.821354102488558,1.5699647243728014,2.7485431203724664
1806444675,0.3081055807540935,0.20522525248404244,0.002567277201076041,0.42914017508383856,0.14201490510482687,0.0009087724471652476,3.404798342647311,1.183549107169423,2.8196863659631775
1806449883,0.2932681126707057,0.2453402247312907,0.0019427835242855995,0.35784340210856463,0.1977441452518585,0.0010033502105991881,3.6405608548493023,2.707874764977808,2.8597448560282044
1806451331,0.5997383915403987,0.14839498799256287,0.002376823765218299,0.3665215812159012,0.13324090603085634,0.0007631606935569494,2.0505276933806624,3.07285676599823,3.0933481667078317
1806453489,0.4302511146487186,0.12381755530778282,0.002251236457772536,0.3274114856041941,0.11164473143223452,0.0010938074975969318,2.5736120161337674,3.9763089020442663,2.801487368163785
1806455411,0.3906540307528973,0.13035965778470113,0.0022383910188387823,0.3125464555857724,0.13838324978558678,0.001025490197568674,2.7671556165996383,3.985021377356513,2.8632949612130556
1806459121,0.3604965272950847,0.22058376228083654,0.0022199152531077065,0.3408288471461511,0.1772632049983192,0.0008350607308237689,3.1472298010857807,3.02074728342012,2.7172245560023467
1806463491,0.3706009961166089,0.08971840359670286,0.00234351874919902,0.3337134839297803,0.08146722804907977,0.0008387919000965255,2.893771531613519,3.3329611336508265,2.502339952602028
1807288870,0.7354758630449512,0.17289027674342045,0.002418942786107645,0.3885711585690952,0.10342700082814253,0.0011964543351993785,1.3005597673950955,1.7177662347853744,2.367291878197809
1807291566,0.4801498685500903,0.2573416113981931,0.0016339616660258427,0.3408543303277323,0.1751735133498788,0.000910281384993934,2.5276708190568624,2.7351122979491254,3.2537235302535716
1807296328,0.32353009043154235,0.18115763048893624,0.001992344441881249,0.3555286735918747,0.11293301853416697,0.0008703868350696937,3.3210783366895478,1.7453467954081905,3.540108840359445
1807313938,0.4156230279728141,0.1061539446803326,0.0020004747302319343,0.3170773150244107,0.07867923898240256,0.0008052389673209192,2.498993860929582,4.883178987877298,2.5540616631383757
1807314902,0.28924646686762545,0.15308550221368175,0.002508284177879766,0.26127320875837234,0.08781063446419175,0.0010054417114064259,3.302856238084372,1.263800375460895,2.8819742836672946
1807316072,0.31692274422757305,0.057958587727399466,0.0022710352838650385,0.3335144123190401,0.06581461821152895,0.0004360089577095753,3.338650992985667,4.332425332537248,1.8363363861675657
1807319362,0.2707283667369057,0.12304637820663865,0.002301566638472173,0.3649877439263344,0.09633248541671219,0.0010402331817410929,3.653041575663459,2.206082062759786,2.9832756309756046
2432861455,0.3681549837908894,0.2445969368656915,0.0021176102319617612,0.2806783322371964,0.14669838900234008,0.0009547538350846868,2.7792859216753185,1.923542455147711,2.575495224529674
2432861631,0.36855252105577385,0.21277310665197244,0.0020826441522490955,0.26857616674253454,0.13852194259098038,0.0009376644495444898,2.6965282985213674,2.3149827584435134,2.4309144863969814
2432861753,0.3177916714925035,0.21514919759121315,0.002329619848775687,0.24826503516805545,0.1416574752209648,0.000533268737865613,2.864840493622275,2.1854676362933225,1.3591114252165977
2432862469,0.3299378159274322,0.19134834065655928,0.0019726584749456284,0.2711636628367167,0.13521398927065026,0.000852777110947079,2.9721452523077554,1.9888344201955763,2.5598956054312207
2432862785,0.10574588155277236,0.3001502099140223,0.002228950219146447,0.09661909592719818,0.08221946835046326,0.0005705722930067614,10.573412139584141,1.8516193517529447,3.026177726198737
2433675496,0.21272913377577268,0.34059099101802964,0.002132449734717091,0.2740151474399868,0.1292523641290382,0.0011470340677070894,4.168287952260922,1.628851939976545,2.9178135327399715
2433675624,0.32530405329520146,0.19185414297171907,0.0017229666948605392,0.36818254131637973,0.16066778796573833,0.0012375096068677359,3.2267182639077583,1.9669792101688663,3.7466591193352503
2433675744,0.43764617256927973,0.334056274323725,0.0023239430167883114,0.40214127033356745,0.1464003250308088,0.0007492309156082477,2.745640601321988,2.0038647567132863,2.452253832497846
2433675946,0.3534271025233585,0.3200463388696479,0.0024115598615915977,0.2620543180696239,0.17204603125942367,0.0008416361514719162,2.819406995656935,1.3662921879154593,2.455955968694768
2433676300,0.4048404540753824,0.27366921890495033,0.0021520270255031807,0.2379482470335725,0.1840952740078938,0.000929639394799492,2.315883909142589,2.2893650569302464,2.0313712983074765
2433676472,0.3716531666376555,0.20059292181566976,0.0018170890170450024,0.2691014182883405,0.13223408827502633,0.0009554251185242419,2.6078788324405515,2.3672917859090186,2.627961962456816
2433677046,0.2938197964120741,0.21348184817164856,0.002276579243880477,0.2384764145702811,0.12696082573795026,0.0006488268882982709,3.0395182985378706,2.0006859786049582,1.5062060144184766
2433677360,0.4626937680018627,0.2368188075249961,0.002572870044854614,0.2029466786394888,0.14695015231423533,0.0009554574101549553,1.8966294839624749,4.142005456246796,2.0977856454285067
2433679204,0.10972334124479044,0.2913741920424057,0.0020939922388823412,0.24477953210879014,0.141059839138564,0.0009802946558886067,5.6037968777099,2.0802731860092205,2.3592845702596037
2433680752,0.3345842521775762,0.3299500359030469,0.002573766684608279,0.3093784006049757,0.11096595915620923,0.0007523751739308015,2.904316811454793,1.6008142927971152,1.4692899189007993
2828701151,0.3324586233879008,0.3679616795371624,0.002402356919133298,0.294100056189752,0.2344386718299481,0.0010721662249984737,3.0095522157905603,1.4825226043384183,2.402469975582457
2828701349,0.08673522476917556,0.5765116232648929,0.0018531769627063567,0.133624722964936,0.2697513651758321,0.0011792873894299542,7.815729927406341,0.39619177384139104,3.450787377089588
2828701829,0.2442250753493749,0.27117597627138784,0.002596861227732821,0.22635058310701306,0.20812432923508056,0.0009517221853166189,3.9444925337769945,2.1873314831040034,2.2246462024929814
2828701983,0.18159768365888174,0.3548529249616444,0.0020460281635257,0.16527173679610868,0.293918132828462,0.0012359050357855456,5.45359626148445,1.9742510654917993,3.0994060995838026
2828702301,0.23647588939674696,0.34055414606928336,0.0015333138536459787,0.22968609602425816,0.25967519278245144,0.0012674617803610135,3.7456620845769963,1.9020225455029687,3.570047617418535
2829537930,0.18089568476989615,0.5339492939877861,0.0021002199974366137,0.2579262537705844,0.2734056948740935,0.0014243771420986134,4.644602181852994,1.0410256149091068,2.7669458323315648
2829538232,0.19911888315889034,0.23195198428660685,0.002322994294501873,0.24734675374319134,0.16855276055151447,0.0009728995941521068,4.681491527305619,1.7146404410960372,3.3485510000871606
2829538310,0.14281134359367004,0.29863356662463025,0.0019585051493012525,0.13024462513660934,0.2089909358134375,0.0010779995055639699,7.606483500665773,2.5547338469026393,3.419557715395719
2829538424,0.14791687004487908,0.3159639742359348,0.0022586999256695283,0.13564592348297555,0.16732765656020027,0.0008194689687963223,6.490320832875646,1.8939943387319484,2.537559515902284
2829538628,0.1520324551920828,0.4672577178384277,0.001691981525054457,0.13743658837719444,0.23907754104681664,0.0008880192575912703,6.347903227687068,1.4110794697124762,3.406097669090188
2829538812,0.1262930973204722,0.6166044420988511,0.0010482303524287325,0.09230858484436733,0.27735935878214896,0.0011033833996893074,8.826401359041489,0.7464369351902067,3.990304404663711
2829539120,0.12057556857958028,0.7154846511729194,0.0011099491375118947,0.16443626648836224,0.33585300035303395,0.001366764361438715,6.553572094465304,0.15098895579556904,3.6910161501738226
2829539204,0.1422329236095132,0.4699383324782867,0.001994598016147513,0.2264830234451424,0.22028543067655906,0.0012300696413505578,4.957893520131688,1.4469843215475617,2.8271497942476698
2829539274,0.0892206672800539,0.6350267662567308,0.001363920707420262,0.11526393130214314,0.25888041546124824,0.0007609546530888099,9.599900384327317,0.6803373015654266,4.850805441813177
2976144,0.1499190301601562,0.3707392781876276,0.0025313135973343195,0.3335680335277487,0.07523938301597363,0.00048400443748658153,4.685704296354412,2.4707362679304907,2.20801559752993
2976167,0.4144793042173887,0.1412717060897289,0.0024856704344482896,0.3312463160737641,0.14699749723816566,0.0010715399992540617,2.618753870257655,2.5231101026958465,2.3137631305081765
2976176,0.24505881573720115,0.19814479113174968,0.002193716098936375,0.2633370198921379,0.14392557570280026,0.0009559588328648145,3.476293981269846,2.8757438892462854,2.5966229154358142
2976181,0.2196017722626288,0.17583897621514447,0.0020796293528129763,0.32394141299403384,0.12360882524519047,0.0008684897098454591,4.095955498555242,2.0884155964035083,2.408456428661726
2976189,0.08419506929204423,0.4585145084115748,0.002234559384851942,0.01881527552386259,0.13115581345055785,0.0005355287091675889,26.988334757178535,1.318430583317094,2.982124501345411
2976199,0.08839883020601591,0.4982117851316398,0.002541244957067732,0.033345181441633565,0.1286339534152115,0.0005594867548600397,26.10845559757378,1.623952172044254,2.7403323137811104
2976213,0.08820028994500427,0.4956874414225714,0.002449014420094776,0.01687236240276957,0.11719414097803485,0.0005830955306190643,28.474076777164765,1.3271066457327743,2.9114371606490757
2976218,0.3118672979106705,0.12503726347411803,0.002098701730103785,0.3728803197004799,0.10980772856859472,0.0007939933289124582,3.496025055063047,3.8992599760359408,2.4323394634378777
2976220,0.25547290817978363,0.10098422880721894,0.002221198369857594,0.36588175034188825,0.05486457312365929,0.00022824160189664945,3.8537108431968496,2.167081315039078,1.859924727919608
2976227,0.32473925383428925,0.18790608500708647,0.002680337388183703,0.29158453457803546,0.15849209871177708,0.0008929865881547931,2.9099483505670816,1.7539237611461629,2.7301680239527686
2976228,0.3072599212489919,0.13426878616034565,0.0024957794489297255,0.31957424138758755,0.0998139216227213,0.0009232147445499152,3.2747266275407467,2.0025724598173213,3.11286262286092
2976229,0.07678324157649383,0.3964145516553903,0.0018918269588618253,0.06721941194423382,0.14119908949558674,0.0007508860378472486,11.98101491003047,0.37954191043428076,3.960823181780662
2976230,0.2442824024356078,0.2350236885235624,0.0022666215558117256,0.3620175393718399,0.19192927705814464,0.001254937240654092,3.688413210233527,1.3027035328076932,3.1637178537843957
2976232,0.17152218132235286,0.339522256262038,0.0023163098500575017,0.30234871444534883,0.2494275204933663,0.0010522324295111408,4.40190748783571,0.9289822536322998,3.2299348246018744
3259031037,0.13659536495965638,0.29130915138275704,0.0020910536357808167,0.14002340494187532,0.1873531538213894,0.0011395386675148926,6.27050669474926,1.339184461513748,3.3294487735422735
3259032369,0.2702425620496243,0.27765716995109263,0.0021619870101243607,0.2511772012920161,0.18002966690708866,0.0008152421590902533,3.246847272600606,1.7553245781020808,2.2793428658965667
3259033655,0.3215653875327508,0.2748362816007391,0.0016323265205688828,0.4051756856177233,0.18350190760072094,0.0009216490695666973,3.312731743182473,1.8661404421994463,3.775294739850388
3259034411,0.06841097694983199,0.5848204443825282,0.0022301071895424306,0.0766422441880573,0.17085006656629234,0.0012067978688542636,12.516318819187713,1.231549988585892,2.518851225875226
3259036071,0.6736724480708529,0.22255893803181195,0.0020945744969882727,0.4269142791818841,0.1062832441804938,0.0007887986037024665,1.7000328214957983,2.0992465599171157,2.9285388301337476
3259037865,0.35282509372669857,0.21869974679327644,0.002235904180443388,0.31470622958291256,0.13028254457861144,0.0009148877604727565,2.943131333166564,2.254437148133393,2.639433402951386
3259067025,0.10804323117925804,0.3877955824995175,0.0016723772497757245,0.16932398181621566,0.2345994006959169,0.0010571050591311566,6.912080883515555,1.7629760579105684,3.30726135525243
3259067845,0.6085818995687435,0.07398501146587459,0.0027704505036513765,0.2875625766772612,0.08383730721135481,0.0010933394109053616,1.466537562300609,2.984685368281205,2.687280824927805
3259068153,0.13839277581467796,0.26052545220280265,0.002150261632705285,0.1701069716135636,0.1295778362668859,0.0005620287458260591,5.89395686488321,1.2789988237311027,3.5527870756741144
3259863278,0.22469271798605536,0.1740192296691519,0.0026329899372034586,0.28296163331806506,0.2018571937598435,0.001112878866642482,4.228928009517968,2.8121084059999877,1.999016845659046
3259863724,0.2552548867647844,0.20151106502256907,0.0019485314673842913,0.32282011542142586,0.10891725328173044,0.0006779716598537312,3.830082679515126,1.8547054278338644,3.496030144158403
3259867328,0.3504059079489681,0.3546406203872781,0.0024925459028574608,0.4214803383391023,0.22087410229934734,0.0011495738401444235,3.152097321278476,1.0592295790091275,2.5414037099867572
3259869418,0.14788932547051284,0.3268292669015657,0.002151721912084984,0.2059739168125898,0.1510492904984098,0.0008074847974548499,5.174766786447185,1.5011490533411047,3.1001561828987354
3259898966,0.1400685733369052,0.4704078888057817,0.0023519998359601093,0.13069675399971614,0.29190575839439453,0.0008737861227963487,5.4703542303074535,1.4913252652946287,2.6734385764027633
3259899290,0.3223207988655377,0.12184359823794788,0.0020480630731769035,0.3363548653663775,0.09085703054642445,0.000681109515435841,3.245106370229297,4.3757581083719455,2.9608454901626735
3292055233,0.1490091538158948,0.3866876057939279,0.0024426458292195175,0.1607009335624508,0.36539350928569253,0.0011267341639352034,5.057271006195551,1.543078784389425,2.9332493148461594
3292081585,0.1910999054051076,0.20252181197200306,0.0027396887083160795,0.22799528436929664,0.2161249057566927,0.0005539449340908159,4.4457114219074745,2.8979781614772286,1.3735652785941177
3292090591,0.18963068806480068,0.13766873635087207,0.002055341246667771,0.22877771573617306,0.19924815146313346,0.0013785120373782437,4.134985308772079,3.438103672339432,2.622528158080206
3292095023,0.05723518014240411,0.5966615320117687,0.0012616937121666108,0.1366444272824804,0.2228236146738152,0.0007119180432403648,8.043405774808559,0.37696244872636153,4.71618616523624
3292117677,0.07576898197803102,0.6281583276975277,0.0010105591635464482,0.035880555290642595,0.15648470560345876,0.0005958221539183922,19.575129143668317,1.2428575657786418,5.441396705914025
3292144501,0.23591457850909694,0.11119527223612012,0.0029064114633662215,0.2513251981115521,0.08339700924659203,0.0009431647930389244,3.6161618572825915,5.123803262056955,2.05393348847546
3292294323,0.0668264667292797,0.4964605639841292,0.0026078357019071034,0.04018727717087232,0.2163046780266888,0.0008525975998295223,21.971197970510417,1.1375726423161727,2.421210226066907
3292317977,0.08136594954257632,0.4753803352624497,0.002350215682810782,0.03508670716392045,0.1104637959607018,0.000675036879462099,10.161208209215587,2.255818245503396,2.6108749969853355
3292872806,0.2800358430110947,0.2210956802465697,0.002377145034307716,0.262594701371788,0.25524965254851056,0.0006930951756269343,3.936494086955758,2.6972430829996816,1.6355279424203055
3292900142,0.07470551671165655,0.5162109020393132,0.002643257975391592,0.08521171048593566,0.15608600561005787,0.0007667012812169735,9.547167145958003,1.965137524217427,1.7915082261887971
3292905084,0.046527607990370805,0.5351571668165473,0.0019372815953208008,0.11337941276188472,0.16546234519263545,0.0008172741558081634,10.594683933279303,1.1785443760520664,2.875036183900167
3292945476,0.1258639013184342,0.23711613840595905,0.0025524051387021776,0.2292940296036952,0.21323719992711515,0.001044166734204503,5.623330283819432,2.242731984232787,2.709116925699845
3292953130,0.26447223216003474,0.22297186466506252,0.002522269628336435,0.25483412878045913,0.218590924061769,0.0009243587942647405,3.6229326053792033,2.59979738369654,2.192906419467173
3293118354,0.09226756261022795,0.50589677491422,0.002122955804708876,0.11653613658233675,0.20969946086552826,0.0010108687822661386,7.373041790410928,1.282675654755414,2.69338630805823
3293128036,0.0793446198323128,0.4902625088571386,0.002593709742037309,0.06424673642336516,0.14907040648613806,0.0009485955773000332,5.793898373265305,2.8021959336326763,2.1596339042216446
3298430031,0.268039553875622,0.4086051941468375,0.0024826937741894424,0.34312140601307534,0.2946047353689961,0.0006834640573178529,3.6412019277175687,0.9254023701158697,2.2996455780493923
3298432953,0.07258549184324876,0.4706941037338537,0.0023008131083791863,0.1070491362596726,0.2189348122998193,0.0010772758724813443,8.28769965526279,1.273909245402441,2.744484595893985
3298433135,0.0463674242405614,0.6232703145277892,0.0021726792536480265,0.03602986403150108,0.2093321021180039,0.0008214955071267155,25.473380383835362,0.7304275276156966,2.703814070792632
3298433747,0.12560111252315698,0.13238329463706408,0.001324183145082694,0.12673137590736727,0.09647503989965248,0.0008602546352467866,6.990873347703452,1.9723101449520333,4.413462210019503
3298433827,0.2413939390577877,0.31444315333004075,0.0022151379522545823,0.2256744515007628,0.2469647696543435,0.0007869956624651817,3.363190827974603,1.2059667538303018,2.363739367954686
3298434111,0.16056378221767054,0.26359947780806403,0.0014053528499664,0.20292394400409985,0.17166501089152406,0.0007626682018418083,5.375273297399682,1.660417856324623,2.9787589293459704
3298434489,0.25083765781119577,0.19925445094845215,0.0016749134832639654,0.29614059919724295,0.13439479350408745,0.0006956662609716419,3.7551780383885927,1.700782989984278,3.640611779561353
3299257052,0.1920964143537561,0.3831793376056771,0.00196846544352868,0.2118512155082206,0.2534171020288315,0.0008247119440565146,3.7713437144091695,1.0376147724760245,2.9951819440354623
3299257220,0.058435049156256365,0.5505359509627296,0.00261068265497327,0.04797097485503993,0.1142029314177774,0.0006031858907340706,19.581802714207566,0.9180567936241584,2.066172318766907
3299260498,0.11683361329763647,0.39502261973483943,0.0016718101261581663,0.1643719554213901,0.17773427449625534,0.0013906283166883664,5.623454348859807,1.541845857424649,3.3195943833795045
3299260714,0.06220919830219601,0.4644135713024688,0.002548258616170955,0.10736216541538643,0.17812163182909854,0.0008337634797318897,10.006772821686123,0.9044391580743438,1.5552991458325875
3299261094,0.20046095022342889,0.17609980469777786,0.0014312251185443733,0.2803754274239452,0.21107519114390366,0.0013466738791042595,4.0955554775706045,2.5599392113573245,3.441563239504295
3299261206,0.09918851012484564,0.33550577916076213,0.002042845059592233,0.11357679014902047,0.21788685242125067,0.0010293263648516633,7.195348823660357,1.5647692835247966,2.977801788393641
3299261746,0.2938904401788887,0.11008361162255363,0.0020731386057336637,0.27526063151677943,0.09544826849830142,0.0008196193147233672,3.458901268850682,2.7346629541170087,3.240551976419294
3299261820,0.17005731589840295,0.1620374782658591,0.0017870362173013593,0.19640017867583215,0.10016690930006386,0.0007146704873662209,5.2503177552653275,1.199726344555829,3.457996573048611
3530529589,0.2823685322001199,0.19013144915662467,0.0018430941125207566,0.28782723185899106,0.2111100885062386,0.0008767324991549724,3.868022185575918,3.0140322924855902,3.2295877349272093
3530756445,0.2500004683406145,0.3001130267915569,0.002401878087914741,0.21593344878328247,0.2372541008256097,0.0007694961296093877,3.4640329578312667,1.656297445414043,2.469831105737525
3530758573,0.3110291710846489,0.2653599052673268,0.0021094404921182235,0.2786619709631631,0.2471410577979969,0.0009163376325278904,3.324975064171908,2.1456164572694507,2.489521315305689
3530767989,0.33458930731538217,0.21277848645925448,0.0019692300499806773,0.273247349147732,0.18656970395332287,0.0009417291805715039,3.3390864875883604,2.486703170175633,2.880862351068377
3530775049,0.3781726274703369,0.18201780842969573,0.0020897503421760093,0.2869922999519269,0.1605624430190469,0.0007455204431661295,3.234961521928245,2.562057384146467,3.2283432128687295
3530782343,0.2406342956433595,0.3778879297425457,0.0019146323003974086,0.27206936337678234,0.15506617427575645,0.0010578945167088057,3.676349721401171,1.9124860535871686,2.879421931787753
3531574692,0.09598252090404387,0.33501698576623223,0.00233560901191833,0.18716973728353709,0.15453460926769608,0.0007128384550768,6.858000484215339,1.4082321522657661,2.85721720677473
3531576730,0.19325166742136884,0.28852002114292885,0.002346279369473219,0.3318880338837914,0.1555777983156452,0.0007299185366703932,4.4345632567284206,1.819928338999083,2.197396040714135
3531584126,0.3462925325256381,0.1956568162752043,0.002186285684992881,0.2903324953271614,0.18956511460323747,0.0008300188909076624,3.2565063754806234,2.6985018367722313,2.6164239260194355
3531586644,0.38647074223118816,0.18883599019683275,0.0019659515570933424,0.2905884890671148,0.17094124627037952,0.0007716024904917936,3.142448175402637,2.6292741195390867,3.288664214303155
3531591574,0.4009473618318541,0.22737893784476856,0.0021492177675251924,0.3136064601315075,0.21060750940323086,0.0009378933604583402,2.9230255985185645,2.7114393593485357,2.842118396082401
3531736142,0.2451856275285123,0.3669441502130871,0.0024015591131615146,0.30900362373023577,0.15571855362254924,0.0009884539195165248,3.772859723067187,2.024605735810484,2.312589159827367
3770735523,0.21085048165545872,0.4055779400867448,0.002684098731257248,0.2333324761350579,0.2285604533638439,0.000934141432384358,3.6398034262218015,0.8871808701346253,1.706407130256879
3770743117,0.1884911939975148,0.3788302381309143,0.002621553597334607,0.21165022047427073,0.2481680854456804,0.0007538644856749358,3.793047718882107,0.7832034046282178,2.0471268745669775
3770747503,0.08864733719619335,0.35467600857444315,0.002622169319492082,0.07864259639066418,0.13804925391514564,0.0010017413680442782,10.790510906555362,0.6853484451571692,2.7656372695483977
3770755143,0.2937886688072792,0.15194298471891218,0.002415663473023191,0.2279944530854396,0.14405136295219131,0.0006067997884827426,3.1803512517527266,1.7220198730607459,2.4596948756196966
3770770479,0.13815198237624213,0.33331255654617353,0.0020984248314746025,0.2098441818820337,0.1805255162430152,0.0010328180213567792,5.813087388433752,1.14970239850486,3.284895091164156
3770779865,0.5103612154158093,0.1535130360729776,0.002079071044470045,0.36822414017942895,0.141681156554559,0.0006413706513054706,2.521715589312589,1.8418521978371325,1.9224430180539032
3770801661,0.19631418052988836,0.14578271806763793,0.0023324461668587947,0.2372501494286816,0.09348082130242438,0.0005947670030517043,4.989982885022483,2.428366876362095,2.5870952293192326
3770817415,0.4058700643180697,0.1149361950114176,0.0018728146200178574,0.3546682514539488,0.08385544916281491,0.0006281005210029619,2.947389150539101,2.6380798680578676,3.534923515295425
3770828505,0.10303888026505444,0.29880889468170824,0.0025000128155831694,0.12272520615029744,0.20706942763616576,0.0009614352991882309,6.547886984074793,1.178460849506964,2.9296632532165647
3770849041,0.11445115851234948,0.2550221925595317,0.0024911938075094127,0.191484046795632,0.19799922809319687,0.0009622496894919923,6.135541074937171,1.451532263570061,3.0553386155345454
3771541084,0.13545399485007958,0.3007728913320553,0.002587567407407364,0.158637026862398,0.2296875265205904,0.0010142182061870287,4.657540855113164,0.9638025834938745,2.6566189052387754
3771560958,0.4810955981390422,0.2496765508465424,0.0021230959579643786,0.3726261869126401,0.2261076932617928,0.0011239522672068386,2.540851697941544,2.5870295822207163,3.20254223850555
3771568410,0.5626961584794248,0.24922427127633806,0.0017680981366141066,0.4210922467436465,0.1537295497228818,0.0008765860074342586,2.2409931039512494,1.8749272249722144,3.0486029508598937
3771573376,0.18201939779989032,0.27522021517258033,0.002477525218505555,0.25542599090815515,0.2281046182625288,0.0012260342200303034,3.966646258377808,1.3778323881945116,2.526840519455509
3771662660,0.20680186217579904,0.3291537378290523,0.002277858997821167,0.21773331652481753,0.1995284819495672,0.001120873124534754,4.074117883247823,1.1849098620751755,2.815680446942248
3985550,0.20996245571988412,0.3462086377805259,0.001941494198483811,0.3047135000320759,0.20125367195081534,0.0008623700069719849,4.351028055733842,2.034894173760691,2.9332555388077495
4458396589,0.2637281409796861,0.3575130490768121,0.0025690759759064746,0.31295863981372,0.15010441124304702,0.0010362678438498123,3.4718240899001604,1.6668610535261152,2.495584938370133
4458397575,0.5832630223852262,0.20375685958955295,0.002129777285659181,0.3676822694980127,0.15935433419181685,0.0012061688704940615,1.8809901297305607,3.14989325022251,2.5858172322239343
4458397675,0.7598576536889146,0.22100479958244149,0.002133482199154144,0.2526105905554569,0.16759142477604685,0.0010759068626958843,0.46596880475648605,2.470350781852444,2.788746253795693
4458397751,0.1146060991999672,0.5035923119769025,0.00297440914963357,0.18250477320004266,0.1989777473509912,0.0009598857641933832,5.737447704216576,1.1610704772545228,1.5976511614794235
4458401155,0.3304563782196746,0.21484269008369936,0.002462047141631851,0.28854008987229973,0.12413993668457375,0.0010346757453294133,3.200814444329441,2.2966997805039067,2.7543254878853727
4458401195,0.41653857180289855,0.17095064546562527,0.002750586118958802,0.2507244194876565,0.1494684801963021,0.0011980603098795401,2.4282623072079694,3.0759376135571017,2.337810621674615
4459175892,0.2503703154391971,0.3711848977521225,0.002642255870818528,0.30720477023507353,0.12907271076666746,0.0010883927257019847,3.5039637840846716,1.7727674234073258,2.24037770999013
4459176664,0.5855295412684621,0.2878706739002497,0.0024238303421758,0.41628883058047866,0.21681201050796053,0.0011719523302407546,2.013019831688125,1.7677049712266402,2.442242372298279
4459176836,0.5416649681208979,0.2353242352093983,0.002276884193258714,0.4098143502302071,0.15127603891538394,0.001182163385290965,2.2284493789642905,1.6963782151100237,2.7212343709378715
4459177390,0.0734288341292607,0.5526602682297094,0.0024291293092397266,0.15231322597589128,0.2816111790324986,0.0009529519203528348,7.925436452472805,0.9679137629155341,2.761985995963891
4459177806,0.2565539663421493,0.3579060216150689,0.0023501437293348623,0.2685033430206272,0.1828374015176656,0.0010806329684707665,3.456141024666157,1.6630783878456266,2.276124213501405
4459177970,0.1578842343849737,0.3142670674283876,0.0023930913135970944,0.29160382986524824,0.2288658646359134,0.0010506731979208015,4.784767507090526,1.8250681265523698,2.777021094198509
4459178080,0.35584747135625944,0.25824509883243946,0.0023829564628988,0.42571462756905937,0.16769129927214466,0.0009217876756827512,3.2085762874379506,2.244823561238441,2.6847810435415393
4459178306,0.3514325586503925,0.2931036923423572,0.0020696082634882413,0.3689865042972468,0.24512304862269704,0.0012151717370752829,3.1093734904096832,1.809601001712216,2.9203985347972674
4459180662,0.36215777505218816,0.3956160448220989,0.002074917893117909,0.27245287485460273,0.20664136593050295,0.0011887841096306926,2.9720291943333463,2.019567273356098,2.9203779558138065
50494601,0.14828074124865584,0.17401910687068234,0.0026046016285358646,0.20190834516164172,0.18614069973806194,0.0008742190642751082,4.50137154871379,2.6060852019668737,1.8673191554127437
50494635,0.13861953431454951,0.4634491408815445,0.002086227317851495,0.2349823330880316,0.28067453168501993,0.0012130170902539027,5.304677303924498,1.4335635162005238,2.3237947288635965
50729151,0.18092820977172594,0.11325748079559815,0.0026553842092877965,0.15281700492367514,0.11328108131531946,0.001165806429480568,4.094932073817148,4.8557827680484325,1.5920662988828091
50729167,0.15816905897323905,0.2550692218075667,0.0018767774965999671,0.14503657521334226,0.1409523298037466,0.0012355169573270007,4.897895505393452,1.8870460631019161,3.0173436301488383
50729190,0.2760127113495877,0.19424200603351088,0.0018392166503126235,0.19835801869864567,0.2220335974060203,0.0014688122301594198,2.713378075558568,2.610454972266292,3.001344820195719
50729239,0.11460862252539762,0.5280217465741877,0.002219076153259042,0.040332608953299036,0.13370527761350126,0.0009052719194932545,13.001296641956479,0.6301281303752871,2.486071038517502
50729250,0.28219743745542714,0.10190197482535954,0.0028747902471492532,0.2740107790792678,0.12787555083937266,0.0011100202902874418,3.517061021011845,3.6562045442932423,1.4882099481066873
50729266,0.2176700839292576,0.17942748331029018,0.0020627699793991216,0.18320120298652576,0.15274761241378956,0.0013073562020579756,3.875765592255928,2.39192189100931,3.0004619875166383
50742683,0.12149530939547355,0.5491066908093909,0.0022071131769066,0.07033862715923642,0.21865438493578307,0.0010622572689335985,10.509797402062684,0.8910228073054854,2.6406506665094014
50742712,0.4180815976885112,0.1516643277854917,0.0027260162394485547,0.21780646618089175,0.15927325783110474,0.0010130504286008826,2.1499078317200575,2.798783676698469,1.9875187754396326
50742725,0.14005012719751025,0.24859187806578406,0.0021775368601054603,0.06706960724592133,0.1333743919754556,0.0013025730562180116,7.5126272115405115,2.2725086313942215,2.815267177202055
50742869,0.17500831940084569,0.3100112799949916,0.0018107442028611066,0.11776997145041695,0.18038539564817027,0.0010820519334160386,4.653185102048562,2.238030932591018,3.066084249715277
50742900,0.14544131789833606,0.22984292123214145,0.002221330165780003,0.1260686695088334,0.17311496152428146,0.0012382706740524687,6.373651761069351,2.4308963005529325,2.6477251027762176
50742923,0.2923083433815479,0.12708361536707516,0.002438932350932535,0.2723627902219181,0.12990074168561114,0.0010569768961511787,3.5027709953971455,2.950644948186396,2.6930489659586945
50742944,0.2760172192296093,0.10418684259656992,0.0029264373404024324,0.3171234807682133,0.10916490231330754,0.0009223231270416453,3.6577206536058986,2.502809308794592,1.7881409667592578
5350121769,0.35021288009991736,0.2662743816972319,0.00286282309659711,0.23051692738875665,0.22359009878268526,0.0009693460321369203,2.67871934891172,1.3704709703644598,2.58856258299174
5350122301,0.07657853126114862,0.3835909621436252,0.00181692366132782,0.16626726007045742,0.1343812264209744,0.0005130635603256071,7.648156439367,1.1809524413440522,2.7337556501028746
5350122501,0.20564021402513313,0.2176455124523447,0.001489815110263708,0.30950210899426034,0.1603363476041839,0.0009504353289438393,4.183177503878853,1.666554454541277,4.01437418921585
5350122803,0.2043285162374114,0.2185208757150256,0.002600860838875261,0.3409355705557177,0.17528151504608494,0.0009734159772638351,3.980468068670346,1.4684586013704988,2.3898406864646935
5350123101,0.6703686365207365,0.08615406729961103,0.0027048349437226995,0.24380512356991485,0.11005963491856817,0.0006703008500594175,0.7994997147070511,4.155660875979084,1.0148142549613153
5350124151,0.36082195720932897,0.20638436111962505,0.0021644515352224726,0.4280744277225207,0.11773594432679756,0.0007169768029976799,3.1719146330550303,1.847203627577368,2.9897220750240736
5350124993,0.2609555146498209,0.10607030930851176,0.0015058922984479985,0.28027379520108747,0.0890945761916931,0.0005853948489907383,3.9162283475020967,2.5049049583991554,3.423546217411235
5350133147,0.3452531935860093,0.1305387378037364,0.002953626679742082,0.2324676446112268,0.16081625199776264,0.0010293608455233104,2.5710817224742604,4.373039760649637,2.010875456418964
5350735036,0.1330258700876916,0.3341855514403164,0.002338881913220677,0.2347708217296086,0.17723363936768474,0.0008586870235889897,5.032604862016997,1.1368812776151953,2.410406994919504
5350736476,0.450826503454631,0.1433748080916175,0.0029033125444609675,0.43752422349491377,0.10368350776114484,0.0008513843790318193,2.649733122501301,1.7624569103529468,1.8229407095066197
5350737652,0.2856002716063992,0.14254833678672973,0.002524986290394307,0.32553383669361885,0.1470098571041033,0.0011524400318452233,3.4432791406390986,2.3272345099463205,2.6679136997122797
5350744768,0.3767072811724462,0.13902594599488788,0.0023068077455233532,0.3039545473450573,0.13331760660314002,0.0011863770343123693,2.8356044927604733,1.9456967562041698,3.1564367112507004
5350746618,0.26611382900825564,0.09412144464884623,0.002759805141734489,0.2710527631346055,0.16950140100067854,0.0008487296640049988,3.4522168527825556,4.837899078670593,2.3417083572502926
5379788598,0.3064773310247456,0.2615219370844412,0.0023659179290007326,0.3317321483983023,0.16374161658633068,0.0011430189265027888,3.387743192757672,1.450491318889111,2.736675810606418
5452759540,0.23797180453264155,0.29374284903917164,0.002504263734460863,0.3353828333642632,0.14611283010876405,0.0009318744549975695,3.8912018219141946,1.1266476590156982,2.246818955292548
5715385311,0.2365631246805375,0.4007839475706752,0.002450403424323677,0.21674915230735853,0.3014855574375711,0.0008338170045753012,3.752626041560987,1.0226315627918685,2.1876245774218366
5715410211,0.1936336108622006,0.18288801908563215,0.0023174878995259733,0.2279238558253017,0.15564806624472785,0.0011079422129861242,4.265930377868186,1.9474628083575036,2.6096114064569553
5715411349,0.18200325112784546,0.3674600533317909,0.0023743096962705705,0.1454043299551601,0.1897129872626744,0.0006571804377731906,5.841675788548477,1.7422293410275596,2.964288134023893
5715422061,0.10751663535539173,0.257965893119391,0.002253643655004425,0.07894852862164804,0.09765097735845478,0.0005465816046780622,11.937850303313136,2.5913315286345617,1.9572410494842538
5715442729,0.1935057021745222,0.3449696744380269,0.0023648129591180987,0.24612166454159826,0.2264037333605179,0.001147555608480702,4.731103161292968,1.3595345732154693,2.575005995813539
5715451325,0.11203554983165984,0.22084527013041474,0.0020200914725105887,0.15140627470178378,0.09936107014476281,0.0005144220929327189,7.358989938667044,2.3913795219152885,3.7159487090579364
5715452149,0.25589395136045456,0.19594848574688406,0.0022846448186590266,0.3684235905346556,0.14845042369518469,0.001230787727796666,3.6974656265491475,1.3971547660738122,2.702726639419519
5715459675,0.34943026303860625,0.16973880645304856,0.0027771379008072515,0.2282956266281632,0.11407506306154412,0.0006277939835199473,3.735222670663122,1.2431528202823328,2.5988219828795778
5715461357,0.6181223580706403,0.18332881966621645,0.002065410329360476,0.41607850247028466,0.14959048692411006,0.0005801752355733731,1.8789288543670146,2.413818014463547,2.3396266735773237
5715948986,0.07063262991055101,0.3997247055013793,0.0021353202614373427,0.11542268299333068,0.2388068256426249,0.0014577480173412313,8.795694240747137,0.6193238202564901,2.8617277523437545
5715960076,0.3287232924342628,0.3562941391626853,0.0022166266717928364,0.2386855783598189,0.19745020162835505,0.0010566511060112838,2.874357858578153,1.6100406542807417,2.490134117016934
5715966740,0.18073951806027025,0.14028754295800186,0.0024402687376643985,0.2603447229318441,0.1351234355391598,0.00096268449949639,4.3086726833868,2.449799950343355,3.0600953601612018
5715982488,0.10355549786643194,0.4818321371697509,0.002550097675253211,0.06438447930277763,0.0892698464367767,0.0005769794670891631,13.168057280917013,2.319332959273554,0.5818038003627484
5715994160,0.11593073748415915,0.5475442518187944,0.002914215353068776,0.1242790620196452,0.2131370923332872,0.0008216052034868459,7.9586408394225625,0.0,2.3134337224174306
5716020802,0.09494931212275667,0.2768956782075489,0.0020262170344735415,0.14672583064008424,0.20290060187039874,0.0010888208237658057,6.2454222481604855,1.4807080106767445,3.2989808092988295
6044948309,0.2758079363200789,0.43044820469715495,0.002260511495578575,0.2556662233762422,0.1483773982220937,0.0008217979474214958,3.1567283568319175,1.4650296975676487,1.9973121504515836
6044953317,0.11007970809858528,0.452879126769635,0.0024992783288477305,0.14637422408914982,0.16948881514024774,0.0009080578150940782,6.421516314048807,1.5247616464414064,1.8792263905546172
6044961427,0.24483653270419975,0.5352356748307812,0.0009348568499300924,0.23936902500194965,0.38914670246540173,0.0012567985193972116,4.141941892913603,1.2169342556258502,3.9508728044617447
6044966447,0.2419347689321497,0.3832485400817564,0.0011189786902475515,0.2252919416511861,0.3116320705172741,0.0013387716544492284,3.501304099879871,1.8515337812187984,3.9187579591945303
6044975521,0.08498657468128816,0.5899922348795545,0.002244926515442669,0.05484103894316212,0.15329485432378342,0.0005202739278241544,15.0697350257267,0.2265036737052062,3.3331828703374216
6045501062,0.5435371519172797,0.24941894411442025,0.002029827215173545,0.10550298299299946,0.1309112593181289,0.0008391760436951814,0.0,2.327375500842309,2.1096789602347603
6045504436,0.06898926283871874,0.4491825583124667,0.0023724912367037564,0.06489413465506907,0.1539511955285328,0.0005729848959787189,13.999335638027656,1.167598474901904,2.492700657298198
6045505368,0.0749315793310895,0.2792793609354146,0.0024006950352424283,0.11557512228937693,0.15926150520731727,0.0012974038522677006,8.757354582574226,1.2543409295759942,2.5369106058179836
6045506808,0.6753440223627786,0.16167161834916166,0.002247464124054811,0.3918819301279429,0.10346231631045218,0.000538071399002194,1.6571215131697368,3.098769883618317,2.0986203445010596
6045508512,0.10621616434461904,0.4880498368631853,0.0019508907650903015,0.10723424466062792,0.2304001225219809,0.0013304302004884488,8.91263771751406,2.050964241292183,2.517598490930557
6045512648,0.2962951961228069,0.44484860263179415,0.002025840399846392,0.27603811037780324,0.1874043029130853,0.0012781466239344655,3.0645310547748035,1.3675535751738161,2.8003927523928964
6045517224,0.21331740696376653,0.2692504417853215,0.0021689525362039268,0.1896315181899477,0.1908815689519392,0.0010832382233702906,4.401094466290877,2.6204201367279647,2.734870520159225
6045523048,0.09172284779722654,0.6339383376587743,0.0016851658490324207,0.07871648361404282,0.22462392096752745,0.0009144619503413232,9.810999743076373,0.26774891315802574,3.771684064480066
6045526832,0.10564353119690444,0.4801936099099817,0.002374776716647335,0.11816261183206478,0.2272643536631911,0.000656225119594305,8.071131024291388,0.7184357203627039,3.3922390508186098
6045528844,0.1204414155331438,0.4185990401628505,0.002610678682557675,0.1544701266692977,0.21899579570880687,0.0010420844765162388,6.354830085969894,1.393945733431657,2.7212197409497954
6494667935,0.3223078169818154,0.7171109406977145,0.002477297043294795,0.25739351584064457,0.21312630387693068,0.0005206032094604364,2.5191342227803992,1.1607431411440727,0.7388450190093612
6494668899,0.1293874764568301,0.6624556049481621,0.0017244497092247064,0.2827708222504389,0.31294193511809604,0.0010800446953200828,5.136137576324192,0.5530466371724434,3.147136669569587
6494669993,0.2831844136783433,0.6290014029175202,0.002325191350520101,0.2431240984256401,0.2195247085556887,0.0008542674331769794,3.063054520621077,1.219546861918525,1.7656969815702295
6494673379,0.10012329787126464,0.5151404510398842,0.0021496939615508804,0.07992265942657233,0.1705033046182049,0.0006593148571918136,9.48011486681558,0.3260109439834874,3.329368240961424
6494678493,0.4859012943036645,0.3090902810289789,0.0024552902614265715,0.2326869277975621,0.19467180188595146,0.0011278661849225676,1.6843663734814713,2.8002208067070535,2.064608321804749
6494683873,0.2414268528135796,0.36203999872107023,0.002339620081442193,0.23542794654780086,0.1793237644357919,0.0008735967892378562,3.5571282787162333,2.5721128098361743,1.84508196170309
6494684361,0.2687378290485717,0.2906848897123657,0.0023633849304898515,0.340703989137654,0.2197441335391955,0.0007882528822436228,3.754425825725689,2.310927921158963,2.5398747956332643
6494684929,0.11911349333343275,0.3071154475276468,0.002665045668505755,0.17874856473908535,0.24899691294400214,0.0009488193089252447,6.560879693477247,2.0120573604312897,2.3716221842123346
6494688491,0.35052218898068394,0.44246507312730815,0.00195982972591968,0.4084153991438578,0.29920588828821865,0.0008274025026571688,3.1761123318343762,1.7279352829558678,2.593063161571873
6494691793,0.06769539822434131,0.4956908710200161,0.0016337313620634927,0.1521677004800957,0.1954958192917868,0.0006993224092667192,8.213985302804046,2.3164546210237527,2.3882089399699487
6494694223,0.3278530844377223,0.4695185639993009,0.0018752841884560245,0.3849455770564385,0.27715447397326165,0.000999756563701768,3.2953018749078575,1.6446315739474358,2.7954502785538105
6494696673,0.0808301163698039,0.5551412834445966,0.0020805973216584577,0.1849436940866638,0.22598183662843965,0.0008753818464516767,7.155073368754264,1.4994125206790834,2.536823550851099
6494704507,0.1975426192071344,0.6034761675817912,0.002122338532303872,0.34782345993694297,0.2526391798407435,0.0009100031614219248,4.255146878734729,0.6349851340834611,2.932595918868743
6494711785,0.2805369891648481,0.4686377195717776,0.0024203876309988647,0.2673658448418219,0.1954105425503624,0.0011006755094435613,3.093715961007371,1.629727511838128,2.0034636363002583
6494713897,0.36081062954368254,0.32847960573066554,0.002573049543199264,0.4290455728266527,0.14957462218435771,0.0006817631981900529,3.0717468405729047,1.594024927910606,2.0377018522149286
6624553847,0.2282233845637479,0.466706300189977,0.002246913652302166,0.2301072357038184,0.19965122647408426,0.00123746282951988,3.769223562468117,1.1094491333450387,2.643807336317054
6624557893,0.2484453769636126,0.4384699109930206,0.002388450781209945,0.2306701726004013,0.21149709776975328,0.0012000379371791073,3.5090017249379097,1.153332602803934,2.545544763373138
6624567857,0.2060652321877172,0.3352152456306715,0.0017030258982874353,0.22552033388773696,0.21213457225616086,0.001059650803137885,4.297125587034838,1.8140387185292257,3.449002730499801
6624571617,0.3787689469925821,0.22298461728176405,0.0021700574848413346,0.22449561980437305,0.15842616429521592,0.001105527261669651,2.9260757660016408,3.2137693908707057,2.5203767406433624
6624575811,0.3600693913504984,0.2476899691363112,0.001587532598676106,0.2799657890207495,0.158447493226273,0.0010764318584204444,2.9608799866410003,2.687920382498506,3.532479609136082
6624577709,0.3347035032896709,0.21244046804583855,0.0016307574933641118,0.3077333678146435,0.2046326312739669,0.0011683928135653545,3.3280958173630784,2.643515023086895,3.583333798477356
6624594987,0.2254923462822071,0.2502395579662179,0.0022996561100224805,0.2661081070916882,0.18293488727187449,0.0010815122577435116,4.3165671304122615,2.6319750915979956,2.488050276921983
6624614089,0.29437855082675896,0.20522494116837628,0.002441033244859394,0.3091533624687064,0.16052879406201026,0.000981228319860705,3.646907783752378,2.0690051163196745,2.602742450754224
6624618545,0.25187440349309903,0.2627365928413273,0.002465430348846275,0.1559915722571909,0.14524264532074058,0.0008304762251066458,3.863349708375042,2.8164828805053865,2.3757310419230104
6624622199,0.3306447641679435,0.3493303605919916,0.0030095565653617323,0.19880776629656932,0.1848472010249709,0.000894818804352517,2.4521237797727156,2.3126685477057487,1.262200931694267
6624627301,0.17899605626221055,0.5093964261759916,0.001402912596174725,0.2322754427567169,0.16411904565460234,0.0005908147783009295,5.2574181672600035,1.0492913252984386,3.915100131802679
6624630103,0.266320217000974,0.3637899478089349,0.002238613045029026,0.20065214820326369,0.19811632393393847,0.0011742042552758025,3.294155107307471,2.2024220773539445,2.4854799583349316
6624633633,0.10533909611408043,0.38354893098579584,0.001529242043143632,0.1581203353148608,0.21060006103305984,0.0009181119886592528,6.541910026590472,1.7164919874267204,4.24084089862979
6624637155,0.15315179734056675,0.4943833097313976,0.002076601677760548,0.16342532137013285,0.2047047975791205,0.0009168454681355014,4.750951638280675,0.7742886759770349,3.0649752976542897
6624639513,0.1815519036146083,0.3561824785100777,0.0016666509173949222,0.236918702202552,0.22815898495285525,0.001111311313391973,4.258996438657599,1.4058123499215627,3.563572794729827
8556154591,0.3755709171781925,0.18913147243521214,0.00263028386005366,0.2743963469966037,0.13988668127908646,0.0010509364275006962,2.647981701741924,2.210443494549467,2.068307420150631
8556154803,0.4873805898147754,0.20561441767103214,0.0023486673740866397,0.23777633650106994,0.18027472878518547,0.0011577126082836313,2.422117854510664,2.500069486048183,2.2966477426382896
8556155103,0.504955183768689,0.23781617813082456,0.002393741566064104,0.25209579688117245,0.18876226761127748,0.001204309213057733,2.4373491309120925,2.1085322688980117,2.5452064772051552
8556155157,0.24268136182228334,0.3410378087261147,0.0028049473484555677,0.2603647506672937,0.16368489072281267,0.0009046527127101238,3.466093978214831,1.5698758422082228,2.4334197540752314
8556155563,0.2609493847624865,0.35588351474724333,0.002397915386389561,0.28380869899701444,0.16072629261444915,0.0012127037977069394,3.4491095303757606,1.5868712025434566,2.6383955323405814
8556155993,0.0979653649491844,0.48517347749484,0.002965757375368361,0.14952960466024715,0.17036260701316566,0.0008370228014922965,7.41786790502227,1.360870838244343,1.1210523221848763
8556157009,0.479327288329567,0.2368842122500101,0.0027244904165062193,0.2408379933097628,0.1429857818879933,0.0007845164477687008,1.7315632500844633,2.4046175769231395,1.1459325264550193
8556157095,0.4887745385745508,0.2691985469665272,0.003022634535435345,0.22091687500671728,0.1238023801810978,0.0006117371768402853,1.275405323788575,2.608585691418579,0.38955623854181143
8557264584,0.4965949282642881,0.23106016373564756,0.0024995250442136235,0.25547290569404457,0.18828490366254408,0.0011831748570958586,2.47294995698967,2.1799746838030964,2.4707503647966256
8557265018,0.24483540204565055,0.3706092340444927,0.002673695101883811,0.271363659596296,0.18725694544003246,0.0009083760813564698,3.4843052270251857,1.779215055553557,2.486487223833061
8557265366,0.31508048859256865,0.3456444686470105,0.002274203542226986,0.3677002651291423,0.14687790583756444,0.0009750868273904624,3.3331335705177265,0.7324452545418323,3.398236693487694
8557265820,0.22782129749007995,0.3988684381645767,0.003486648068691032,0.2418179285921997,0.14738717651796127,0.0004532046645599538,3.3642502783765416,1.1058600537162255,0.0
8557266074,0.2115331070014068,0.447068716170371,0.0022668448955528104,0.2746997943174436,0.18878982080969825,0.001072308355342182,3.6858212028781017,0.8655144068888689,3.065142527470671
8557266302,0.22456390031306644,0.3542308951043024,0.0028412287786745605,0.2714269806169865,0.17192913146658104,0.001000434286388386,3.7740134099639207,1.598222040631783,2.082186730128271
8557266548,0.2629590205733052,0.3340504559547899,0.0028971477841853825,0.28721083118435137,0.1772937593132814,0.0010243305240494817,3.4373623666441824,1.8337952989268387,1.9013654962687525
9960411914,0.3919072525865833,0.18008445676622006,0.0020576318957121766,0.2748282111434409,0.19227901170979148,0.0013271658857245984,2.717524435722424,2.9753635564265286,2.9175886238481477
9960426144,0.3632808568378729,0.14653099240645093,0.002415435458156081,0.3207625136190319,0.16703286941183554,0.0013667695189690141,3.025236404538355,2.5224259680959573,2.7142954446473895
9960455216,0.3937737477257926,0.20619794778839048,0.0017273326054080098,0.3128916214461729,0.19432467139067816,0.0012542789882183214,2.9708404041899357,2.323724134303907,3.478856474932381
