1043162809,0.0,0.0,0.8735893333333333,0.0,0.0,0.05666133333333333,0.0,0.0,0.01953066666666667,0.0,0.05021866666666666
1043162867,0.5106773333333333,0.0,0.0,0.411072,0.0,0.0,0.0,0.0,0.0,0.07825066666666665,0.0
11165601563,0.2749341317365269,0.005754491017964072,0.027790419161676648,0.22200598802395208,0.2152814371257485,0.00020958083832335326,0.11294610778443115,0.048682634730538916,0.0015269461077844313,0.06849101796407185,0.02237724550898204
121465108,0.05422,0.0,0.638344,0.171628,2.4e-05,0.002108,0.0595,2.4e-05,0.016676,0.021692,0.035784
121717601,0.151872,0.117968,0.372556,0.173216,8.8e-05,0.0,0.007132,0.069328,0.000376,0.107448,1.6e-05
121717602,0.117432,0.20206,0.397884,0.206352,0.011584,4e-06,0.002184,0.002376,0.000504,0.015059999999999999,0.04456
121717603,0.102396,0.0,0.666888,0.042764,0.000576,4.4e-05,0.039956,1.6e-05,0.002592,0.137928,0.00684
126338879,0.10012,4e-06,0.447732,0.134812,0.00023199999999999997,0.06828,0.05470800000000001,0.012264,0.072712,0.032268,0.076868
141676584,0.10991740412979352,0.6373333333333333,0.12217699115044248,0.0672212389380531,0.03137463126843657,0.00303834808259587,0.0027374631268436574,0.00536283185840708,0.003964601769911504,0.011032448377581121,0.0058407079646017705
141676685,0.22224927536231884,0.3755188405797101,0.08024347826086958,0.12146666666666668,0.018828985507246376,0.0038550724637681157,0.04863188405797102,0.03810434782608696,0.0046956521739130435,0.05513043478260869,0.03127536231884058
141676774,0.3884747774480712,0.261186943620178,0.06665875370919881,0.08786350148367952,0.01802373887240356,0.009881305637982195,0.07830860534124627,0.03167952522255193,0.0056439169139465865,0.033863501483679524,0.018415430267062317
141676823,0.09504504504504503,0.6117837837837837,0.018762762762762758,0.07763363363363365,0.09375375375375376,0.0010270270270270273,0.02493093093093093,0.013315315315315315,0.00018018018018018016,0.060678678678678676,0.002888888888888889
1463310259,0.1255508982035928,0.031461077844311375,0.19753892215568866,0.20120958083832333,0.15646107784431135,0.0,0.00011976047904191617,0.0006467065868263473,0.0,0.2860299401197605,0.0009820359281437123
1464161634,0.14739520958083832,0.1838982035928144,0.12895808383233534,0.14824550898203592,0.13868263473053893,0.0,0.00021556886227544906,0.0005688622754491017,0.0,0.24680239520958086,0.005233532934131736
1464170518,0.1298708133971292,0.06601913875598088,0.5611531100478468,0.05240191387559809,0.1844928229665072,0.0,0.0,0.0004545454545454546,0.0014641148325358852,1.9138755980861247e-05,0.004124401913875598
1469173249,0.049692307692307695,0.0,0.41981818181818176,0.001020979020979021,0.00020979020979020976,0.00011188811188811189,0.025762237762237763,0.0,0.0006433566433566432,0.5024895104895105,0.0002517482517482517
1535297933,0.3862986666666666,3.733333333333333e-05,0.00336,0.147904,0.36705066666666664,0.0,0.002992,7.466666666666666e-05,5.333333333333334e-06,0.09202133333333333,0.000256
1635527310,0.5900745341614906,0.0030434782608695647,0.09526086956521737,0.028801242236024843,0.2206211180124224,0.001863354037267081,0.000639751552795031,0.0013540372670807453,0.0035714285714285718,0.0302111801242236,0.024559006211180123
1973118421,0.015651651651651652,0.0007447447447447447,0.101993993993994,0.5300900900900901,0.07177177177177177,0.0,0.018072072072072072,0.003501501501501501,0.0,0.2454834834834835,0.012690690690690691
2058811887,0.11771428571428573,0.4645357142857143,0.1353452380952381,0.20014285714285715,0.013095238095238096,0.0006547619047619047,0.008857142857142859,0.004619047619047619,0.013928571428571427,0.03536904761904762,0.005738095238095238
2155423363,0.117009009009009,0.12154354354354355,0.14467867867867867,0.10995195195195197,0.2867147147147147,4.204204204204204e-05,0.0015975975975975974,0.0003003003003003003,1.8018018018018016e-05,0.2132852852852853,0.004858858858858858
2155426433,0.06709411764705882,0.05797058823529413,0.17708823529411766,0.1605470588235294,0.2321764705882353,0.0,0.004611764705882353,0.0003,5.882352941176471e-06,0.2937235294117647,0.00648235294117647
2155432849,0.20863063063063064,0.048984984984984985,0.07373573573573572,0.21499099099099103,0.2967627627627628,0.0,0.0015255255255255257,0.0024864864864864865,6.006006006006007e-06,0.15254054054054053,0.0003363363363363364
2155435775,0.2541321321321321,0.3486006006006006,0.002138138138138138,0.15438438438438434,0.14987987987987988,0.0,0.0011651651651651653,0.00039639639639639637,0.0,0.08928528528528527,1.8018018018018016e-05
2155438737,0.3073633633633633,0.07300300300300298,0.003885885885885885,0.1863903903903904,0.3285945945945946,0.0,0.00033033033033033035,0.00016816816816816817,0.0,0.10018018018018017,8.408408408408409e-05
2156224882,0.2440540540540541,0.007267267267267267,0.12613813813813815,0.20192192192192196,0.25704504504504505,3.603603603603604e-05,0.002600600600600601,0.0020660660660660655,1.2012012012012014e-05,0.15426426426426426,0.004594594594594594
2252520847,0.2149151515151515,0.2797939393939394,0.18780606060606064,0.1071030303030303,0.12226666666666665,0.016387878787878788,0.0026848484848484852,0.0038727272727272725,0.011266666666666666,0.05211515151515152,0.001787878787878788
2253322020,0.04883625730994152,0.2440292397660819,0.09271345029239766,0.2287953216374269,0.18995906432748536,0.008292397660818716,0.004461988304093567,0.011169590643274855,0.0018187134502923976,0.15430409356725147,0.015619883040935673
2253323890,0.12944954128440367,0.2590764525993884,0.22804892966360854,0.09361467889908257,0.15028746177370034,0.030776758409785925,0.0065688073394495426,0.004012232415902141,0.008862385321100917,0.08361467889908257,0.005688073394495413
2310970540,0.030456521739130438,0.5852663043478261,0.06069021739130435,0.004597826086956522,0.00903804347826087,0.029391304347826087,0.0005326086956521741,0.0007119565217391303,0.0004673913043478261,4.347826086956522e-05,0.2788043478260869
2310975000,0.34636266666666665,0.0031466666666666665,0.17793066666666665,0.002309333333333333,0.02437866666666667,0.054208,0.001056,0.0004746666666666666,0.007823999999999998,0.0005013333333333333,0.381808
2311441991,0.12738414634146342,0.3604329268292683,0.08936585365853658,0.2577378048780488,0.004414634146341463,0.0014451219512195124,0.027304878048780488,0.00036585365853658537,0.001,0.12871341463414634,0.0018353658536585363
2312250788,0.7104191616766468,0.14082634730538926,0.06504191616766467,0.04431736526946108,0.013844311377245507,0.005317365269461078,0.00011377245508982036,0.0019161676646706587,0.0043532934131736535,0.00016167664670658683,0.01368862275449102
2676126339,0.17620266666666667,0.2785333333333333,0.00944,0.44383466666666666,0.01920533333333333,0.0,0.0006293333333333333,0.0005813333333333333,8e-05,0.07048533333333333,0.001008
2676126953,0.18087466666666666,0.3148853333333333,0.02526933333333333,0.08215999999999998,0.02202666666666667,2.133333333333333e-05,0.00020266666666666667,0.00168,0.000144,0.36549866666666664,0.007237333333333333
2676127513,0.300512,0.2881546666666667,0.009232,0.07657066666666665,0.021264,0.0,0.00042133333333333335,0.002,1.0666666666666667e-05,0.30156266666666665,0.000272
2676127989,0.35175466666666666,0.3074933333333333,0.0,0.061797333333333336,0.0048053333333333325,0.0,0.00020266666666666667,0.00018133333333333331,0.0,0.27376533333333336,0.0
2676129389,0.2465013333333333,0.65632,5.333333333333333e-05,0.07869866666666665,0.008757333333333334,0.0,1.6e-05,0.0009546666666666668,0.0,0.008698666666666667,0.0
2676129841,0.23356799999999997,0.2888426666666667,1.0666666666666667e-05,0.2672853333333333,0.015301333333333332,0.0,4.8e-05,0.0005493333333333333,0.0,0.19439466666666666,0.0
2676130413,0.191712,0.07936,0.058208,0.09765866666666669,0.046208,0.000272,0.000272,0.003776,0.0007519999999999998,0.4975093333333334,0.024272
2676130961,0.378944,0.4681653333333333,0.0028533333333333327,0.119216,0.008784,0.0,0.002474666666666667,0.0027466666666666672,0.0,0.01678933333333333,2.666666666666667e-05
2676945414,0.33802666666666664,0.316768,0.014991999999999998,0.029616000000000003,0.033637333333333325,0.0,0.000608,0.002602666666666667,3.733333333333333e-05,0.263136,0.000576
2676945944,0.35683076923076923,0.5017487179487179,0.00014358974358974358,0.08732820512820513,0.007861538461538461,0.0,0.0008717948717948719,0.0007846153846153847,0.0,0.04441538461538461,1.5384615384615384e-05
2677780629,0.20861866666666667,0.010384,0.022058666666666667,0.2647893333333333,0.08170666666666665,0.00014933333333333332,0.0024266666666666672,0.006149333333333333,0.000928,0.3958453333333333,0.006944
2681568311,0.4513725490196078,0.24015686274509804,0.004280112044817927,0.04696918767507003,0.024330532212885152,0.0,0.00014005602240896358,0.0019719887955182073,0.0024201680672268906,0.2283585434173669,0.0
2710777669,0.011002666666666666,0.325008,0.008314666666666666,0.4502293333333333,0.008399999999999998,0.00018133333333333331,0.020650666666666668,0.006576,6.933333333333333e-05,0.16952,4.8e-05
2836674932,0.0547872340425532,0.005824468085106383,0.19354255319148936,0.048606382978723404,0.10047340425531914,0.006111702127659575,0.0010851063829787233,0.00015425531914893618,1.0638297872340426e-05,0.07825531914893617,0.5111489361702127
2843414085,0.3777062937062937,0.0,0.0,0.3832773892773893,0.0,0.0,0.0,0.0,0.0,0.239016317016317,0.0
298035843,0.07852252252252252,0.7452792792792794,0.052504504504504494,0.04564564564564565,0.029903903903903906,0.0002042042042042042,0.0013393393393393393,0.0013633633633633633,3.603603603603604e-05,0.019303303303303303,0.025897897897897898
298036269,0.04306306306306306,0.6256036036036036,0.10563963963963964,0.0943003003003003,0.026486486486486487,0.0007447447447447447,0.004396396396396396,0.0028708708708708713,0.0006306306306306306,0.053729729729729725,0.04253453453453453
298036660,0.1386746987951807,0.586987951807229,0.04231325301204819,0.09056024096385543,0.0168855421686747,0.0003855421686746988,0.003524096385542169,0.002969879518072289,9.638554216867468e-05,0.09713855421686747,0.020463855421686748
298037362,0.08131531531531531,0.5596096096096096,0.1004144144144144,0.07708708708708707,0.01401801801801802,0.0013573573573573573,0.006576576576576576,0.0037057057057057054,0.00048048048048048047,0.1197957957957958,0.03563963963963964
298037756,0.09994594594594594,0.5314894894894895,0.10821621621621623,0.09885285285285285,0.016852852852852852,0.0015735735735735734,0.004522522522522522,0.003057057057057057,0.0008528528528528529,0.08123123123123123,0.05340540540540541
298038233,0.13157357357357358,0.15007807807807808,0.07065465465465465,0.30182582582582584,0.020288288288288287,0.0,0.017123123123123123,0.042834834834834835,0.007453453453453453,0.25786786786786786,0.0003003003003003003
298346556,0.3105945945945946,0.08127327327327326,0.038678678678678684,0.2531711711711712,0.02660660660660661,7.807807807807808e-05,0.0004024024024024024,0.019441441441441443,0.0007387387387387387,0.2627747747747748,0.00624024024024024
3285844504,0.4422118863049096,0.009069767441860464,0.12839793281653747,0.049426356589147284,0.07024289405684754,1.0335917312661501e-05,0.00045994832041343673,0.006062015503875968,0.0007390180878552973,0.2930387596899225,0.00034108527131782945
3293930572,0.10712596401028278,0.008257069408740358,0.1370745501285347,0.12052956298200515,0.08230848329048841,0.0005604113110539846,0.0004935732647814909,0.0035784061696658093,0.0019845758354755786,0.5278817480719794,0.010205655526992288
3298078412,0.300814371257485,0.4631976047904192,0.0605748502994012,0.13465868263473055,0.02161077844311377,4.790419161676647e-05,0.0020479041916167664,0.0128562874251497,0.001,0.003125748502994012,6.58682634730539e-05
3393443276,0.04773573573573574,0.2460780780780781,0.2262162162162162,0.09835435435435436,0.12953753753753755,0.005369369369369369,0.01736936936936937,0.012348348348348349,0.0004864864864864865,0.05150150150150149,0.16500300300300302
3411837455,0.15644444444444444,0.18833633633633634,0.44819819819819817,0.02753153153153153,0.018264264264264262,0.061555555555555565,0.0021261261261261255,0.00013213213213213214,0.0023123123123123127,0.007375375375375373,0.08772372372372371
3412640408,0.019363363363363358,0.4695975975975976,0.2632072072072072,0.04002402402402402,0.01866066066066066,0.06416216216216217,0.0017117117117117118,0.0005585585585585586,0.0030510510510510513,0.009873873873873873,0.1097897897897898
3412641574,0.2257177177177177,0.2768108108108108,0.3232432432432432,0.024642642642642643,0.004546546546546546,0.08134534534534536,0.00427027027027027,0.00010810810810810812,0.005123123123123123,0.01103903903903904,0.04315315315315316
3580287701,0.272784,0.11625066666666667,0.011674666666666668,0.368144,0.043744,0.0,0.0013813333333333336,0.002944,7.466666666666666e-05,0.18223466666666666,0.000768
3580290951,0.183776,0.20588266666666666,0.014581333333333332,0.12308800000000002,0.22039466666666666,2.666666666666667e-05,0.007568,0.007893333333333334,0.0017333333333333333,0.163232,0.071824
3580293337,0.15237866666666666,0.342928,0.013546666666666669,0.347888,0.05468266666666666,0.0003573333333333333,0.005717333333333333,0.004837333333333333,0.000736,0.06884266666666665,0.008085333333333333
3580294479,0.007349333333333333,0.15732266666666667,0.11748266666666668,0.31544,0.0004586666666666666,0.0,0.32616,0.074704,0.00022400000000000002,0.0008,5.8666666666666665e-05
3580295641,0.2582986666666667,0.11413333333333335,0.055632,0.22424533333333327,0.095024,0.00034666666666666667,0.005744,0.005616,0.004442666666666667,0.18391466666666667,0.052602666666666666
3581097520,0.13717866666666667,0.024261333333333333,0.0052693333333333325,0.46896,0.012186666666666669,0.0,0.0066026666666666655,0.003072,0.0,0.342464,5.333333333333334e-06
3581099408,0.174976,0.2812053333333333,0.02109866666666667,0.13474133333333332,0.14869333333333334,0.0,0.009210666666666669,0.0033066666666666665,0.0002666666666666667,0.22517866666666667,0.0013226666666666669
3581102242,0.142032,0.25677866666666666,0.05803733333333334,0.04205866666666666,0.20424533333333333,0.000304,0.010304,0.0036906666666666663,0.000976,0.06538133333333332,0.216192
3581102998,0.18962666666666667,0.539968,0.0058506666666666655,0.12005333333333333,0.07203733333333333,1.6e-05,0.001168,0.006768,4.8e-05,0.059610666666666666,0.0048533333333333345
3581134014,0.09751466666666665,0.6310933333333333,0.057509333333333336,0.11006933333333334,0.021664,0.0003093333333333333,0.011653333333333332,0.015024,0.0006613333333333333,0.05043733333333333,0.004064
3581135722,0.08248533333333331,0.43033066666666653,0.11476800000000001,0.18042133333333327,0.015376,0.001088,0.017957333333333332,0.017408,0.000976,0.118816,0.02037333333333333
3581136634,0.2909813333333333,0.23652266666666666,0.191296,0.10123733333333332,0.032693333333333324,0.00416,0.042656,0.03242666666666666,0.004373333333333333,0.046912,0.016741333333333334
3764183351,0.051592,0.755024,0.0,0.001252,7.999999999999998e-06,0.0,0.0,0.0,0.0,0.192124,0.0
3764183447,0.050024,0.796292,4e-06,0.002884,0.000196,0.0,0.0,0.000392,0.0,0.150208,0.0
3764980144,0.111516,0.537656,0.0,0.073748,0.016216,0.0,0.001484,0.00392,0.0,0.25546,0.0
3764980292,0.0997,0.471196,0.0,0.17716,0.040784,0.0,0.005432,0.005988,0.0,0.19974,0.0
3769106675,0.26560533333333336,0.18831466666666666,0.0184,0.08793066666666667,0.09205866666666665,3.733333333333333e-05,0.00021866666666666668,0.001664,3.2e-05,0.3419733333333333,0.0037653333333333328
3769113313,0.11395733333333333,0.4873866666666666,0.07304533333333332,0.11846400000000001,0.03770666666666666,0.0017386666666666664,0.000928,0.004448,0.002624,0.13571733333333333,0.023984
3769118443,0.19767466666666667,0.3068,0.20394133333333334,0.005109333333333333,0.01008,0.0038346666666666663,3.733333333333333e-05,0.000416,0.002901333333333333,0.044565333333333325,0.22464
3769128287,0.17424533333333336,0.006117333333333333,0.260544,0.3521546666666667,0.032272,0.02538666666666666,0.0006026666666666667,0.00072,0.0016853333333333336,0.0008319999999999998,0.14544
3769134635,0.33336,0.02763733333333333,0.018714666666666668,0.2716,0.17685333333333333,6.933333333333333e-05,0.005162666666666667,0.003232,0.000208,0.156752,0.006410666666666665
3769135761,0.051029333333333336,0.008437333333333333,0.06183466666666668,0.799824,0.005813333333333334,0.002752,0.00016533333333333333,0.0012266666666666667,0.001696,0.001216,0.06600533333333332
3769138653,0.10140266666666667,0.03116266666666667,0.15342933333333333,0.40924266666666653,0.013904,0.012656,0.000544,0.0002506666666666667,0.003605333333333333,0.014608,0.2591946666666667
3769149129,0.11709866666666667,0.0030453333333333326,0.38121066666666653,0.3156266666666667,0.031077333333333325,0.012725333333333332,0.004266666666666666,0.012170666666666666,0.0019893333333333334,0.00264,0.11814933333333333
3769911112,0.12738666666666668,0.441408,0.09949866666666665,0.10610133333333334,0.08314666666666666,0.0004053333333333333,0.000208,0.008682666666666665,0.0011786666666666664,0.11900799999999999,0.012976
3769914248,0.19225066666666665,0.4823733333333333,0.06419733333333333,0.09818133333333333,0.051728,0.0017546666666666667,0.00034666666666666667,0.013536,0.0016906666666666667,0.07473066666666665,0.019210666666666668
3769922282,0.17381866666666668,0.11908266666666667,0.16515733333333332,0.06162133333333333,0.05567999999999999,0.007434666666666666,0.000928,0.003685333333333333,0.0061653333333333326,0.3268533333333333,0.07957333333333333
3769926194,0.062512,0.413008,0.038698666666666666,0.2700853333333333,0.07727466666666667,0.0,0.0020106666666666667,0.0017546666666666667,6.933333333333333e-05,0.13356266666666666,0.001024
3769932632,0.413584,0.06650133333333333,0.04016,0.18312,0.079152,0.035664,0.011952,0.00978666666666667,0.03178133333333333,0.10585066666666666,0.022448
3769935968,0.03027733333333333,0.006928,0.07661333333333335,0.7824853333333333,0.007888,0.006250666666666666,0.00032,0.0009866666666666667,0.007685333333333333,0.002256,0.07830933333333331
3769942572,0.049877333333333336,0.122544,0.12011199999999998,0.52328,0.025888,0.02637333333333333,0.010970666666666668,0.008975999999999998,0.006688,0.01674666666666667,0.088544
3825152325,0.2252132132132132,0.2675975975975976,0.10794594594594596,0.04810810810810811,0.03157357357357357,0.0011291291291291288,0.0011171171171171172,0.0004024024024024024,0.0007867867867867867,0.31416816816816817,0.0019579579579579575
3825156933,0.4433993993993994,0.06513513513513514,0.2469249249249249,0.008042042042042043,0.013075075075075077,0.04088288288288288,0.00038438438438438444,0.0002222222222222222,0.0092012012012012,0.1072972972972973,0.06543543543543544
3825161603,0.0960720720720721,0.04633033033033032,0.33655255255255256,0.31743543543543545,0.04422822822822823,0.0008708708708708709,0.005243243243243243,0.00013213213213213214,0.0025345345345345344,0.1505045045045045,9.609609609609608e-05
3825197145,0.2321921921921922,2.4024024024024028e-05,0.27784384384384386,0.39666066066066064,0.017117117117117116,0.0017537537537537535,0.001309309309309309,7.807807807807808e-05,0.0002882882882882883,0.06331531531531531,0.009417417417417416
3825200937,0.4348288288288288,0.0042282282282282285,0.2281441441441441,0.0163003003003003,0.013891891891891892,0.019843843843843845,0.00048048048048048047,0.0009609609609609607,0.005267267267267267,0.2107927927927928,0.06526126126126126
3825204493,0.0821981981981982,6.006006006006007e-06,0.09385585585585586,0.7361321321321322,0.036960960960960965,0.0,0.0017957957957957958,6.606606606606607e-05,1.8018018018018016e-05,0.048966966966966965,0.0
3825211711,0.08672,0.005632,0.42377066666666663,0.41805866666666663,0.02488,0.0,0.010949333333333332,0.00016,8e-05,0.029664,8.533333333333334e-05
3825228367,0.18196996996997,0.0916036036036036,0.3907387387387387,0.03076876876876877,0.007597597597597597,0.01024024024024024,0.006426426426426426,0.0007267267267267268,0.0065645645645645645,0.2212912912912913,0.05207207207207208
3825966954,0.18594594594594596,0.11612012012012013,0.18891891891891893,0.2767867867867868,0.02175975975975976,0.00014414414414414415,0.0095015015015015,0.0015135135135135136,0.008192192192192192,0.19108108108108107,3.603603603603604e-05
3825983374,0.09715915915915917,0.0,0.2760900900900901,0.580930930930931,0.03772372372372372,0.0,0.0004084084084084084,6.006006006006007e-06,7.807807807807808e-05,0.007603603603603603,0.0
3825993336,0.14556156156156155,6.006006006006007e-06,0.17832432432432432,0.6166786786786786,0.035057057057057056,0.0,0.0006606606606606607,0.0001021021021021021,0.00016816816816816817,0.023441441441441443,0.0
3826010074,0.10724924924924924,0.0,0.2977297297297297,0.5514054054054054,0.0392972972972973,0.0,0.0020540540540540547,0.0,0.0002042042042042042,0.0020540540540540547,6.006006006006007e-06
3826017230,0.11121921921921922,6.006006006006007e-06,0.13446846846846847,0.7138078078078078,0.03342342342342342,0.0,0.0005705705705705706,3.003003003003003e-05,0.00025825825825825824,0.006216216216216216,0.0
3826021908,0.17904504504504504,0.00016816816816816817,0.2932072072072072,0.4131471471471471,0.01613813813813814,0.003045045045045045,0.0022402402402402397,4.204204204204204e-05,0.00027627627627627627,0.07011411411411411,0.022576576576576576
38385288,0.24875528700906346,0.05326283987915408,0.07652567975830815,0.10785498489425982,0.09579456193353476,0.013546827794561931,0.04156495468277946,0.01865861027190332,0.004302114803625377,0.25821752265861025,0.08151661631419939
38386804,0.14892492492492493,0.217981981981982,0.008216216216216219,0.02544144144144144,0.5556876876876877,3.603603603603604e-05,0.001951951951951952,0.0007567567567567568,0.00018618618618618615,0.03545345345345345,0.005363363363363363
38387743,0.2884216867469879,0.19740361445783133,0.15430120481927712,0.07289759036144579,0.12387951807228915,0.0015240963855421687,0.02168674698795181,0.0010783132530120482,0.00019277108433734936,0.12989156626506024,0.00872289156626506
38388916,0.2762477341389728,0.16651963746223564,0.29604229607250754,0.031184290030211483,0.03143202416918429,0.05592749244712991,0.06634441087613294,0.003546827794561933,0.002229607250755287,0.034954682779456195,0.035570996978851965
38389924,0.12698795180722894,0.5034638554216867,0.10220481927710844,0.050915662650602406,0.02984939759036145,0.011433734939759035,0.029246987951807225,0.0018493975903614453,0.001072289156626506,0.11406024096385542,0.028915662650602414
38391649,0.2154454277286136,0.16912094395280236,0.08289085545722714,0.02425368731563422,0.2562713864306785,0.0536165191740413,0.022271386430678462,0.002230088495575221,0.015492625368731562,0.05522123893805309,0.1031858407079646
38392491,0.20843373493975906,0.5382771084337349,0.062030120481927714,0.045927710843373486,0.043084337349397595,0.005403614457831325,0.028644578313253007,0.001710843373493976,0.0012108433734939758,0.05712048192771085,0.008156626506024096
38394496,0.03932530120481928,0.7358192771084338,0.05566265060240964,0.01160843373493976,0.021343373493975904,0.02464457831325301,0.02137951807228916,0.0022590361445783127,0.006325301204819277,0.047969879518072286,0.03366265060240964
38396135,0.2797597597597597,0.09977177177177177,0.25007207207207205,0.030342342342342343,0.03442042042042042,0.05332132132132132,0.07802402402402403,0.0014774774774774775,0.003903903903903904,0.1223963963963964,0.046510510510510514
38397358,0.09797032640949553,0.31214243323442137,0.07351335311572701,0.030166172106824925,0.22423145400593472,0.016789317507418397,0.0843679525222552,0.0010207715133531156,0.0022433234421364986,0.07708605341246291,0.08046884272997033
38398055,0.21281305637982195,0.3772225519287834,0.0987893175074184,0.05407715133531157,0.09777448071216616,0.003661721068249258,0.039513353115727005,0.0014421364985163206,0.0008724035608308606,0.09512759643916914,0.01870623145400593
38399148,0.23429253731343286,0.1646089552238806,0.07899104477611939,0.02461492537313433,0.2395582089552239,0.03715223880597015,0.00848955223880597,0.0010268656716417913,0.004011940298507463,0.060835820895522384,0.1464179104477612
3863809775,0.7915649546827794,0.0,0.0,0.17259818731117826,0.0,0.0,0.0,0.0,0.0,0.03583685800604229,0.0
3893218482,0.24894,0.0008279999999999999,0.366428,0.263636,0.072476,0.000452,0.006368,0.003112,0.00966,0.022332,0.005768
3975540357,0.16980266666666666,0.12495999999999999,0.031701333333333324,0.026634666666666668,0.5995413333333334,0.0,8e-05,0.0004906666666666667,5.333333333333334e-06,0.029424,0.01736
3975541205,0.16830933333333334,0.20619733333333332,0.02459733333333333,0.04069866666666666,0.5278986666666666,5.333333333333333e-05,0.00034666666666666667,0.0005493333333333333,0.00010133333333333332,0.009450666666666666,0.02179733333333333
3976302614,0.07104533333333334,0.25865066666666664,0.08261866666666667,0.035952,0.4719093333333334,5.8666666666666665e-05,0.0002613333333333333,0.0005226666666666666,5.8666666666666665e-05,0.029258666666666662,0.049664
3980160281,0.317312,0.553936,0.036672,0.018768,0.07215466666666667,5.333333333333334e-06,6.4e-05,0.000192,2.666666666666667e-05,0.0004586666666666666,0.00041066666666666666
3980162135,0.20792,0.684816,0.03380266666666667,0.0312,0.03885333333333333,5.333333333333334e-06,0.00021333333333333333,0.0009386666666666666,2.133333333333333e-05,0.001728,0.0005013333333333333
3980164081,0.2555093333333333,0.320656,0.009450666666666666,0.3766346666666667,0.031792,0.0,0.00016,0.00056,0.0,0.005221333333333333,1.6e-05
3980165849,0.12018666666666665,0.4789973333333333,0.14338133333333333,0.06994666666666667,0.084,0.005664,0.0039626666666666656,0.0038986666666666666,0.0009493333333333332,0.031701333333333324,0.057312
3980167079,0.2281493333333333,0.44514666666666663,0.013962666666666668,0.21242133333333327,0.02803733333333333,1.6e-05,0.0013066666666666667,0.0025386666666666665,3.2e-05,0.06458666666666667,0.0038026666666666664
3980168507,0.10920533333333332,0.62616,0.05460266666666666,0.12656533333333336,0.02136533333333333,9.066666666666667e-05,0.006490666666666665,0.0025493333333333327,0.00011200000000000001,0.043269333333333326,0.009589333333333332
3980170413,0.08384533333333331,0.5270293333333333,0.000704,0.3054613333333333,0.015669333333333334,0.0,0.000176,0.00023466666666666666,0.0,0.06688,0.0
3980922146,0.15005333333333334,0.4525013333333333,0.0007413333333333333,0.17660266666666666,0.11105599999999999,0.0,0.00016,0.000176,0.0,0.10868266666666666,2.666666666666667e-05
3980924038,0.05216533333333333,0.2452053333333333,0.3224853333333333,0.068752,0.02581333333333333,0.006544,0.0016746666666666668,0.004666666666666667,0.000208,0.12082133333333335,0.151664
3980925432,0.2879093333333333,0.4864266666666666,0.02285333333333333,0.14639466666666667,0.04317333333333333,0.0,0.0009333333333333332,0.0013973333333333331,1.6e-05,0.008890666666666665,0.0020053333333333334
3980928580,0.094112,0.6034186666666665,0.052794666666666656,0.14378666666666667,0.02368,0.00010666666666666668,0.008975999999999998,0.0016586666666666664,0.000176,0.06112,0.010170666666666666
3980930572,0.06976533333333332,0.559936,0.033146666666666665,0.205936,0.017168,1.0666666666666667e-05,0.0013013333333333336,0.0011733333333333333,6.4e-05,0.10616533333333332,0.005333333333333333
399609903,0.175216,0.0,0.810256,0.00308,0.005744,0.0,0.0,0.000496,0.000268,0.0,0.00494
399609906,0.078632,0.0,0.710768,0.001368,0.000168,0.021704,0.001036,0.000192,0.070312,0.000888,0.114932
4049643997,0.07485333333333331,0.632192,0.076208,0.05549866666666666,0.051157333333333325,0.0008586666666666666,0.008453333333333334,0.025578666666666663,0.004453333333333333,0.041669333333333336,0.02907733333333333
4049644769,0.06179199999999999,0.64704,0.060085333333333324,0.05216,0.036773333333333325,0.001546666666666667,0.011797333333333332,0.024714666666666663,0.002778666666666667,0.064032,0.03728
4049644885,0.07314666666666665,0.6743093333333333,0.044565333333333325,0.04447466666666666,0.051029333333333336,0.0008533333333333333,0.007482666666666667,0.019136,0.0018773333333333333,0.04690133333333334,0.036224
4049644957,0.111728,0.5607946666666666,0.08737599999999998,0.03014933333333333,0.057141333333333336,0.0036266666666666665,0.003397333333333333,0.020384,0.004384,0.06530666666666667,0.055712
4049645329,0.25610666666666665,0.2639733333333333,0.032837333333333336,0.21427733333333326,0.033605333333333334,5.333333333333334e-06,0.0043413333333333325,0.038288,0.0016106666666666667,0.15402666666666667,0.000928
4049645675,0.06634133333333334,0.6773066666666666,0.08386133333333333,0.051109333333333326,0.03353066666666667,0.0011093333333333333,0.005146666666666666,0.03398933333333334,0.003845333333333333,0.01910933333333333,0.024650666666666668
4050389546,0.07853333333333333,0.651424,0.047424,0.05975466666666665,0.041877333333333336,0.00104,0.010938666666666666,0.029258666666666662,0.0030506666666666672,0.050373333333333326,0.026325333333333333
4050389654,0.057696,0.6427146666666665,0.043376,0.06233066666666666,0.037637333333333335,0.0014453333333333336,0.012656,0.024986666666666667,0.0028693333333333327,0.08324266666666667,0.03104533333333333
4050389806,0.050432,0.6586026666666666,0.05183466666666666,0.051445333333333336,0.03714666666666666,0.0014026666666666664,0.012154666666666666,0.020778666666666668,0.0032479999999999996,0.08377066666666666,0.029184
4050389952,0.01744,0.6168906666666667,0.07989333333333333,0.09388800000000001,0.026197333333333333,0.0019093333333333332,0.019072,0.028944,0.004378666666666667,0.07863466666666667,0.032752
4050390500,0.090736,0.4522453333333333,0.10183466666666667,0.118672,0.06113066666666666,0.0018506666666666667,0.0028426666666666665,0.021690666666666667,0.005152,0.11855466666666667,0.025290666666666663
4050390564,0.14352533333333334,0.3982346666666666,0.08557333333333332,0.09195733333333331,0.046629333333333335,0.00042133333333333335,0.0014986666666666664,0.033248,0.00432,0.1869333333333333,0.007658666666666667
4050390666,0.056144,0.35469333333333336,0.12279466666666665,0.3109973333333333,0.011402666666666669,1.0666666666666667e-05,0.008069333333333333,0.01617066666666667,0.0014293333333333332,0.11785599999999999,0.000432
4050390886,0.055941333333333336,0.358912,0.13328533333333334,0.28846933333333336,0.03088533333333333,2.666666666666667e-05,0.0017386666666666664,0.013728,0.001466666666666667,0.114016,0.0015306666666666667
4050391020,0.032245333333333334,0.4640266666666666,0.22891199999999998,0.06448,0.033712,0.0012373333333333331,0.002933333333333333,0.024864,0.005504,0.12144,0.02064533333333333
4184448882,0.07464,1.0666666666666667e-05,0.2948373333333333,0.024112,0.29488,0.000144,0.00022400000000000002,2.666666666666667e-05,0.0011306666666666668,0.2686613333333333,0.041333333333333326
4511272595,0.5164106666666666,0.002805333333333333,0.0008746666666666667,0.09211200000000001,0.0002613333333333333,0.0,0.000624,0.002469333333333333,0.0,0.38444266666666665,0.0
4518837939,0.15509333333333333,0.3588213333333333,0.06985066666666667,0.40724266666666653,0.007381333333333333,0.0,0.0,0.000688,1.0666666666666667e-05,0.0,0.000912
4519468214,0.4676853333333333,0.38643733333333335,0.061066666666666665,0.06870933333333333,0.01254933333333333,0.0,0.0,0.0008373333333333334,5.333333333333334e-06,0.0020426666666666666,0.0006666666666666666
4646920935,0.329696,0.13282133333333335,0.06553066666666667,0.054272,0.03933866666666666,0.0,0.00011733333333333333,0.0018293333333333332,0.0016533333333333333,0.3647733333333333,0.009968
4646923867,0.062170666666666666,0.002789333333333333,0.002933333333333333,0.013786666666666666,0.3631466666666667,0.0,0.00013866666666666666,0.000176,0.0,0.544144,0.01071466666666667
4646924081,0.264736,0.0464,0.001376,0.010602666666666666,0.363152,0.0,9.6e-05,0.000912,0.0002773333333333333,0.24407466666666666,0.06837333333333333
4646924937,0.220592,0.5174773333333333,0.007536,0.06272,0.17568,0.00021333333333333333,0.0008533333333333333,0.0012426666666666669,5.333333333333333e-05,0.010186666666666669,0.003445333333333333
4646928511,0.045797333333333336,0.123536,0.0224,0.4253706666666667,0.293408,0.000288,0.003216,0.004192,2.133333333333333e-05,0.07378666666666665,0.007984
4646931035,0.10700266666666666,0.0009546666666666668,0.18103466666666668,0.13634133333333334,0.41685333333333335,0.0008906666666666666,0.006272,0.0050293333333333344,0.00021866666666666668,0.05061866666666666,0.094784
4647533390,0.02470933333333333,8e-05,0.0008906666666666666,0.027392000000000003,0.748336,0.0,1.0666666666666667e-05,3.2e-05,0.0,0.014096,0.18445333333333333
4647533964,0.01547733333333333,0.00013333333333333334,0.006762666666666666,0.088032,0.8380266666666667,0.0,0.00023466666666666666,1.0666666666666667e-05,0.0,0.03634133333333334,0.014981333333333331
4647541768,0.357728,0.6313813333333333,9.6e-05,0.0036266666666666665,0.006810666666666665,0.0,0.0,0.00012266666666666668,0.0,0.00018133333333333331,5.333333333333333e-05
4647546444,0.128048,0.0006026666666666667,0.2263733333333333,0.13459733333333335,0.3790826666666666,0.000816,0.005685333333333333,0.004848,0.0002773333333333333,0.038746666666666665,0.08092266666666667
4647546830,0.21096533333333334,0.03632,0.007429333333333333,0.02004266666666667,0.5039573333333334,1.6e-05,5.333333333333333e-05,0.0002506666666666667,5.333333333333334e-06,0.144048,0.076912
4647546930,0.271728,0.21009066666666668,0.007856,0.035706666666666664,0.38239466666666666,0.0,0.00018133333333333331,0.000768,5.333333333333334e-06,0.06726933333333332,0.024
4647554316,0.15030933333333332,0.19566933333333333,0.009605333333333332,0.009936,0.5313493333333333,5.8666666666666665e-05,0.00015466666666666667,0.0016213333333333336,0.0007733333333333333,0.013754666666666669,0.086768
4647554416,0.2587466666666667,0.5201706666666666,0.0924693333333333,0.033488,0.05861866666666666,0.0002826666666666667,0.0005546666666666666,0.0009653333333333332,0.00036266666666666663,0.013637333333333331,0.020704
4647554676,0.39583466666666667,0.5005546666666667,0.016794666666666666,0.010613333333333334,0.061973333333333325,0.000496,0.00021866666666666668,0.0003093333333333333,0.00011200000000000001,0.001477333333333333,0.011616
4680179205,0.12505988023952094,0.010916167664670658,0.3304251497005988,0.10795209580838323,0.1487245508982036,0.009502994011976048,0.008191616766467066,0.00932934131736527,0.003562874251497006,0.1647005988023952,0.08163473053892216
4680810380,0.20891291291291286,0.056294294294294285,0.4515015015015015,0.034276276276276274,0.08493093093093093,0.0014834834834834836,0.0005765765765765766,0.002510510510510511,0.0026666666666666666,0.14187387387387387,0.014972972972972972
4680811086,0.1386107784431138,0.004658682634730538,0.2168982035928144,0.05541916167664671,0.2724191616766467,0.0033592814371257483,0.004856287425149701,0.014670658682634731,0.001065868263473054,0.1054311377245509,0.18261077844311374
4737915233,0.16277333333333333,0.5049973333333333,0.024682666666666662,0.0057813333333333345,0.2342453333333333,4.266666666666666e-05,4.8e-05,9.6e-05,3.733333333333333e-05,0.0006506666666666666,0.06664533333333332
4979123403,0.00036266666666666663,0.04616,0.008293333333333333,0.125792,0.028309333333333325,0.006944,0.25593066666666664,0.000688,0.309792,0.21758400000000003,0.000144
4979732232,0.00023466666666666666,0.401328,0.015834666666666667,0.083584,0.03906133333333334,0.004608,0.09005866666666665,0.004725333333333333,0.08314666666666666,0.2771093333333333,0.0003093333333333333
5001745154,0.03044897959183673,0.01693424036281179,0.27924716553287987,0.4107210884353741,0.1855374149659864,0.0,0.008199546485260771,0.0012970521541950113,0.00016326530612244898,0.036616780045351474,0.030834467120181407
5090713061,0.16550299401197605,2.3952095808383234e-05,0.6603413173652695,0.009694610778443113,0.0058862275449101786,0.02701197604790419,0.03854491017964072,0.0020179640718562875,0.013191616766467068,0.05099401197604791,0.026790419161676647
5091309912,0.15583783783783786,3.603603603603604e-05,0.606960960960961,0.031765765765765765,0.007261261261261261,0.07111111111111111,0.029405405405405406,0.004528528528528529,0.010054054054054054,0.0567987987987988,0.02624024024024024
5091310402,0.11119760479041917,5.9880239520958085e-06,0.6687005988023952,0.012724550898203593,0.004784431137724551,0.10733532934131736,0.030796407185628743,0.0010419161676646707,0.011592814371257485,0.03280239520958084,0.019017964071856287
5153729673,0.19829429429429427,0.03016216216216216,0.07700300300300301,0.3264084084084084,0.02299099099099099,0.00187987987987988,0.009525525525525524,0.005105105105105105,2.4024024024024028e-05,0.30885285285285285,0.019753753753753756
5177841029,0.17495748299319727,0.03344892644557823,1.328656462585034e-05,0.1324139030612245,0.2029655612244898,0.0,1.328656462585034e-05,7.307610544217686e-05,0.0,0.4561144770408163,0.0
5178401138,0.2596194727891156,0.0069688031462585035,0.0,0.3240725977891156,0.0034146471088435373,0.0,9.964923469387757e-05,3.985969387755101e-05,0.0,0.4057849702380952,0.0
5178440804,0.11965215773809525,0.02504517431972789,0.011326796343537416,0.19189120960884354,0.5077659970238095,0.0,0.004862882653061225,0.0003587372448979592,1.328656462585034e-05,0.13884460034013604,0.00023915816326530612
5178456328,0.2207828443877551,0.22338036777210885,0.006138392857142857,0.3859281994047619,0.08306760204081633,0.0,0.0021457801870748295,0.00014615221088435374,0.0,0.07839737457482993,1.328656462585034e-05
5182273900,0.171875,0.07466384991496598,0.0,0.25355415603741494,0.041792889030612235,0.0,0.0006311118197278912,0.0022055697278911567,0.0,0.4552774234693878,0.0
52051413,0.512032,0.145504,0.09451200000000001,0.12546666666666667,0.010597333333333334,0.0034666666666666665,0.024341333333333333,0.011989333333333331,0.007866666666666668,0.04442133333333333,0.019802666666666663
52051466,0.5288853333333333,0.14257066666666668,0.11967466666666668,0.09122666666666665,0.006042666666666666,0.003376,0.02184,0.014522666666666666,0.00608,0.05154666666666666,0.014234666666666666
52051542,0.275632,0.016954666666666666,0.38457066666666667,0.026288,0.06154666666666666,0.08481066666666667,0.018608,0.026010666666666668,0.020448,0.054096,0.031034666666666662
52051593,0.619344,0.0909013333333333,0.17122666666666667,0.020874666666666663,0.024922666666666662,0.016032,0.002917333333333333,0.0019199999999999998,0.015461333333333334,0.024149333333333328,0.012250666666666668
52051662,0.19749866666666666,0.07946133333333331,0.181264,0.11157333333333333,0.062464,0.031114666666666662,0.047002666666666665,0.016901333333333334,0.049717333333333336,0.160736,0.062266666666666665
52051877,0.629024,0.14492266666666667,0.05112,0.0947733333333333,0.013802666666666666,0.003264,0.006074666666666666,0.004058666666666667,0.014608,0.035914666666666664,0.002437333333333333
52051938,0.579056,0.18185066666666666,0.10249066666666666,0.024794666666666663,0.014144,0.054053333333333335,0.002496,0.0030293333333333327,0.00848533333333333,0.007850666666666667,0.02174933333333333
52052082,0.44436266666666663,0.13255466666666665,0.07268266666666667,0.16979733333333333,0.008538666666666665,0.0048906666666666656,0.04489066666666666,0.018762666666666667,0.011845333333333331,0.07049066666666666,0.021184
52052146,0.407328,0.1932,0.07768533333333331,0.10936533333333333,0.00704,0.004373333333333333,0.050992,0.0072693333333333325,0.0045333333333333345,0.13276266666666667,0.005450666666666667
52052550,0.4574986666666666,0.09075200000000001,0.14677866666666667,0.012805333333333332,0.016506666666666666,0.035904,0.040352,0.08880533333333332,0.07176533333333332,0.008144,0.030688
52052591,0.19325866666666666,0.377904,0.13604266666666667,0.052490666666666665,0.006218666666666666,0.030176,0.054133333333333325,0.06734933333333333,0.04228266666666667,0.03469333333333333,0.005450666666666667
52052657,0.385408,0.135328,0.16842133333333334,0.09661866666666669,0.02296533333333333,0.033904,0.03705066666666666,0.01399466666666667,0.026789333333333328,0.045221333333333336,0.034298666666666665
52052758,0.5330933333333333,0.10020266666666666,0.17811733333333332,0.038709333333333325,0.010512,0.02131733333333333,0.026858666666666663,0.005146666666666666,0.037301333333333325,0.046048,0.0026933333333333327
52052805,0.3595946666666667,0.08104,0.19065066666666666,0.07450666666666665,0.008730666666666666,0.058912,0.05164266666666667,0.015728,0.06273066666666667,0.08364266666666667,0.012821333333333334
52052845,0.570208,0.02878933333333333,0.09100266666666665,0.07902933333333331,0.011733333333333332,0.001904,0.018981333333333333,0.002821333333333333,0.017930666666666668,0.12700266666666668,0.05059733333333333
5213539481,0.38354621362433855,0.02208374669312169,0.006634424603174603,0.32706059854497355,0.14034598214285715,0.0,0.0,0.0,0.0,0.1203290343915344,0.0
5213540379,0.27573121323121325,0.530039405039405,0.01214063714063714,0.08102314352314352,0.04464979464979465,0.0,6.937506937506938e-06,0.00021506271506271504,0.0,0.05568043068043068,0.0005133755133755134
5213542757,0.17732913477891155,0.2575999149659864,7.307610544217686e-05,0.26413026147959184,0.09551711309523807,0.0,1.328656462585034e-05,0.0,0.0,0.20533721301020408,0.0
5213559317,0.2313572426177175,0.04956853551476457,0.0011472466081404627,0.5075443934557065,0.18624052274541103,0.0,0.0,0.0,0.0,0.02414205905826017,0.0
5214132904,0.190961150085034,0.11600499574829932,0.006829294217687075,0.20984135841836732,0.2524779443027211,0.0,0.0,1.328656462585034e-05,0.0,0.22387197066326528,0.0
5214135368,0.12184873949579833,0.2908384507649214,0.09597204266321914,0.23630413703943115,0.09633564964447316,2.693385046326223e-05,0.004093945270415859,3.366731307907779e-05,2.020038784744667e-05,0.15069489334195216,0.003831340228399052
5214135976,0.1995176977040816,0.08191831420068027,0.0,0.2258250956632653,0.04866204294217688,0.0,0.019278805272108842,0.02617453231292517,0.0,0.3986235119047619,0.0
5214152568,0.23016315901360546,0.0015744579081632653,0.13584183673469388,0.2428651147959184,0.16933062287414966,0.0,9.964923469387757e-05,0.00018601190476190475,0.0,0.17872422406462585,0.041214923469387765
5214154140,0.1787640837585034,0.4618409863945578,0.1238905718537415,0.09500558035714286,0.0506218112244898,0.0,0.000272374574829932,4.650297619047618e-05,0.0,0.08660847151360544,0.0029496173469387753
5217784116,0.04313702623906705,0.22951603498542275,0.18398250728862972,0.13369679300291545,0.002501457725947522,0.005603498542274052,0.21707871720116614,0.04309620991253645,0.014956268221574344,0.1216268221574344,0.00480466472303207
5246235280,0.0909069069069069,0.006342342342342342,0.09218618618618618,0.6894354354354354,0.011411411411411412,0.0007267267267267268,0.003441441441441441,0.0010270270270270273,6.606606606606607e-05,0.0873033033033033,0.017153153153153154
534444862,0.16838323353293413,0.07117365269461078,0.011700598802395207,0.5400359281437126,0.20230538922155689,0.0006107784431137723,6.58682634730539e-05,0.0011856287425149699,2.3952095808383234e-05,0.00029940119760479036,0.004215568862275449
542108715,0.5503040935672514,0.0,0.06280701754385964,0.00029824561403508774,0.00016374269005847952,0.31311695906432746,0.005777777777777778,0.0001345029239766082,0.05880701754385965,0.004888888888888889,0.0037017543859649117
5475279928,0.10269866666666666,0.017877333333333332,0.275664,0.008101333333333334,0.048549333333333326,0.0,5.333333333333334e-06,0.000272,5.333333333333333e-05,0.4652693333333333,0.08150933333333332
5500617031,0.226096,0.22057066666666664,0.272544,0.015461333333333334,0.08066666666666665,0.0006293333333333333,0.0,0.0,0.0,0.0003253333333333333,0.18370666666666666
5500621361,0.4018933333333333,0.5542826666666667,0.0029706666666666666,0.015946666666666668,0.02478933333333333,0.0,0.0,9.066666666666667e-05,0.0,0.0,2.666666666666667e-05
5500622679,0.2377493333333333,0.320368,0.12031466666666668,0.05791466666666668,0.18143466666666666,0.0,8e-05,0.0,0.0,0.002224,0.07991466666666665
5500624097,0.2322133333333333,0.0,0.0,0.759264,0.0,0.0,0.0,0.0,0.0,0.008522666666666666,0.0
5500625391,0.19465066666666667,0.0,0.0,0.7965013333333331,0.0,0.0,0.0,0.0,0.0,0.008848,0.0
5500626763,0.5022933333333334,0.0,0.0,0.023408,0.0,0.0,0.0,0.0,0.0,0.4742986666666666,0.0
5500628375,0.5548053333333334,0.0,0.0,0.37224,0.0,0.0,0.0,0.0,0.0,0.07295466666666665,0.0
5501209432,0.033194666666666664,0.8090773333333333,0.06824533333333334,0.01775466666666666,0.028416000000000004,0.00036266666666666663,2.666666666666667e-05,2.666666666666667e-05,5.333333333333333e-05,0.0025706666666666673,0.040272
5501212372,0.19189866666666666,0.5945813333333333,0.06401066666666666,0.046128,0.08457066666666667,2.133333333333333e-05,0.00013333333333333334,0.000128,0.0,0.005072,0.013456
5501213672,0.2346826666666667,0.6023253333333334,0.10421866666666668,0.012133333333333331,0.023546666666666667,9.066666666666667e-05,0.00012266666666666668,2.133333333333333e-05,5.333333333333333e-05,0.011488,0.011317333333333334
5501223774,0.21924266666666667,0.5539573333333333,0.016762666666666662,0.009301333333333332,0.041824,1.0666666666666667e-05,0.0,0.00021866666666666668,5.333333333333334e-06,0.15847466666666668,0.00020266666666666667
5518780743,0.4518346666666666,0.060037333333333325,0.0015786666666666664,0.26754666666666665,0.21900266666666668,0.0,0.0,0.0,0.0,0.0,0.0
5580052759,0.2371873350923483,0.003118733509234829,0.015197889182058047,0.4256675461741425,0.10855408970976252,0.0,0.005635883905013192,0.002970976253298153,0.0,0.20166754617414248,0.0
5683037151,0.13158558558558558,0.4973333333333334,0.11287087087087087,0.08777177177177177,0.12123723723723726,4.8048048048048055e-05,0.006834834834834835,0.003717717717717717,0.0007867867867867867,0.03139339339339339,0.00642042042042042
5683046217,0.1329069069069069,0.5828708708708709,0.1229009009009009,0.0748888888888889,0.02863063063063063,0.00018618618618618615,0.006882882882882883,0.0012552552552552553,0.00022822822822822822,0.029957957957957963,0.01929129129129129
5683051653,0.15055255255255254,0.3868168168168168,0.10262462462462464,0.19844444444444445,0.025993993993993998,0.00018018018018018016,0.01806006006006006,0.003123123123123123,0.0006126126126126127,0.10310510510510512,0.010486486486486486
5688007309,0.17093571428571427,0.12553571428571428,0.05292142857142857,0.3713,0.07192857142857144,0.0010071428571428573,0.005,0.007428571428571427,0.0021714285714285715,0.16702857142857142,0.024742857142857143
5688012049,0.1042,0.3712571428571429,0.005728571428571429,0.3751714285714285,0.027107142857142857,0.0,0.0003714285714285713,0.05801428571428571,7.142857142857144e-06,0.05813571428571429,7.142857142857144e-06
5688579490,0.34712857142857145,0.16702142857142854,0.03748571428571429,0.16404285714285713,0.06871428571428571,0.0,0.00022142857142857145,0.0011214285714285714,1.4285714285714285e-05,0.21424285714285715,7.142857142857144e-06
5688602988,0.3338428571428572,0.05361428571428571,0.22687142857142856,0.15328571428571428,0.13169285714285714,0.012007142857142857,0.0012642857142857145,0.009035714285714284,0.0014285714285714286,0.0462,0.030757142857142858
5737713848,0.110896,0.00011599999999999999,0.088352,0.252752,0.428788,0.0,2e-05,3.2e-05,0.0,0.11865999999999999,0.000384
5952559966,0.38243733333333335,0.3947253333333333,0.008186666666666665,0.088048,0.042624,0.0,3.2e-05,0.000176,0.00019733333333333327,0.08350399999999998,6.933333333333333e-05
5952562236,0.373696,0.3442613333333333,0.012037333333333334,0.165088,0.013999999999999999,0.0,0.0,6.4e-05,0.0,0.09045866666666669,0.00039466666666666665
596702046,0.354437125748503,0.2727365269461077,0.05450898203592815,0.05527544910179641,0.2391736526946108,0.0016467065868263472,0.0022694610778443113,8.982035928143712e-05,0.00010179640718562876,0.0019401197604790414,0.017820359281437124
6010896677,0.2772266666666667,0.09591466666666665,0.0013226666666666669,0.2625066666666667,0.2609493333333333,0.0,0.0,1.0666666666666667e-05,0.0,0.10206933333333333,0.0
6014452870,0.008024024024024022,0.045525525525525516,0.008756756756756755,0.5754114114114114,0.08972372372372371,0.0,0.0,0.0,0.0,0.2725585585585585,0.0
6040423813,0.4925973333333333,0.0016693333333333336,0.016517333333333332,0.19296533333333327,0.01457066666666667,0.0,0.0,0.0,0.0,0.28168,0.0
6099601258,0.3269066666666667,0.08866666666666667,0.0019946666666666667,0.4602826666666666,0.12214933333333332,0.0,0.0,0.0,0.0,0.0,0.0
6105742094,0.15836266666666668,0.0004426666666666666,0.00496,0.4544906666666666,0.045216,0.0,0.0,0.0,0.0,0.336528,0.0
6107977467,0.260032,0.002224,0.009098666666666666,0.24144,0.026736,0.0,1.0666666666666667e-05,4.266666666666666e-05,0.0,0.4597013333333334,0.0007146666666666666
6300251471,0.557152,0.047557333333333326,0.09378666666666668,0.16504,0.09481066666666665,0.0,0.0,0.0005546666666666666,0.00029866666666666664,0.0,0.0408
6336162044,0.4562026666666666,5.333333333333334e-06,0.0007253333333333333,0.42058666666666666,0.12247466666666665,0.0,0.0,0.0,0.0,5.333333333333334e-06,0.0
6375741663,0.199664,0.0,0.0009973333333333331,0.795792,0.00336,0.0,0.0,0.00018666666666666666,0.0,0.0,0.0
6375744231,0.035504,0.001248,0.011333333333333334,0.6203733333333333,0.10597333333333334,0.0,0.0,0.0,0.0,0.225568,0.0
64196584,0.19484266666666664,0.576384,0.017909333333333333,0.02988266666666666,0.08712,1.6e-05,2.666666666666667e-05,0.00019733333333333327,1.6e-05,0.08758933333333335,0.006016
64197029,0.16889066666666666,0.03715733333333333,0.009968,0.21605866666666668,0.271712,0.0,0.0003573333333333333,0.0005706666666666668,2.133333333333333e-05,0.294,0.001264
64198400,0.2638666666666667,0.14824,0.10827733333333334,0.04610666666666666,0.073296,0.0052693333333333325,8e-05,0.001152,0.000896,0.205728,0.14708800000000002
64849571,0.10873599999999999,0.713104,0.08155733333333333,0.020016,0.010586666666666666,0.0116,0.000272,0.0021653333333333333,0.003008,0.00042133333333333335,0.048533333333333324
6528444885,0.326016,0.028074666666666668,0.008394666666666665,0.5486933333333334,0.08882133333333332,0.0,0.0,0.0,0.0,0.0,0.0
7181452217,0.23480714285714285,0.20737857142857144,0.08595,0.26535714285714285,0.011492857142857143,0.0006928571428571428,0.004428571428571429,0.0015285714285714286,0.0012714285714285716,0.16996428571428573,0.017128571428571427
7181452741,0.15994285714285714,0.2640214285714286,0.08308571428571429,0.17268571428571428,0.10808571428571427,0.0012285714285714285,0.013021428571428573,0.004164285714285713,0.004207142857142857,0.1830857142857143,0.0064714285714285716
7181455243,0.18570714285714285,0.4247571428571428,0.18790714285714288,0.13782142857142854,0.022635714285714287,0.0005785714285714286,0.0077214285714285735,0.0021928571428571427,0.0025,0.026685714285714285,0.0014928571428571428
7181455723,0.21332857142857145,0.4161,0.18290714285714285,0.13282142857142856,0.017492857142857143,0.0001,0.005735714285714286,0.003042857142857143,0.008064285714285715,0.017242857142857143,0.003164285714285714
7315677238,0.11885285285285285,0.023303303303303304,0.14726126126126127,0.20777777777777776,0.06674474474474475,0.010504504504504505,0.043531531531531525,0.005855855855855856,0.0007447447447447447,0.3422942942942943,0.033129129129129124
7321201938,0.08956053811659193,3.139013452914798e-05,0.05462780269058296,0.03836322869955157,0.628219730941704,0.0,4.4843049327354254e-06,3.139013452914798e-05,0.0,0.14079820627802692,0.04836322869955157
7366679462,0.1753,0.11796428571428573,0.08244285714285714,0.3445642857142857,0.04466428571428571,0.0016142857142857144,0.007814285714285715,0.00285,0.0010857142857142858,0.21518571428571429,0.006514285714285714
7366682518,0.12926428571428572,0.4743071428571429,0.21127857142857145,0.10405714285714286,0.01415,0.00032857142857142856,0.012457142857142858,0.0034,0.008042857142857142,0.03476428571428572,0.00795
7366683922,0.2742571428571429,0.08148571428571427,0.3520785714285714,0.18018571428571428,0.016192857142857144,5e-05,0.014428571428571428,0.0007142857142857144,0.0009857142857142855,0.06408571428571429,0.015535714285714288
7423391816,0.05345077720207254,0.21655440414507773,0.14537823834196892,0.3613782383419689,0.06612953367875647,0.003471502590673575,0.0264300518134715,0.004476683937823835,0.01594818652849741,0.08782383419689119,0.018958549222797928
7423393338,0.0693678756476684,0.2437305699481865,0.20070466321243524,0.3718549222797927,0.059191709844559584,0.002134715025906736,0.007046632124352331,0.005352331606217617,0.012621761658031087,0.016683937823834198,0.011310880829015544
7568463658,0.21299125364431487,0.04551603498542274,0.2373935860058309,0.21993586005830906,0.09030903790087463,5.8309037900874645e-05,0.002775510204081633,0.01686880466472303,0.0015043731778425654,0.07490962099125363,0.09773760932944607
7568465888,0.17318131868131867,0.008560439560439559,0.08167032967032967,0.4687307692307692,0.03798901098901098,8.241758241758243e-05,0.002736263736263736,0.00689010989010989,0.0009670329670329668,0.18737912087912087,0.03181318681318681
7568468096,0.1961025641025641,0.006068376068376068,0.07896296296296294,0.2403019943019943,0.04834188034188034,0.0005811965811965812,0.0012706552706552704,0.0022165242165242166,0.000301994301994302,0.3650997150997151,0.06075213675213675
7568471004,0.21080235988200594,0.03878466076696165,0.2361769911504425,0.2630501474926253,0.04416519174041298,0.00010029498525073748,0.0036755162241887906,0.04598230088495575,0.002023598820058997,0.07788200589970501,0.07735693215339233
7568474482,0.23775350140056026,0.036252100840336136,0.14656582633053222,0.15193837535014004,0.029316526610644256,0.000392156862745098,0.005983193277310925,0.0600672268907563,0.0004145658263305322,0.27648179271708684,0.05483473389355743
7568477022,0.3701127450980392,0.05199509803921569,0.08311764705882353,0.1850686274509804,0.06116666666666666,0.00035784313725490194,0.010833333333333334,0.026004901960784317,0.0020049019607843136,0.18170098039215687,0.027637254901960784
7568480222,0.19477363896848135,0.00394269340974212,0.2210716332378224,0.37944412607449857,0.013495702005730659,1.7191977077363898e-05,0.006865329512893983,0.0036676217765042977,1.1461318051575932e-05,0.1227106017191977,0.054
7568484956,0.1411501416430595,0.01672521246458924,0.3701359773371105,0.26272521246458924,0.056039660056657226,0.00025495750708215295,0.004271954674220964,0.01146742209631728,0.002090651558073655,0.045592067988668564,0.08954674220963171
7568487930,0.19614414414414413,0.02543543543543544,0.2150930930930931,0.18266666666666667,0.06581981981981984,3.603603603603604e-05,0.0017957957957957958,0.015021021021021019,0.002450450450450451,0.1991651651651652,0.09637237237237235
7568489686,0.16672303206997086,0.3297259475218659,0.07117201166180756,0.13295626822157433,0.031685131195335274,2.9154518950437323e-05,0.0008454810495626822,0.0009854227405247812,2.9154518950437323e-05,0.2256501457725948,0.040198250728862975
7568491844,0.26608219178082193,0.03953424657534246,0.16418082191780822,0.2395506849315069,0.04632328767123288,0.0024273972602739725,0.00941917808219178,0.0016876712328767122,9.315068493150683e-05,0.16094246575342466,0.06975890410958904
7568496402,0.2034834834834835,0.11291891891891892,0.2582822822822823,0.1963003003003003,0.06248048048048047,0.0014594594594594596,0.0033873873873873873,0.0075615615615615625,0.0014894894894894894,0.0472012012012012,0.10543543543543543
7568498476,0.19918023255813955,0.0105,0.2543837209302325,0.2196627906976744,0.061046511627906974,0.0,0.004337209302325581,0.004476744186046512,0.0005,0.2274360465116279,0.01847674418604651
7568503350,0.07088695652173913,0.5384695652173913,0.11594782608695653,0.15405797101449276,0.02707246376811594,0.0007072463768115942,0.005431884057971015,0.002573913043478261,0.0007072463768115942,0.046771014492753615,0.03737391304347826
7568507416,0.2516449704142012,0.06871005917159763,0.13673372781065088,0.2641656804733728,0.04645562130177514,0.0020769230769230765,0.004,0.011597633136094677,0.004668639053254439,0.07064497041420119,0.139301775147929
7946872296,0.10488821752265863,0.6510030211480362,0.1076737160120846,0.08948036253776435,0.012102719033232628,0.0002719033232628399,0.00015709969788519636,0.0011782477341389726,0.0019214501510574015,0.0063746223564954685,0.024948640483383685
7959540724,0.0342846975088968,0.6645836298932384,0.08404982206405692,0.09207117437722419,0.0620711743772242,0.0025836298932384342,0.0025338078291814946,0.0005978647686832741,0.003943060498220641,0.027088967971530247,0.026192170818505337
7959543024,0.04530362116991644,0.5501949860724235,0.09747075208913647,0.17767688022284125,0.05469637883008357,0.004807799442896936,0.0021392757660167127,0.0006016713091922005,0.007610027855153203,0.032506963788300834,0.026991643454039
7959545774,0.037305135951661635,0.4670090634441088,0.10938368580060424,0.29058006042296075,0.03141389728096677,0.008036253776435045,0.0006646525679758308,0.00038670694864048334,0.005951661631419939,0.028622356495468283,0.02064652567975831
7959548330,0.04861027190332326,0.68,0.04905135951661632,0.13350453172205434,0.017867069486404832,0.0014501510574018127,0.0074864048338368575,0.0011722054380664652,0.000634441087613293,0.04281570996978852,0.01740785498489426
7959550662,0.043383685800604234,0.714749244712991,0.03461027190332326,0.15389123867069487,0.012664652567975831,0.0005619335347432024,0.0038006042296072507,0.0005800604229607251,0.000229607250755287,0.02337764350453172,0.012151057401812687
7959553302,0.17053776435045315,0.4667673716012085,0.11181268882175227,0.18883987915407852,0.026283987915407852,0.0011238670694864047,0.0024290030211480363,0.0008217522658610272,0.001607250755287009,0.012996978851963744,0.016779456193353474
7959555350,0.2581691842900303,0.5256978851963746,0.07468277945619335,0.021486404833836858,0.04702719033232628,0.00013293051359516617,6.64652567975831e-05,0.001081570996978852,0.0004833836858006042,0.04798187311178248,0.023190332326283987
7959557782,0.2523985765124555,0.1655373665480427,0.20161565836298934,0.12255516014234875,0.09697508896797152,0.0030604982206405692,0.0019074733096085407,0.008683274021352314,0.012540925266903915,0.015281138790035587,0.11944483985765125
7959560158,0.15121450151057406,0.3250151057401813,0.0997703927492447,0.07657401812688822,0.035274924471299096,0.003564954682779456,0.005438066465256798,0.003921450151057402,0.014918429003021146,0.19108761329305132,0.09322054380664653
7959562516,0.09573413897280966,0.4913534743202417,0.10499697885196374,0.2354138972809668,0.02467069486404834,0.0008157099697885197,0.001081570996978852,0.0005921450151057402,0.002990936555891239,0.02474320241691843,0.017607250755287008
7959565666,0.10442487046632123,0.5518341968911917,0.11109326424870468,0.13151813471502594,0.06007253886010362,0.0028652849740932644,0.0012072538860103627,0.0004196891191709845,0.0024196891191709843,0.012077720207253886,0.02206735751295337
8815055184,0.19304533333333332,0.4874613333333334,0.097168,0.15490133333333336,0.028549333333333333,0.001632,0.002112,0.0008426666666666667,0.0020213333333333333,0.014288,0.017978666666666667
893230157,0.3339813084112149,0.233595015576324,0.11322741433021807,0.0945919003115265,0.08651090342679127,0.0019501557632398755,0.003912772585669781,0.004722741433021807,0.05623676012461058,0.06951401869158878,0.0017570093457943926
9161873374,0.052625592417061606,0.0033175355450236967,0.4987582938388626,0.05065402843601896,0.09854976303317536,8.53080568720379e-05,0.004502369668246445,0.002815165876777251,0.02067298578199052,0.2493270142180095,0.018691943127962084
99225218,0.278288,0.016228,0.079372,0.517604,0.086452,0.0,0.000292,6.8e-05,0.003076,0.017768,0.000852
