10474547324,0.389176,0.000176,0.12642,0.004016,0.189864,0.050224,7.6e-05,8.8e-05,0.000184,0.00011999999999999999,0.239656
10482519424,0.2569,1.2e-05,0.172012,0.037816,0.34508,0.0112,0.000184,0.0,0.001264,0.000636,0.174896
10482728394,0.42634399999999995,0.000584,0.082328,0.044128,0.08287999999999998,0.036268,3.2e-05,4e-06,0.000372,0.001616,0.325444
10482935065,0.005921921921921922,0.00045645645645645645,0.2374894894894895,0.19383783783783784,0.0024144144144144144,0.00022822822822822822,0.03276876876876877,3.003003003003003e-05,0.00010810810810810812,0.506012012012012,0.02073273273273273
10490159076,0.0038798798798798796,6.006006006006007e-06,0.22299699699699696,0.1773993993993994,0.00016816816816816817,0.006492492492492493,0.028840840840840837,0.0,0.00021621621621621621,0.5594174174174175,0.0005825825825825825
10490170984,0.004343065693430657,0.0024452554744525553,0.13845255474452556,0.4117299270072993,0.0010510948905109489,0.006729927007299271,0.03494160583941606,0.00019708029197080293,0.0006277372262773721,0.396,0.003481751824817518
10523789076,0.04463063063063063,6.006006006006007e-06,0.2192072072072072,0.587069069069069,0.00196996996996997,0.008582582582582585,0.04074474474474474,0.002612612612612613,0.010282282282282285,0.08472672672672672,0.00016816816816816817
10523798314,0.1608181818181818,0.0030194805194805195,0.4656168831168831,0.3011428571428572,0.004175324675324676,0.03800649350649351,0.022824675324675324,0.0006883116883116883,0.00025324675324675327,0.0009805194805194803,0.0024740259740259735
10523803074,0.034,0.0,0.3871171171171171,0.530948948948949,0.0007327327327327326,0.004876876876876877,0.02942942942942943,0.00015615615615615616,0.00451051051051051,0.00011411411411411411,0.008114114114114114
10536056213,0.006030030030030029,0.0,0.13986786786786787,0.8198318318318318,0.0016276276276276276,0.0,0.02058258258258258,0.0,3.003003003003003e-05,0.011543543543543543,0.0004864864864864865
10536057123,0.0025645645645645644,0.0,0.13097897897897898,0.7865585585585586,0.004714714714714714,0.019189189189189187,0.002168168168168168,1.2012012012012014e-05,1.8018018018018016e-05,0.006672672672672673,0.047123123123123126
10536163974,0.000448,6.933333333333333e-05,0.20062933333333333,0.7451999999999998,5.333333333333334e-06,0.0,0.039573333333333335,0.0,0.0,0.014063999999999998,1.0666666666666667e-05
10536426625,0.01145945945945946,1.2012012012012014e-05,0.3826306306306306,0.449009009009009,0.0003423423423423424,0.0511051051051051,0.027615615615615617,0.00017417417417417416,0.02437837837837838,0.0011771771771771774,0.05209609609609609
10559720545,0.01440533333333333,0.04505066666666666,0.13558933333333334,0.21065066666666668,0.001968,0.0059253333333333345,0.014933333333333331,0.0010506666666666668,0.5337493333333333,0.027728,0.008949333333333333
11367666426,0.00023423423423423422,0.0,0.3887627627627628,2.4024024024024028e-05,0.0,0.0020060060060060054,0.008426426426426426,0.0,0.5956516516516517,0.0016816816816816818,0.003213213213213213
11367687715,0.002762762762762763,0.0,0.9635795795795796,6.006006006006007e-06,1.2012012012012014e-05,0.019717717717717718,0.009627627627627628,0.0,9.609609609609608e-05,7.807807807807808e-05,0.00412012012012012
11367698445,0.01590990990990991,0.0,0.4921381381381381,0.3552612612612613,6.006006006006006e-05,0.0,0.04696096096096096,0.0,1.2012012012012014e-05,0.08965165165165165,6.006006006006007e-06
11367710756,0.07394594594594593,0.0,0.09754954954954954,0.6206186186186186,7.807807807807808e-05,0.0,0.10705105105105103,1.2012012012012014e-05,1.2012012012012014e-05,0.10073273273273273,0.0
11367716826,1.8018018018018016e-05,0.0,0.8640060060060059,1.2012012012012014e-05,0.0,0.05772972972972972,0.06346546546546547,0.0,0.014762762762762763,0.0,6.006006006006007e-06
11367731175,0.009111111111111113,0.0,0.7738978978978978,0.052696696696696695,0.0,0.0,0.15871471471471474,0.0,6.006006006006007e-06,0.005573573573573572,0.0
11367738404,0.0013573573573573573,0.0,0.6866606606606607,0.04535135135135135,0.0011291291291291288,0.1076996996996997,0.1125945945945946,0.0003543543543543544,0.041687687687687686,0.0016636636636636634,0.0015015015015015015
11367749426,9.009009009009008e-05,0.0,0.5524744744744745,0.03378378378378378,0.00016216216216216215,0.02517117117117117,0.07924324324324325,0.0007147147147147147,0.023105105105105102,0.27387387387387385,0.011381381381381379
11367760666,0.08074474474474473,6.006006006006007e-06,0.606990990990991,0.16384984984984985,0.00011411411411411411,0.00024024024024024023,0.05867267267267268,6.006006006006007e-06,6.006006006006007e-06,0.08918318318318319,0.00018618618618618615
11367788084,7.807807807807808e-05,0.0,0.7239699699699699,0.16446846846846847,0.0,0.0,0.06021021021021021,0.0,3.603603603603604e-05,0.051237237237237235,0.0
11367797404,0.10509909909909912,6.606606606606607e-05,0.4323123123123123,0.2564984984984985,0.0001021021021021021,0.0,0.09656456456456457,6.006006006006006e-05,5.4054054054054054e-05,0.10923723723723723,6.006006006006007e-06
11367807584,0.16101501501501506,0.0,0.7452732732732733,0.007111111111111112,4.8048048048048055e-05,0.026348348348348347,0.05375975975975976,0.00014414414414414415,0.00047447447447447453,0.00436036036036036,0.0014654654654654654
11367820773,0.03598798798798799,0.00016216216216216215,0.9249009009009008,0.0005525525525525524,0.00030630630630630633,0.023495495495495497,0.009735735735735737,0.00019819819819819816,0.0035255255255255257,0.0001021021021021021,0.0010330330330330327
11367841723,0.021849849849849848,6.006006006006007e-06,0.9178378378378378,0.02341141141141141,0.005273273273273272,0.00011411411411411411,0.016528528528528527,1.8018018018018016e-05,3.003003003003003e-05,0.014498498498498496,0.00043243243243243243
11367884653,0.15762762762762764,0.4477597597597597,0.03862462462462463,0.023285285285285284,0.30633633633633633,0.010342342342342345,0.00021621621621621621,0.0037057057057057054,0.004834834834834835,0.00015615615615615616,0.007111111111111112
2312989469,0.024912,0.007194666666666666,0.5131626666666665,0.12768,0.009978666666666669,0.2374773333333333,0.0,0.0008426666666666667,4.266666666666666e-05,0.0,0.07870933333333335
2312991971,0.15998933333333334,0.008069333333333333,0.4555573333333333,0.3253173333333333,0.03527466666666667,0.0,8.533333333333334e-05,0.013754666666666669,0.0,0.0,0.001952
2313001011,0.012581333333333332,0.004368,0.9425706666666666,0.00034666666666666667,0.0018613333333333331,0.017258666666666662,1.0666666666666667e-05,0.0027253333333333326,0.006218666666666666,0.0,0.012058666666666669
2313005255,0.32027733333333336,0.0002613333333333333,0.2712533333333333,0.340128,0.008778666666666667,0.00112,0.0,0.04489066666666666,0.0,0.000208,0.013082666666666666
2313009581,0.00042133333333333335,0.0,0.373392,0.0,0.0047733333333333326,0.017973333333333334,0.0,0.0,0.00010666666666666668,0.0,0.6033333333333334
2313010863,0.14268266666666668,0.06190933333333332,0.4395093333333333,0.312128,0.017536000000000003,0.0,0.0005653333333333334,0.023856,0.0007946666666666667,0.0,0.0010186666666666666
2313044423,0.09122133333333331,0.000448,0.8575199999999998,1.0666666666666667e-05,0.0031466666666666665,0.03301866666666667,5.333333333333334e-06,0.008229333333333333,0.003413333333333333,0.0,0.0029866666666666665
2313044951,0.08905599999999998,0.0010506666666666668,0.8516,0.015557333333333331,0.0006026666666666667,0.027888,0.00024,0.002448,0.0033066666666666665,0.0,0.008250666666666665
2313793778,0.2574186666666667,0.0036586666666666664,0.4639466666666666,0.162528,0.07296533333333331,0.017525333333333334,5.333333333333334e-06,0.00048,0.0021706666666666667,0.005162666666666667,0.01413866666666667
2313794286,0.017413333333333333,0.036677333333333326,0.40786666666666666,0.179888,0.0025653333333333327,0.009456,0.001248,0.0023946666666666665,3.2e-05,0.292928,0.04953066666666666
2313794806,6.933333333333333e-05,0.0,0.7687466666666667,0.0004053333333333333,1.6e-05,0.21464533333333333,5.8666666666666665e-05,0.000352,0.0008639999999999998,0.000576,0.014266666666666669
2313806826,0.022570666666666662,0.0,0.7205493333333334,5.333333333333334e-06,0.000304,0.21547733333333333,0.001973333333333333,0.0047733333333333326,0.024650666666666668,0.0,0.009696
2313807296,0.056864,0.0003893333333333333,0.7132586666666667,5.333333333333334e-06,0.0006613333333333333,0.18412266666666666,0.000608,0.0052,0.031008,0.0,0.007882666666666666
2313814382,0.00256,4.8e-05,0.6115733333333333,0.23119466666666666,0.00021333333333333333,0.06681066666666667,0.042544,0.0036746666666666664,0.0006026666666666667,5.333333333333334e-06,0.040773333333333335
2313824004,0.0017226666666666664,0.0,0.7178133333333333,0.0002506666666666667,0.00592,0.020432,0.00021333333333333333,5.333333333333334e-06,0.0,0.04236266666666666,0.21128000000000002
2526819633,0.12053866666666667,0.02920533333333333,0.171472,0.3436,0.03176533333333333,0.013914666666666669,0.012016,0.004597333333333334,0.0009706666666666666,0.2473493333333333,0.024570666666666668
2526821247,0.002794666666666667,0.003578666666666666,0.13155733333333333,0.8473013333333334,0.006789333333333333,0.0,0.0042506666666666665,0.0036266666666666665,0.0,2.666666666666667e-05,7.466666666666666e-05
2526822293,0.09835733333333331,0.0029973333333333328,0.092368,0.6534826666666665,0.010784,0.0,0.0013973333333333331,0.004554666666666665,4.266666666666666e-05,0.13599466666666668,2.133333333333333e-05
2527635810,0.13864,0.19082133333333332,0.03814933333333333,0.4208693333333333,0.15734933333333334,0.00015466666666666667,0.007456,0.0037386666666666666,0.006234666666666667,0.034154666666666667,0.002432
2529883965,0.01432,0.001504,0.5872746666666666,0.045888,0.025914666666666662,0.0007413333333333333,1.0666666666666667e-05,0.00010133333333333332,5.333333333333333e-05,0.10806933333333334,0.21612266666666666
2529904153,0.15346666666666667,0.025946666666666663,0.2379573333333333,0.361072,0.019978666666666662,0.06934933333333332,0.012874666666666666,0.004170666666666665,0.00368,0.10799466666666667,0.0035093333333333326
2529908955,0.03209066666666667,0.023408,0.4789013333333334,0.12334400000000001,0.006549333333333333,0.0017066666666666669,0.020384,0.01998933333333333,0.018410666666666662,0.2604053333333333,0.014810666666666666
2529912059,0.094576,0.0006826666666666667,0.2631573333333333,0.3783573333333333,0.177248,0.004058666666666667,0.0124,0.0028,0.0108,0.015402666666666669,0.040517333333333336
2530700122,0.006762666666666666,1.0666666666666667e-05,0.5026506666666666,0.386176,0.076464,0.000176,0.001616,0.00112,3.2e-05,0.0,0.024992
2530717492,0.08177066666666667,0.013829333333333334,0.19295466666666666,0.664304,0.017909333333333333,0.001152,0.005978666666666666,0.0045333333333333345,0.0004853333333333333,0.016896,0.00018666666666666666
2530722110,0.07024533333333334,0.0003413333333333333,0.593472,0.038672,0.004842666666666667,0.121072,0.04989866666666666,0.018592,0.10022933333333334,0.00013866666666666666,0.002496
2530723970,0.02114133333333333,0.02481066666666667,0.3992,0.3825226666666667,0.013637333333333331,0.045584,0.0027093333333333327,0.001568,0.008469333333333334,0.08274133333333332,0.017616
2530726828,0.008357333333333333,0.00552,0.14225066666666664,0.7993813333333334,0.005365333333333333,0.000592,0.026560000000000004,0.006789333333333333,0.004869333333333333,0.0,0.00031466666666666665
2530728110,0.2813173333333333,0.0,0.3833653333333333,0.017338666666666662,0.02410666666666666,0.0018453333333333332,0.0004533333333333333,0.0017226666666666664,0.006522666666666667,0.2827093333333333,0.0006186666666666666
2530731872,0.18786666666666665,0.22440533333333332,0.03392533333333333,0.402624,0.053002666666666656,0.000352,0.004117333333333333,0.0023626666666666666,0.0015733333333333333,0.08892266666666665,0.000848
272681965,0.9507093333333332,0.012704,0.004634666666666665,0.000336,0.002048,0.002912,0.002933333333333333,0.007423999999999999,0.007514666666666667,0.0005973333333333333,0.008186666666666665
2783318887,0.123872,0.045045333333333326,0.057824,0.4344266666666666,0.031285333333333325,0.002437333333333333,0.017957333333333332,0.02509333333333333,0.2328053333333333,0.02359466666666667,0.005658666666666666
2783321037,0.15798933333333334,0.010378666666666666,0.269664,0.324128,0.04154666666666666,0.011552,0.011552,0.030560000000000004,0.049968,0.091024,0.0016373333333333333
2784174718,0.20522666666666667,0.059125333333333335,0.085552,0.445152,0.029194666666666667,0.00168,0.06799466666666665,0.017338666666666662,0.00964266666666667,0.07532266666666665,0.0037706666666666665
2784176470,0.21080533333333332,0.5879253333333333,0.00344,0.004501333333333334,0.009626666666666669,0.0,1.6e-05,0.00015466666666666667,0.0,0.18338666666666667,0.000144
2830852009,0.011104,0.007722666666666666,0.02870933333333333,0.91168,0.005861333333333333,0.0,0.0053173333333333345,4.266666666666666e-05,0.0,0.029536,2.666666666666667e-05
2830862791,0.09484266666666669,0.262448,0.11586666666666667,0.3213706666666667,0.03380266666666667,0.10566933333333334,0.011109333333333334,0.012752,0.000384,0.021552,0.020202666666666667
2830891655,0.10393599999999999,0.011418666666666669,0.0017653333333333336,0.6758613333333333,0.004272,0.0,0.0008586666666666666,0.0014293333333333332,0.0,0.20043733333333333,2.133333333333333e-05
2830902241,0.082704,0.000256,0.0016106666666666667,0.399776,0.012912,0.0,0.042208,0.002304,1.6e-05,0.458192,2.133333333333333e-05
2830930075,0.11193066666666666,0.004202666666666667,0.03688,0.815088,0.006656,0.000512,0.016613333333333334,0.0016533333333333333,1.6e-05,0.005098666666666665,0.0013493333333333332
2830940393,0.014725333333333332,0.07357333333333335,0.18958933333333333,0.6086346666666665,0.016048,0.002314666666666667,0.022528,0.002922666666666667,5.333333333333334e-06,0.048608,0.021050666666666662
2830957447,0.032704,0.010213333333333331,0.075696,0.8191466666666667,0.007909333333333334,0.00014933333333333332,0.007285333333333335,0.0015893333333333337,3.2e-05,0.04226666666666666,0.003008
2831712528,0.08056,0.0019199999999999998,0.023114666666666662,0.8767359999999998,0.010826666666666668,0.0009866666666666667,4.8e-05,0.00013866666666666666,0.0008693333333333333,0.000656,0.004144
2831723610,0.011658666666666666,0.0010293333333333333,0.18726933333333332,0.659232,0.011418666666666669,0.06417066666666667,0.0005546666666666666,0.0005333333333333334,0.003093333333333333,0.00037866666666666664,0.060661333333333324
2831732456,0.05291733333333333,0.0,0.39749866666666667,0.452576,0.003184,5.333333333333333e-05,0.07977066666666667,0.0015413333333333336,1.0666666666666667e-05,0.009914666666666669,0.0025333333333333328
2831734788,0.056448,0.001184,0.12099733333333333,0.7029333333333333,0.007312,5.333333333333334e-06,0.077984,0.007301333333333332,0.00011733333333333333,0.024752,0.0009653333333333332
2831758218,0.127248,0.0008053333333333332,0.065872,0.7604693333333333,0.013386666666666668,0.014389333333333334,0.00021333333333333333,0.0002826666666666667,0.0003413333333333333,0.003077333333333333,0.013914666666666669
2831778296,0.03073066666666667,0.148496,0.033728,0.28393066666666666,0.003573333333333333,0.0,0.01728533333333333,0.0016906666666666667,0.00010133333333333332,0.480368,9.6e-05
2831788216,0.03527466666666667,0.07084266666666666,0.2715893333333333,0.5581813333333333,0.008613333333333334,0.005829333333333333,0.005397333333333333,0.0027466666666666672,0.00011733333333333333,0.012698666666666669,0.02870933333333333
2831800840,0.0012533333333333333,0.0017226666666666664,0.010330666666666669,0.54512,0.0041386666666666655,0.0,0.005253333333333333,0.00042133333333333335,0.004762666666666666,0.4269866666666666,1.0666666666666667e-05
285683956,0.8953919999999999,0.026858666666666663,0.015557333333333331,0.0010933333333333333,0.010741333333333334,0.004570666666666666,0.0022346666666666665,0.013626666666666669,0.02353066666666666,0.0007413333333333333,0.005653333333333333
285685885,0.652688,0.010362666666666666,0.051024,0.017317333333333334,0.006832,0.014832,0.040314666666666665,0.06128,0.05017066666666666,0.034053333333333324,0.06112533333333332
285686822,0.528064,0.12371199999999999,0.003114666666666666,0.001936,0.089328,0.0,0.026730666666666663,0.19792533333333331,0.008399999999999998,0.01963733333333333,0.001152
285688613,0.6349066666666666,0.055162666666666665,0.033253333333333336,0.002272,0.04944533333333333,0.007258666666666666,0.029904000000000003,0.09216,0.03144000000000001,0.0036533333333333335,0.060544
285689135,0.16224533333333332,0.022864,0.022202666666666662,0.001216,0.0011466666666666667,0.00016,0.10628266666666666,0.5541333333333334,0.12203199999999999,0.007322666666666666,0.00039466666666666665
285689351,0.20493866666666666,0.19363733333333333,0.075728,0.000592,0.13811733333333334,0.010394666666666668,0.085376,0.09045333333333333,0.13144533333333333,0.0006773333333333333,0.06864
285689616,0.17264533333333335,0.138064,0.11157333333333333,0.0025493333333333327,0.10245333333333333,0.09509866666666665,0.06770133333333334,0.040757333333333326,0.07452799999999998,0.002736,0.19189333333333333
285689770,0.213312,0.097712,0.062064,0.020304,0.158256,0.004704,0.05288,0.309968,0.049472,0.007839999999999998,0.023488
285689999,0.5215306666666667,0.002464,0.063616,0.002448,0.009493333333333331,0.09761066666666665,0.02152533333333333,0.010288,0.16121066666666667,0.010106666666666668,0.09970666666666665
2906571999,0.1115641791044776,0.0,0.4141253731343284,0.04634626865671642,0.009235820895522388,0.31706865671641793,0.015170149253731344,0.00012537313432835822,0.013832835820895522,0.014883582089552238,0.05764776119402985
2906577391,0.3499701492537313,0.020250746268656715,0.0941671641791045,0.2773134328358209,0.003116417910447761,0.015188059701492538,0.10983283582089552,0.009343283582089551,0.009432835820895522,0.10413731343283583,0.00724776119402985
2906578189,0.5288716417910447,0.00045373134328358203,0.33345074626865673,0.05525970149253731,0.0041970149253731355,0.025367164179104482,0.0005253731343283582,0.0010268656716417913,0.0033791044776119404,0.04277014925373134,0.004698507462686567
2906583495,0.08068983957219251,0.009994652406417113,0.08487700534759358,0.0222192513368984,0.07704278074866308,0.009449197860962566,0.001144385026737968,0.000625668449197861,0.006967914438502674,0.5931764705882353,0.11381283422459892
2906589201,0.32344126984126986,0.02251428571428572,0.10013333333333334,0.4348698412698413,0.00010793650793650794,0.00021587301587301587,0.06707936507936509,0.018622222222222217,0.0003111111111111112,0.032692063492063494,1.26984126984127e-05
2907068295,0.21430526315789475,4.736842105263158e-05,0.17721578947368422,0.0018368421052631578,0.3270210526315789,0.0030368421052631577,7.368421052631579e-05,3.6842105263157895e-05,0.00048421052631578956,0.003447368421052632,0.2724947368421053
2907069437,0.204375,0.3342857142857143,0.02644642857142857,0.2269196428571429,0.15810714285714286,0.003125,1.785714285714286e-05,8.92857142857143e-06,0.00028571428571428574,0.0003392857142857143,0.04608928571428572
2907416708,0.06849101796407185,0.17464071856287425,0.08776047904191617,0.406,0.024772455089820358,0.0036586826347305384,0.0035508982035928147,0.002682634730538922,0.053029940119760484,0.14851497005988026,0.026898203592814373
2907419942,0.4564459770114943,4.5977011494252866e-05,0.16766436781609195,0.00027586206896551725,0.01791264367816092,0.2303770114942529,0.0010850574712643678,0.00015632183908045977,0.07737471264367816,0.0002482758620689656,0.048413793103448274
2907425156,0.6884358208955224,0.0351820895522388,0.05795223880597015,0.08083582089552238,0.005755223880597015,0.0003880597014925373,0.0948597014925373,0.007605970149253731,0.002997014925373134,0.025832835820895524,0.00015522388059701492
2907426412,0.32040772532188844,0.2581201716738197,0.07585836909871245,0.08397854077253218,0.1088841201716738,0.00015879828326180258,0.007712446351931331,0.014987124463519312,0.0014592274678111587,0.07895278969957081,0.04948068669527897
2907428134,0.13283392226148413,0.23166077738515897,0.06873498233215548,0.21163957597173144,0.04186572438162544,0.020791519434628977,0.014932862190812718,0.0009681978798586572,0.0004240282685512368,0.1045583038869258,0.17159010600706714
2907432046,0.18731137724550895,0.010730538922155688,0.04665868263473054,0.6107065868263473,0.0019820359281437125,0.00019760479041916167,0.04844910179640719,0.05387425149700599,0.0004491017964071856,0.038167664670658685,0.0014730538922155688
2907432762,0.24641958041958045,0.0031818181818181815,0.17387412587412587,0.2354965034965035,0.01297902097902098,0.04024475524475525,0.006783216783216783,0.0024265734265734268,0.006104895104895105,0.2580419580419581,0.014447552447552447
2907433870,0.2343699731903485,0.05534048257372654,0.06119034852546916,0.1547882037533512,0.0007345844504021447,0.14063270777479892,0.044493297587131365,0.1021608579088472,0.04595710455764075,0.1362627345844504,0.02406970509383378
3035203913,0.2908424908424909,0.2500586080586081,0.09312087912087913,0.06581684981684982,0.22864468864468865,0.0020293040293040293,0.0010036630036630036,0.005904761904761905,0.0007106227106227106,0.04023443223443223,0.021633699633699637
3036035670,0.21867462686567166,0.3766686567164179,0.030143283582089557,0.04447164179104478,0.15737910447761194,1.1940298507462685e-05,0.0004955223880597015,0.009319402985074629,0.00017313432835820895,0.14191044776119402,0.020752238805970154
3036040244,0.05588571428571429,0.2264634920634921,0.007498412698412699,0.11808888888888887,0.5595238095238095,0.0001841269841269841,0.0070984126984126985,0.009409523809523809,0.009961904761904762,0.005282539682539682,0.0006031746031746032
308207507,0.20601599999999998,0.05935466666666666,0.045488,0.453504,0.008570666666666667,0.000272,0.030848,0.018944,0.00018133333333333331,0.17368,0.003141333333333333
3470954391,0.09827027027027027,0.5021981981981982,0.011351351351351352,0.19643843843843845,0.017105105105105104,0.0,0.0004924924924924925,0.00024024024024024023,0.0,0.17386186186186187,4.204204204204204e-05
3470957417,0.227993993993994,0.017921921921921918,0.13613213213213213,0.3975135135135135,0.08523723723723724,1.8018018018018016e-05,0.03715315315315315,0.00033033033033033035,0.0062942942942942936,0.09093093093093091,0.00047447447447447453
3470959207,0.0005585585585585586,0.0,0.8145765765765764,0.0001381381381381381,0.00021621621621621621,0.17957957957957954,0.00041441441441441434,0.0,0.0020720720720720717,0.0,0.0024444444444444444
3470961005,0.014156156156156157,8.408408408408409e-05,0.3905285285285285,0.3367807807807808,0.024486486486486485,0.18144744744744745,0.0036456456456456453,0.00043843843843843837,0.010534534534534536,0.03717117117117117,0.0007267267267267268
3470967057,0.44509309309309303,0.0056576576576576575,0.4344264264264264,0.0003003003003003003,0.0008348348348348348,0.09384984984984984,0.0005465465465465466,0.0009069069069069069,0.008894894894894893,0.0013453453453453456,0.008144144144144142
3470983121,0.2477237237237237,0.00966966966966967,0.6055015015015015,0.04363963963963964,0.04334534534534534,0.03205405405405405,0.0074414414414414425,2.4024024024024028e-05,0.010264264264264264,0.0001021021021021021,0.00023423423423423422
3470984953,0.008636636636636637,0.0,0.6134594594594595,0.10567567567567568,0.0017177177177177176,0.10950750750750753,0.00016216216216216215,0.0,0.00010810810810810812,0.13935135135135135,0.021381381381381383
3471778308,0.011633633633633634,0.0,0.39596996996997,0.3566966966966967,0.014198198198198196,0.2070990990990991,0.0001021021021021021,0.0,0.011393393393393394,0.0021141141141141143,0.0007927927927927926
3471781758,0.004936936936936936,0.0,0.7776636636636637,0.001981981981981982,0.001069069069069069,0.2008168168168168,0.0003123123123123123,0.0,0.008654654654654655,6.006006006006007e-06,0.0045585585585585595
3471783700,0.005429429429429429,0.0,0.8772072072072072,0.10822822822822822,0.00875075075075075,0.00033033033033033035,0.0,0.0,2.4024024024024028e-05,0.0,3.003003003003003e-05
3471785688,0.0712012012012012,0.027699699699699695,0.3808408408408409,0.5158978978978978,0.003867867867867868,4.204204204204204e-05,0.0003183183183183183,3.603603603603604e-05,6.006006006006007e-06,8.408408408408409e-05,6.006006006006007e-06
3471787882,0.051405405405405405,0.008342342342342343,0.24535735735735734,0.6693633633633633,0.01773573573573574,3.603603603603604e-05,0.0008348348348348348,7.207207207207206e-05,0.0008468468468468467,0.003033033033033033,0.002972972972972973
3471789724,0.09283483483483485,0.00029429429429429435,0.6412312312312313,0.03855255255255255,0.06091891891891892,0.0,0.014126126126126124,6.006006006006007e-06,3.003003003003003e-05,0.10285285285285284,0.04915315315315316
3471791988,0.02789189189189189,0.0,0.9234294294294294,0.028390390390390395,0.008696696696696699,0.00013213213213213214,0.004804804804804805,0.0,0.0012072072072072072,0.0019579579579579575,0.003489489489489489
3471793832,0.043771771771771766,0.0,0.7147987987987988,0.012186186186186186,0.016888888888888887,0.006594594594594594,0.029423423423423425,0.0,0.0007927927927927926,0.019201201201201203,0.15634234234234234
3543080943,0.07505263157894737,0.0036099071207430335,0.10040247678018577,0.17303405572755418,0.6272012383900929,6.191950464396285e-06,4.953560371517028e-05,0.00023529411764705883,0.00034674922600619193,0.01836532507739938,0.001696594427244582
3551796565,0.07756756756756755,0.2423183183183183,0.32313513513513514,0.03457057057057057,0.1896036036036036,0.0,0.00015615615615615616,0.0002042042042042042,0.0,0.10857057057057057,0.023873873873873876
368382247,0.20620266666666667,0.000704,0.271344,0.006816,0.04805866666666666,0.359744,0.003152,0.004325333333333333,0.02659733333333333,0.02594133333333333,0.047114666666666666
368382456,0.3926535087719297,0.04090789473684211,0.09644298245614034,8.333333333333333e-05,0.07226754385964912,0.3358333333333333,0.00325,0.01667982456140351,0.04049561403508772,0.0,0.0013859649122807017
3769934649,0.11757333333333335,0.183216,0.2759573333333333,0.060282666666666665,0.084688,0.006096,0.003269333333333333,0.0017066666666666669,0.0007573333333333334,0.01817066666666667,0.2482826666666667
3769944403,0.3080853333333333,0.09260266666666665,0.2556053333333333,0.19176533333333332,0.113168,0.000128,0.004272,0.012976,0.0007253333333333333,0.0018666666666666664,0.01880533333333333
3769947373,0.32089066666666666,0.13250666666666666,0.19692266666666666,0.08358933333333332,0.07966933333333331,0.027856,0.0019146666666666667,0.002816,0.004661333333333332,0.029381333333333325,0.11979200000000001
3769974753,0.05753066666666666,0.10706133333333333,0.37161066666666653,0.13121066666666667,0.09872,0.004869333333333333,0.0029706666666666666,0.005776,0.013013333333333332,0.10946666666666667,0.09777066666666669
3769976991,0.289008,0.05252266666666666,0.101248,0.04218666666666666,0.063184,0.0016906666666666667,0.008165333333333333,0.002501333333333333,0.00039466666666666665,0.272432,0.16666666666666666
3770006391,0.261728,0.020730666666666668,0.12163733333333332,0.27342933333333336,0.10481066666666666,0.000144,0.002992,0.0019199999999999998,9.066666666666667e-05,0.051253333333333324,0.161264
3770028511,0.07386666666666665,0.009418666666666669,0.012938666666666666,0.8312639999999999,0.040314666666666665,0.0,0.0005173333333333333,0.001664,3.2e-05,0.02955733333333333,0.00042666666666666667
3770063713,0.18192533333333333,0.0050933333333333325,0.20402133333333333,0.11421333333333332,0.091264,0.0008266666666666666,0.006368,0.0008266666666666666,0.009381333333333332,0.37696,0.00912
3770706544,0.20746133333333333,0.051296,0.544208,0.103968,0.016672,0.000208,0.0017866666666666669,0.004122666666666666,0.00020266666666666667,0.05686933333333333,0.013205333333333331
3770718872,0.09483733333333333,0.09685866666666665,0.16205333333333333,0.11698133333333335,0.22292266666666666,0.006570666666666666,0.02197333333333333,0.0006453333333333334,0.002512,0.184576,0.09006933333333332
3770758676,0.064464,0.04144533333333333,0.15333866666666668,0.33221866666666666,0.10005333333333333,5.333333333333334e-06,0.11446400000000001,0.016485333333333334,9.6e-05,0.12207466666666665,0.05535466666666667
3770802824,0.10565333333333334,0.007248,0.104624,0.5881066666666666,0.06189866666666665,0.000608,0.000944,0.004224,0.04085866666666666,0.06308800000000002,0.02274666666666666
3770815688,0.14621333333333333,0.09050133333333331,0.3472853333333333,0.09845866666666665,0.186688,0.00576,0.009898666666666665,0.00144,0.0007466666666666666,0.05312533333333333,0.05988266666666666
3770824426,0.06902933333333333,0.017317333333333334,0.11818133333333332,0.6335786666666666,0.036597333333333336,0.00011733333333333333,0.0064586666666666655,0.005664,0.003024,0.10525866666666668,0.0047733333333333326
3770988666,0.1612,0.19932266666666668,0.21937066666666666,0.09397333333333333,0.15522666666666668,0.0005333333333333334,0.01219733333333333,0.003152,0.0022453333333333327,0.12532266666666667,0.027456
3786572822,0.23621621621621625,0.2258798798798799,0.03403603603603604,0.3608348348348349,0.11752552552552553,5.4054054054054054e-05,0.0003003003003003003,0.003915915915915916,0.008384384384384382,0.008414414414414415,0.0044384384384384395
3843274923,0.10972259507829978,4.47427293064877e-05,0.12375391498881433,0.0001789709172259508,0.00842953020134228,0.3320626398210291,0.0,0.000232662192393736,0.032805369127516776,1.7897091722595073e-05,0.39275167785234893
3843296395,0.2187093333333333,0.0,0.5536426666666666,0.0022773333333333326,0.0044853333333333325,0.0010186666666666666,0.00017066666666666668,0.00023466666666666666,0.022192,0.1884,0.008869333333333333
3843301371,0.016709333333333333,0.001216,0.20747733333333332,0.759584,0.005232,2.666666666666667e-05,0.003733333333333333,0.0051733333333333345,0.000848,0.0,0.0
3843307163,0.06267938931297712,0.007519083969465649,0.4466106870229008,0.2661984732824427,0.14027480916030535,8.396946564885496e-05,6.870229007633588e-05,0.0,5.34351145038168e-05,0.008877862595419846,0.06763358778625954
3843319247,0.160624,0.0004053333333333333,0.22258666666666665,0.430992,0.03799466666666667,0.0007626666666666668,0.0046293333333333325,0.007226666666666666,0.12380266666666667,0.009802666666666666,0.0011733333333333333
3843321335,0.206512,2.133333333333333e-05,0.128576,0.388144,0.23641066666666666,0.0,0.00024,0.0004533333333333333,0.0,0.010832,0.02881066666666666
3844066618,0.2751964809384164,0.006035190615835778,0.04973607038123168,0.0005571847507331378,0.03717888563049854,0.39174193548387093,0.00012316715542521993,0.0014134897360703813,0.15748973607038122,9.3841642228739e-05,0.08043401759530792
3844070684,0.091264,0.013701333333333331,0.5518506666666667,0.224944,0.017253333333333332,8.533333333333334e-05,0.02766933333333333,0.0013173333333333331,0.0012373333333333331,0.069744,0.0009333333333333332
3844074154,0.05431123919308357,5.763688760806916e-06,0.4223342939481268,0.4641613832853026,0.013118155619596542,0.0,0.015850144092219017,4.610951008645533e-05,0.0006743515850144092,0.028438040345821324,0.0010605187319884725
3844086536,0.13669866666666666,0.0,0.5563466666666665,0.0444,0.017424,0.0,1.0666666666666667e-05,9.6e-05,6.4e-05,0.24496,0.0
3844091610,0.03391374663072776,1.6172506738544477e-05,0.4244636118598383,0.5239299191374664,0.009913746630727763,9.164420485175201e-05,0.0030673854447439354,0.001045822102425876,0.003536388140161725,0.0,2.1563342318059295e-05
3844097096,0.11403733333333335,2.133333333333333e-05,0.583984,0.003408,0.051333333333333335,0.07930666666666665,0.000256,0.00031466666666666665,0.028282666666666668,0.0009866666666666667,0.13806933333333332
3844099134,0.041952,0.0,0.5822346666666666,0.0053173333333333345,0.028864,0.098928,3.2e-05,2.666666666666667e-05,0.062261333333333335,0.00022400000000000002,0.18016
3844103166,0.095168,5.333333333333334e-06,0.6294026666666666,0.05679466666666666,0.02040533333333333,0.023024,0.09494933333333333,0.0006293333333333333,0.050976,0.018112,0.010533333333333334
3844105198,0.19341037735849054,0.06223584905660376,0.11621698113207547,0.3456933962264151,0.13775471698113206,0.0031509433962264148,0.004834905660377357,0.01644811320754717,0.10212264150943397,0.013816037735849057,0.004316037735849057
3934445785,0.11254773869346732,1.0050251256281408e-05,0.2342361809045226,0.040894472361809035,0.0046532663316582925,0.007894472361809046,0.0,0.0,6.532663316582915e-05,0.0,0.5996984924623115
3935226068,0.04727272727272727,0.6578693181818182,0.05466477272727272,0.06605113636363637,0.09230681818181817,0.0,2.272727272727273e-05,2.272727272727273e-05,2.272727272727273e-05,0.08158522727272727,0.0001818181818181818
3935233154,0.218005291005291,0.0,0.1856296296296296,2.1164021164021164e-05,0.003560846560846561,0.10417989417989418,1.5873015873015872e-05,2.6455026455026456e-05,0.004994708994708994,0.0006031746031746032,0.482962962962963
3944417741,0.18788588588588587,0.00011411411411411411,0.18651051051051049,0.2895675675675676,0.046492492492492495,0.0,0.0010450450450450448,0.00024624624624624625,6.006006006006007e-06,0.2881081081081081,2.4024024024024028e-05
3944424229,0.16690419161676648,0.00023353293413173654,0.02485029940119761,0.3976886227544911,0.07188622754491017,0.0,0.0005628742514970059,0.00028143712574850297,0.00010179640718562876,0.33743712574850293,5.3892215568862265e-05
3944714517,0.09272020725388601,0.031264248704663204,0.5885544041450778,0.07215544041450778,0.02406735751295337,0.00027461139896373056,0.008031088082901554,0.0004196891191709845,1.0362694300518137e-05,0.04925388601036269,0.13324870466321245
3944717189,0.029319371727748688,0.0,0.12448167539267015,0.06893193717277486,0.2055916230366492,0.0,0.0,0.0,0.0,0.1107434554973822,0.4609319371727749
3944717785,0.006734177215189875,0.0,0.004430379746835443,0.10020759493670886,0.0037822784810126577,0.0,5.569620253164557e-05,0.0,0.0,0.8847898734177214,0.0
3944721537,0.07641666666666665,0.005458333333333332,0.1667625,0.466625,0.07408333333333332,0.0,0.00015,0.0,0.0,0.21020833333333333,0.0002958333333333333
3944724351,0.060373626373626366,0.013368131868131869,0.026384615384615385,0.5485934065934066,0.2456648351648352,0.0,1.0989010989010989e-05,5.494505494505494e-06,0.0,0.10293406593406594,0.002664835164835165
3944725421,0.08812861736334406,6.430868167202573e-06,0.4339292604501608,0.010790996784565916,0.008025723472668809,0.0017556270096463025,0.00021864951768488746,1.929260450160772e-05,0.00024437299035369773,0.006398713826366561,0.4504823151125402
3944780599,0.041875324675324684,0.0010493506493506493,0.4717038961038961,0.19471168831168834,0.010722077922077923,0.0,0.05926233766233766,0.001464935064935065,0.0007428571428571427,0.21607792207792206,0.002389610389610389
3945202422,0.3361381381381381,0.0,0.2087747747747748,0.34643243243243244,0.013687687687687687,0.0,0.0013513513513513516,7.207207207207206e-05,5.4054054054054054e-05,0.09348948948948947,0.0
3945206018,0.19868677494199533,0.003962877030162413,0.03761020881670533,0.208677494199536,0.07033410672853828,9.280742459396752e-05,0.0007238979118329465,0.00029698375870069603,0.00219953596287703,0.4750394431554524,0.002375870069605568
3945498430,0.16473743016759776,5.58659217877095e-06,0.34101117318435753,0.05908379888268156,0.04712849162011173,1.675977653631285e-05,0.005843575418994413,0.0,1.11731843575419e-05,0.3743184357541899,0.007843575418994414
3945505712,0.06048101265822785,0.0036962025316455696,0.2959409282700422,0.34070042194092826,0.06952742616033755,0.0,0.00014345991561181434,0.0,0.0,0.2291645569620253,0.0003459915611814346
3945509304,0.007444444444444445,0.0019555555555555554,0.7297259259259259,0.016377777777777783,0.004355555555555554,0.0,6.666666666666667e-05,7.407407407407407e-06,0.0,0.23224444444444445,0.00782222222222222
3945512630,0.11070289855072464,0.05534057971014493,0.3094782608695652,0.2421159420289855,0.003253623188405797,0.02633333333333333,0.012942028985507248,0.009137681159420288,0.00010869565217391303,0.024557971014492752,0.2060289855072464
40217552,0.3521621621621622,0.00390990990990991,0.13654054054054054,0.1928228228228228,0.007969969969969971,6.006006006006007e-06,0.004216216216216216,0.0014954954954954954,0.01218018018018018,0.28834234234234235,0.0003543543543543544
40217553,0.30478933333333336,0.003584,0.0017866666666666669,0.01907733333333333,0.261232,0.0,1.6e-05,6.4e-05,0.0,0.404272,0.005178666666666666
40217554,0.17456234718826405,0.004757946210268949,0.003330073349633252,0.02071393643031785,0.4711295843520783,0.0,0.0003569682151589242,0.00011735941320293401,8.80195599022005e-05,0.3227286063569682,0.002215158924205379
40220515,0.002412811387900356,0.0,0.9243416370106762,0.0016370106761565836,0.0024555160142348755,0.028355871886121,0.0,2.8469750889679717e-05,0.0007259786476868326,0.0,0.04004270462633452
40220519,0.18637866666666664,0.021909333333333333,0.32442666666666664,0.01135466666666667,0.000976,0.16989333333333334,0.013370666666666666,0.004976,0.02597333333333333,0.202144,0.038597333333333324
40220520,0.2596906666666667,0.00019733333333333327,0.437936,5.333333333333333e-05,0.005312,0.17120533333333332,0.00011200000000000001,0.001312,0.01843733333333333,1.6e-05,0.105728
40220521,0.016471641791044773,5.970149253731344e-06,0.3241134328358209,0.0006865671641791045,0.005683582089552238,0.18827462686567165,0.00020298507462686568,0.0,0.002997014925373134,0.4137671641791045,0.047797014925373124
40220522,0.018010666666666668,0.0,0.650416,2.133333333333333e-05,0.00144,0.16532266666666667,0.0,9.6e-05,0.004688,0.0,0.16000533333333333
40220523,0.003984,0.0,0.894896,0.0014826666666666664,0.021136,0.02773333333333333,0.0,0.0,3.2e-05,0.0,0.050736
40222616,0.009552,0.0,0.39663466666666664,0.0006933333333333333,0.0006666666666666666,0.321344,6.4e-05,6.933333333333333e-05,0.01283733333333333,0.005653333333333333,0.2524853333333333
40222617,4.8e-05,0.0,0.209344,0.0,0.0,0.4514773333333333,0.0,0.0,0.003397333333333333,0.0,0.3357333333333333
40222618,5.333333333333334e-06,0.0,0.4503093333333333,0.0,1.0666666666666667e-05,0.07114666666666665,0.0,0.0,0.0004906666666666667,0.0,0.4780373333333333
40222619,0.010549333333333334,0.0,0.374256,0.00013333333333333334,0.020362666666666668,0.007621333333333332,2.666666666666667e-05,0.000368,0.011152,0.13597333333333333,0.43955733333333336
40222620,0.036064,9.066666666666667e-05,0.5304106666666667,0.04578666666666667,0.011509333333333331,0.006677333333333335,0.059909333333333335,0.001013333333333333,0.005685333333333333,0.276304,0.02654933333333333
40222623,0.104896,0.0,0.774352,0.02341333333333333,0.004112,0.00016533333333333333,0.017488,6.933333333333333e-05,0.000416,0.04844266666666666,0.02664533333333333
4086056583,0.2283243243243243,0.29366366366366364,0.0800900900900901,0.12166966966966968,0.14481081081081082,1.8018018018018016e-05,0.00024624624624624625,0.0012552552552552553,1.8018018018018016e-05,0.11176576576576576,0.018138138138138138
4086059767,0.3949129129129129,0.2555615615615616,0.06057657657657658,0.09151351351351353,0.03622222222222223,0.0,0.00013213213213213214,0.0005405405405405405,0.0003663663663663664,0.1598918918918919,0.0002822822822822822
4225595785,0.22581981981981986,0.11203603603603604,0.19936936936936936,0.13177777777777774,0.11283483483483485,0.003429429429429429,0.03795795795795796,0.06933333333333333,0.05264264264264264,0.03251051051051051,0.02228828828828829
4225600815,0.3664232081911263,0.4102320819112628,0.07004095563139932,0.1089283276450512,0.01395221843003413,0.00012969283276450513,0.0019726962457337887,0.004668941979522184,0.002750853242320819,0.02051194539249147,0.0003890784982935154
4225603749,0.31233633633633634,0.41253453453453454,0.10297897897897898,0.11031231231231232,0.021243243243243243,0.0004084084084084084,0.003243243243243243,0.007033033033033033,0.0050450450450450456,0.02289489489489489,0.00196996996996997
4286173391,0.2751459074733096,0.011174377224199287,0.032932384341637005,0.16989323843416373,0.08850533807829182,0.0,0.0011316725978647688,0.026419928825622774,0.006811387900355872,0.3879359430604982,4.98220640569395e-05
4286176767,0.08423487544483986,0.2557010676156584,0.12604270462633452,0.35748042704626337,0.015473309608540925,0.08491814946619217,0.026989323843416367,0.003281138790035587,0.00012811387900355873,0.045572953736654806,0.00017793594306049823
4286177739,0.03550889679715302,0.0002491103202846975,0.555288256227758,0.14152313167259786,0.01849110320284697,0.13843416370106762,0.0024626334519572955,0.00030604982206405693,4.270462633451957e-05,0.010398576512455515,0.09729537366548041
4286182811,0.013437722419928824,0.15301779359430606,0.3081708185053381,0.3123416370106761,0.0029679715302491105,0.006405693950177936,0.03385053380782918,0.004654804270462634,1.4234875444839855e-05,0.1328612099644128,0.03227758007117437
4286189159,0.0009039145907473308,0.20449110320284694,0.03732384341637011,0.599338078291815,0.011494661921708185,0.0,0.025580071174377224,0.010384341637010677,0.0,0.11029181494661923,0.00019217081850533808
4286195785,0.20135231316725974,2.1352313167259786e-05,0.022782918149466192,0.2284555160142349,0.033330960854092526,0.00013523131672597865,0.042996441281138796,0.0005622775800711744,0.0,0.4703416370106762,2.1352313167259786e-05
4286196741,0.2631174377224199,0.21965124555160145,0.10343772241992882,0.17641281138790035,0.03916014234875445,0.00025622775800711745,0.007423487544483986,0.009252669039145909,0.0007686832740213523,0.17315302491103202,0.007366548042704627
4286914204,0.06795017793594306,0.039551601423487535,0.0031459074733096084,0.6085907473309609,0.0023558718861209963,0.0,0.04468327402135231,0.006341637010676157,0.0,0.22737366548042706,7.117437722419929e-06
4286916166,0.008569395017793593,0.1821423487544484,0.0935729537366548,0.4852811387900356,0.04232740213523132,0.0005693950177935944,0.009202846975088969,0.009217081850533809,0.0,0.14838434163701067,0.02073309608540925
4286923028,0.0200711743772242,0.14986476868327406,0.10022064056939503,0.5233736654804271,0.0028469750889679717,0.0,0.015992882562277582,0.003110320284697509,7.11743772241993e-05,0.18429893238434164,0.0001494661921708185
4286923810,0.062427046263345186,0.019779359430604986,0.031622775800711746,0.7063345195729538,0.03572953736654804,0.0,0.00496797153024911,0.002277580071174377,0.0,0.1368540925266904,7.117437722419929e-06
4286929742,0.08433451957295372,0.3909608540925267,0.390576512455516,0.09183629893238433,0.022362989323843417,0.0,2.8469750889679717e-05,0.004911032028469751,2.1352313167259786e-05,0.0073024911032028485,0.007665480427046263
4286931914,0.12138790035587188,0.06347330960854093,0.052725978647686834,0.4807473309608541,0.032932384341637005,0.0016583629893238436,0.00903202846975089,0.015494661921708184,0.0052099644128113885,0.21580782918149466,0.0015302491103202846
4286935686,0.20451957295373666,0.00490391459074733,0.023608540925266902,0.2528612099644128,0.015558718861209962,0.00022064056939501776,0.0221067615658363,0.008,2.8469750889679717e-05,0.4656868327402135,0.002505338078291815
4286936488,0.02469039145907473,0.0380711743772242,0.05043416370106762,0.6247188612099644,0.013359430604982207,0.0,0.024035587188612095,0.006704626334519573,0.0,0.21795729537366548,2.8469750889679717e-05
448441805,0.3307466666666667,0.14224,0.060325333333333335,0.370528,0.029792,0.00012266666666666668,0.02408,0.0019466666666666664,0.009045333333333334,0.029232,0.001941333333333333
477025836,0.4582293333333333,0.260736,0.12001066666666667,0.08841066666666665,0.03129066666666667,0.00011733333333333333,0.01390933333333333,0.0025493333333333327,0.004336,0.017621333333333333,0.002789333333333333
477042293,0.19879466666666668,0.0,0.6684266666666666,0.012863999999999999,0.056373333333333324,2.133333333333333e-05,0.010010666666666666,0.02939733333333333,0.015472,0.0013066666666666667,0.007333333333333333
477044465,0.00216,0.00018666666666666666,0.533312,0.32372266666666666,0.052896,0.0,0.012149333333333331,0.022554666666666667,0.013397333333333334,0.038426666666666665,0.0011946666666666664
477044873,0.002992,0.005162666666666667,0.2881333333333333,0.5322133333333333,0.049466666666666666,0.0,0.006906666666666666,0.02895466666666667,0.059472,0.026586666666666668,0.00011200000000000001
477045951,0.16984533333333332,0.006074666666666666,0.14494933333333335,0.28369066666666665,0.01678933333333333,0.0,0.016624,0.2317813333333333,0.02202133333333333,0.10780266666666667,0.00042133333333333335
477046843,0.2926506666666667,0.314656,0.09152,0.137232,0.055029333333333326,1.0666666666666667e-05,0.004885333333333334,0.004581333333333333,0.00296,0.08603733333333331,0.010437333333333331
477047199,0.7249759999999998,0.001984,0.01839466666666667,0.014421333333333331,0.061072,1.0666666666666667e-05,0.0019893333333333334,0.001216,0.000624,0.17502933333333334,0.0002826666666666667
477345920,0.0002453333333333333,0.0,0.8816639999999999,0.10393599999999999,0.00041066666666666666,0.00041066666666666666,0.007338666666666667,0.0007626666666666668,1.6e-05,0.00016,0.005056
477357740,0.12662933333333334,0.03962666666666666,0.14895466666666668,0.41169066666666665,0.047024,8e-05,0.002341333333333333,0.003824,0.141024,0.07861333333333331,0.000192
477363715,0.007509333333333333,0.0,0.8829439999999998,0.0,0.001808,0.08349333333333332,0.0,0.0002826666666666667,0.016266666666666662,0.0,0.007695999999999999
477366829,0.228416,0.12746133333333334,0.411008,0.12203199999999999,0.01693333333333334,0.00136,0.0011733333333333333,0.002512,0.0032106666666666672,0.08394133333333334,0.001952
477367927,0.13952,0.00016,0.43166933333333335,0.37394133333333335,0.0044266666666666656,0.002416,0.019936,0.001504,0.00029866666666666664,0.02154133333333333,0.004586666666666666
477372419,0.012757333333333334,0.0,0.7911946666666667,0.0046293333333333325,0.0007893333333333333,0.0,0.006448,0.016112,0.033568,0.13368,0.0008213333333333333
477373393,0.0002666666666666667,0.0,0.8695786666666667,0.00472,0.008895999999999998,0.012490666666666669,0.006586666666666666,0.0008746666666666667,0.05496,0.010325333333333334,0.031301333333333334
477374463,0.254512,0.02546133333333333,0.051573333333333325,0.366272,0.063856,5.333333333333333e-05,0.02058133333333333,0.020730666666666668,0.013205333333333331,0.182016,0.0017386666666666664
4805371335_1,0.3203733333333333,0.21924266666666667,0.20211733333333332,0.046330666666666666,0.028144,0.008037333333333334,0.004048,0.0031573333333333327,0.00128,0.021402666666666667,0.14586666666666667
4805371907_1,0.3701973333333333,0.013781333333333331,0.021632,0.097968,0.41122666666666663,2.133333333333333e-05,0.004266666666666666,0.0013493333333333332,8e-05,0.07509333333333333,0.004384
4805373157_1,0.281152,0.02894933333333333,0.10516266666666667,0.19235733333333327,0.263584,6.933333333333333e-05,0.023370666666666668,0.0031893333333333326,0.00018133333333333331,0.096784,0.0052
4805375885,0.16920533333333335,0.5192213333333333,0.106288,0.06965333333333333,0.01923733333333333,0.0018613333333333331,0.0010453333333333332,0.00043733333333333336,0.00024,0.101376,0.011434666666666666
4805378035_1,0.15072533333333332,0.125776,0.059856,0.3366826666666667,0.032944,0.0002666666666666667,0.00488,0.0002933333333333333,0.0012746666666666664,0.279008,0.008293333333333333
4805378823_1,0.272464,0.4340906666666666,0.05101866666666666,0.1868213333333333,0.017493333333333333,4.266666666666666e-05,0.008314666666666666,0.0009866666666666667,0.006752,0.02107733333333333,0.0009386666666666666
4805997452_1,0.13402666666666666,0.627856,0.10217066666666667,0.02688533333333333,0.014656,5.333333333333334e-06,0.0003893333333333333,0.0020853333333333327,0.000448,0.071424,0.020053333333333333
4805998074_1,0.5368106666666665,0.3398453333333333,0.015040000000000001,0.023296,0.04332266666666666,0.00021866666666666668,0.0002293333333333333,0.000688,0.0,0.025504,0.015045333333333334
4806006054,0.109792,0.117952,0.03337066666666667,0.20317333333333332,0.41528,9.066666666666667e-05,0.0033386666666666673,0.007205333333333334,0.0004,0.10436266666666667,0.005034666666666666
4806007504_1,0.22794666666666666,0.068128,0.010261333333333334,0.21517333333333333,0.387728,1.6e-05,0.003184,0.008549333333333334,5.333333333333333e-05,0.07613866666666666,0.002821333333333333
4806011196_1,0.478224,0.18641066666666667,0.0008586666666666666,0.194288,0.005322666666666666,0.0,0.0003573333333333333,0.001648,2.133333333333333e-05,0.13269333333333333,0.000176
4806012538_1,0.02032533333333333,0.00832,0.003616,0.16020266666666666,0.707392,9.066666666666667e-05,0.0009333333333333332,0.000688,0.00020266666666666667,0.09795733333333331,0.000272
4806014250_1,0.4016853333333333,0.03364266666666667,0.006293333333333333,0.06112533333333332,0.180544,0.0,0.02339733333333333,0.09104,0.0019093333333333332,0.20029866666666668,6.4e-05
5207029843,0.03436800000000001,0.00013333333333333334,0.3062773333333333,0.654224,0.0005173333333333333,0.0,0.004229333333333333,7.466666666666666e-05,0.0,0.000176,0.0
5207030867,0.03589333333333333,0.0003413333333333333,0.014954666666666666,0.8587946666666667,0.003125333333333333,0.0,0.0049493333333333325,3.2e-05,0.0,0.08190933333333332,0.0
5207618276,0.004868327402135231,0.0,0.9400071174377224,7.117437722419929e-06,0.0,0.030754448398576512,0.0007330960854092526,0.0,0.02296085409252669,0.0,0.0006690391459074733
5207619966,0.04325978647686832,0.0,0.9237366548042704,0.006306049822064057,1.4234875444839855e-05,0.0,0.01716725978647687,0.0,2.8469750889679717e-05,0.009153024911032029,0.0003345195729537367
5207630438,0.161648,0.011685333333333334,0.2007253333333333,0.3043253333333333,0.207616,0.002704,0.043077333333333336,0.0008053333333333332,0.0003573333333333333,0.06675733333333334,0.00029866666666666664
5336468641,0.19341333333333333,0.000304,0.3368053333333333,0.06702933333333333,0.0034346666666666666,1.0666666666666667e-05,0.003664,0.0017386666666666664,0.00096,0.392624,1.6e-05
5336492721,0.142752,0.005424,0.550832,0.13573866666666667,0.005338666666666666,0.0015146666666666668,0.027722666666666663,0.006202666666666667,0.007253333333333333,0.11679466666666667,0.00042666666666666667
5336576895,0.10655466666666667,0.0007146666666666666,0.16969066666666666,0.18949866666666668,0.19621866666666668,0.0009173333333333332,0.0308,0.00256,0.002432,0.2642826666666667,0.03633066666666666
5336594367,0.35,0.0,0.061045333333333326,0.5858186666666667,4.266666666666666e-05,5.333333333333334e-06,5.333333333333334e-06,0.0006026666666666667,0.002453333333333333,0.0,2.666666666666667e-05
5336603721,0.09154133333333331,0.007450666666666667,0.5668746666666666,0.04471466666666666,0.0020906666666666665,0.00352,0.12390933333333333,0.07349866666666667,0.03678933333333333,0.04709866666666666,0.002512
5336657907,0.04062933333333334,0.0006613333333333333,0.73272,0.004064,0.0016373333333333333,0.004181333333333333,0.012085333333333332,0.0008373333333333334,0.006410666666666665,0.19346666666666668,0.0033066666666666665
5336667665,0.240592,0.037904,0.22368533333333332,0.387392,0.036453333333333324,0.0,0.007002666666666666,0.0013066666666666667,0.0,0.062272,0.003392
5336691683,0.07706666666666667,0.045616,0.0004426666666666666,0.035248,0.002442666666666667,0.0,0.000448,0.00010666666666666668,0.0,0.8386293333333333,0.0
5336700087,0.276576,0.00013333333333333334,0.2933653333333333,0.03014933333333333,0.009429333333333331,0.001152,0.00046399999999999995,0.0016266666666666669,0.002106666666666667,0.382384,0.002613333333333333
5336709067,0.10173866666666667,0.000544,0.462592,0.03666133333333333,0.0073866666666666655,0.0013653333333333336,0.005578666666666666,0.000512,0.0014293333333333332,0.38079466666666667,0.0013973333333333331
5337200320,0.06316266666666667,0.0008106666666666666,0.248608,0.06315733333333333,0.06284266666666667,0.05432000000000001,0.092624,0.005989333333333334,0.02202133333333333,0.327568,0.058896
5337290332,0.3593173333333333,0.042506666666666665,0.2446186666666667,0.25855466666666665,0.021562666666666667,0.0,0.012789333333333331,0.0021493333333333334,0.0,0.05561066666666666,0.0028906666666666673
5337297744,0.41436266666666666,5.333333333333334e-06,0.13419733333333336,0.450496,0.000512,0.0,2.133333333333333e-05,5.8666666666666665e-05,0.00016,0.00017066666666666668,1.6e-05
5337331686,0.11702933333333332,0.0012853333333333336,0.45184,0.06439466666666666,0.01376533333333333,0.001216,0.004410666666666666,0.0020106666666666667,0.0021973333333333333,0.33672,0.005130666666666667
5340248760,0.284752,0.0052,0.2322613333333333,0.030949333333333325,0.003914666666666667,0.0,3.2e-05,0.0013173333333333331,7.466666666666666e-05,0.44138133333333335,0.00011733333333333333
633466358,0.147888,0.06789333333333332,0.10914133333333334,0.2835146666666667,0.30850666666666665,0.000192,0.004752,0.001557333333333333,0.0017546666666666667,0.07132266666666667,0.0034773333333333327
6339770591,0.10483116883116884,0.365930735930736,0.03522077922077922,0.206,0.17849350649350648,0.00035497835497835497,0.02101298701298701,0.007679653679653678,0.009316017316017316,0.06792207792207793,0.0032380952380952387
6779631882,0.16435151515151514,0.08458787878787878,0.1988181818181818,0.12033939393939395,0.09069696969696968,4.2424242424242416e-05,0.04671515151515152,0.20283030303030306,0.0021575757575757575,0.08455757575757576,0.004903030303030303
6779632264,0.31455757575757576,0.14513939393939393,0.1002969696969697,0.2918060606060606,0.00423030303030303,0.0,0.043806060606060605,0.018381818181818183,0.0,0.05393939393939394,0.02784242424242424
6908787505,0.05465634674922601,0.20899071207430334,0.0533374613003096,0.2925448916408669,0.13637151702786374,0.0029411764705882357,0.05068730650154799,0.05889783281733745,0.01469969040247678,0.11621052631578947,0.010662538699690402
6908787687,0.05640840840840841,0.0635015015015015,0.1048948948948949,0.291003003003003,0.02757357357357357,0.010744744744744746,0.023915915915915915,0.19913513513513514,0.1406006006006006,0.07787987987987988,0.004342342342342343
6915331919,0.20779939209726445,0.0013677811550151975,0.2100790273556231,0.3964620060790274,0.0144741641337386,0.0,0.0017507598784194528,0.04297872340425532,0.01748936170212766,0.1012644376899696,0.006334346504559271
6915332073,0.06541033434650456,0.18390273556231004,0.0002978723404255319,0.11976899696048633,0.0,0.0,0.00296048632218845,0.6026322188449849,0.0004133738601823709,0.02461398176291793,0.0
6915332205,0.14144072948328268,0.004559270516717325,0.3912522796352584,0.27700911854103344,0.0016534954407294831,0.0,0.0027963525835866267,0.02485106382978724,0.0013860182370820668,0.11012158054711246,0.044930091185410324
6915332351,3.0395136778115502e-05,0.0,0.16958662613981762,0.0635258358662614,0.00026139817629179326,0.0006686930091185409,0.019775075987841947,0.0043282674772036475,0.2520851063829787,0.4663951367781155,0.023343465045592704
6915332487,0.04216413373860183,0.002468085106382979,0.4426565349544073,0.2401762917933131,0.002589665653495441,0.0,0.004753799392097265,0.005458966565349544,0.04921580547112462,0.15007902735562306,0.060437689969604864
6915332615,0.13004145077720208,0.2620518134715025,0.2513056994818653,0.24548704663212434,0.0018031088082901554,0.00015025906735751296,0.018834196891191708,0.00027461139896373056,5.181347150259068e-06,0.043481865284974094,0.046564766839378234
6915332765,0.04066869300911854,0.09686930091185407,0.23699088145896655,0.35204863221884497,0.013617021276595745,0.0006261398176291794,0.0027963525835866267,0.07511246200607903,0.06279635258358662,0.06321580547112464,0.05525835866261399
6915332873,0.05597553516819572,0.34229969418960243,0.2343180428134557,0.23343730886850156,0.02729051987767584,0.0007033639143730887,0.0025198776758409785,0.0231131498470948,0.009535168195718657,0.01127217125382263,0.05953516819571865
6925748265,0.26997005988023953,0.005784431137724551,0.2764670658682635,0.2326826347305389,0.0010239520958083832,0.0,0.013353293413173652,0.08967065868263473,0.0,0.09875449101796407,0.012293413173652694
6925748381,0.0009640718562874252,0.3840778443113773,0.30938922155688625,0.08967664670658684,4.790419161676647e-05,0.0,0.09453892215568863,0.0014670658682634733,0.011682634730538922,0.10571856287425148,0.002437125748502994
6925748483,0.23656626506024095,0.13460240963855422,0.16343975903614458,0.2582530120481928,0.0017891566265060238,0.0,0.019759036144578312,0.06375301204819277,1.2048192771084335e-05,0.11453012048192772,0.007295180722891565
811688950,0.32184,0.123632,0.023392,0.2957813333333333,0.03490133333333333,0.00029866666666666664,0.002762666666666667,0.03145066666666667,0.001968,0.16255466666666665,0.0014186666666666664
8633728015,0.11050666666666667,1.0666666666666667e-05,0.07649599999999998,0.5071626666666667,0.22141866666666668,0.0,0.00020266666666666667,0.0,0.0,0.021834666666666662,0.06236799999999999
8634837968,0.014293333333333332,0.0,0.015242666666666668,0.04077866666666666,0.9182880000000002,0.0,0.0,0.0,0.0,0.006608,0.004789333333333333
8634838736,0.00776,0.493408,0.3292373333333333,0.009306666666666666,0.075008,0.001136,5.8666666666666665e-05,5.333333333333334e-06,5.8666666666666665e-05,0.01767466666666667,0.06634666666666666
8717206597,0.008300300300300302,0.014342342342342343,0.027705705705705703,0.9374294294294294,0.006606606606606606,0.0,3.003003003003003e-05,0.0003243243243243243,0.0,0.0052612612612612615,0.0
8717209265,0.0017957957957957958,0.0,0.3372312312312312,0.014720720720720719,0.00043243243243243243,0.0008948948948948948,0.0003903903903903904,0.0,0.6272252252252253,0.00039639639639639637,0.016912912912912914
8717209603,0.022992,0.21373333333333333,0.11081066666666667,0.6293706666666666,0.0005386666666666666,0.0,0.015242666666666668,0.0006666666666666666,0.0,0.006618666666666666,2.666666666666667e-05
8717209869,0.220128,0.17129066666666667,0.27503466666666665,0.31816533333333336,0.004378666666666667,0.0,0.00568,0.000384,5.333333333333334e-06,0.004010666666666667,0.0009226666666666668
8717210207,0.2669813333333333,0.040362666666666665,0.11597866666666665,0.4688213333333333,0.003056,0.0012586666666666664,0.0025653333333333327,0.000528,0.0007093333333333332,0.09943466666666669,0.000304
8717210517,0.209408,0.000416,0.400144,0.2385173333333333,0.06944533333333333,0.0,4.8e-05,0.001248,0.0016906666666666667,0.07907733333333332,5.333333333333334e-06
8717210833,0.17410666666666666,0.11072,0.118208,0.5256,0.012106666666666668,0.0,0.0025386666666666665,0.011328,0.0012373333333333331,0.04415466666666666,0.0
8717211785,0.10339733333333333,0.004826666666666666,0.026784,0.828736,0.03005333333333333,0.0,9.6e-05,0.0020906666666666665,0.0,0.004016,0.0
8717212077,0.039514666666666656,0.010608,0.07527466666666667,0.8625279999999999,0.011237333333333334,0.0,5.333333333333334e-06,0.0008213333333333333,0.0,1.0666666666666667e-05,0.0
8718320116,0.003549549549549549,0.0,0.7876396396396397,0.20848048048048048,3.603603603603604e-05,0.0,6.006006006006007e-06,0.0,0.0,0.0,0.0002882882882882883
8718331282,0.12874666666666668,0.004661333333333332,0.002933333333333333,0.8534453333333331,0.0028533333333333327,0.0,0.00018666666666666666,0.003216,0.0,0.0039573333333333335,0.0
8718331592,0.07226133333333333,0.011504,0.008479999999999998,0.8948106666666666,0.007786666666666666,0.0,0.0002453333333333333,0.00039466666666666665,0.0,0.004506666666666666,1.0666666666666667e-05
8718332522,0.354704,0.13614933333333334,0.2696693333333333,0.21293333333333334,0.0006826666666666667,0.010394666666666668,0.00018133333333333331,0.0003413333333333333,0.00010133333333333332,5.333333333333334e-06,0.01483733333333333
8718332840,0.169376,0.02179733333333333,0.16858133333333333,0.600496,0.021658666666666663,0.0,0.003376,0.005445333333333332,0.0,0.005013333333333333,0.004256
8718333100,0.10138133333333334,0.18984533333333334,0.26088,0.394016,0.00952,0.02166933333333333,0.0008853333333333332,0.0002666666666666667,2.133333333333333e-05,5.333333333333334e-06,0.021509333333333328
932902011,0.11481132075471698,0.06072327044025156,0.21027044025157232,0.31037106918238994,0.16504402515723274,0.001893081761006289,0.021,0.011773584905660377,0.0025534591194968552,0.06647798742138365,0.035081761006289305
933771314,0.2703832335329341,0.024389221556886227,0.1121137724550898,0.4527185628742515,0.0288622754491018,0.0008023952095808383,0.012664670658682634,0.0016826347305389222,0.0018562874251497007,0.08830538922155687,0.006221556886227545
