1288780397,0.3537134328358209,0.0,0.2613432835820895,0.38437014925373136,0.000573134328358209,0.0,0.0,0.0,0.0,0.0,0.0
1674805035,0.3781014925373135,0.0,0.0,0.050328358208955225,0.0,0.0,0.0,0.0,0.0,0.5715701492537314,0.0
1674808621,0.028770149253731343,0.0,0.06994029850746268,5.970149253731344e-06,0.0,0.9001313432835821,0.00014328358208955225,0.00017910447761194034,0.0008298507462686566,0.0,0.0
1674810741,0.15409552238805974,0.4668835820895522,0.2114865671641791,0.0003044776119402985,0.00011343283582089551,0.1602626865671642,0.000382089552238806,0.0005611940298507462,0.0013671641791044775,0.0,0.004543283582089552
1674815731,0.05394029850746269,0.6587641791044776,0.11813134328358207,0.0005194029850746269,0.00019701492537313432,0.15885970149253734,0.0005492537313432835,0.00042388059701492536,0.0007104477611940298,5.970149253731344e-06,0.007898507462686569
1674817147,0.07602388059701491,0.5212358208955225,0.17216716417910444,0.0006328358208955223,0.00014328358208955225,0.21570746268656715,0.003755223880597015,0.0005611940298507462,0.0004955223880597015,0.003086567164179105,0.006191044776119402
1674819681,0.10469850746268657,0.0035522388059701492,0.3931223880597015,0.013719402985074626,0.00010746268656716416,0.07286567164179104,0.008949253731343284,0.003319402985074627,0.0021492537313432835,0.3833253731343284,0.014191044776119403
1675673802,0.08588059701492537,0.5462149253731343,0.15334328358208954,0.00034626865671641784,1.7910447761194035e-05,0.2115402985074627,0.000382089552238806,0.0015343283582089553,0.0005850746268656717,6.567164179104478e-05,8.955223880597014e-05
1675682028,0.3071940298507463,0.026370149253731344,0.44779104477611936,0.07677611940298508,8.955223880597014e-05,0.013188059701492538,0.02924776119402985,0.018489552238805967,0.0002447761194029851,0.06925373134328358,0.011355223880597015
1675682410,0.6964835820895522,0.00029850746268656717,0.1247223880597015,0.11724776119402985,0.00029850746268656717,0.000925373134328358,0.014334328358208956,0.0025134328358208955,5.970149253731344e-06,0.04271044776119403,0.0004597014925373135
1675777022,0.2324537313432836,0.30480597014925376,0.2432059701492537,0.0009970149253731343,0.00011343283582089551,0.2011820895522388,0.008352238805970148,0.003456716417910448,0.0009014925373134328,0.0011104477611940298,0.00342089552238806
1675787466,0.09362388059701493,0.4494447761194029,0.3090686567164179,0.0007223880597014925,7.761194029850747e-05,0.0900716417910448,0.001301492537313433,0.0013671641791044775,0.0009373134328358207,0.052113432835820886,0.001271641791044776
1675788826,0.2697373134328358,0.07330746268656717,0.18331940298507465,0.010185074626865671,0.0011223880597014924,0.020023880597014924,0.001008955223880597,0.0018626865671641788,3.582089552238807e-05,0.4334686567164179,0.0059283582089552245
1675789874,0.09874251497005987,0.21953892215568865,0.3142694610778443,0.002377245508982036,0.0013532934131736526,0.05589221556886228,0.0006107784431137723,3.5928143712574846e-05,2.3952095808383234e-05,0.3010059880239521,0.006149700598802395
1675790948,0.02632238805970149,0.0,0.3052955223880597,0.004364179104477612,0.003337313432835821,0.009492537313432836,0.0007641791044776118,3.582089552238807e-05,5.373134328358209e-05,0.6462567164179105,0.0040776119402985075
1831692999,0.29960569105691054,0.43536178861788616,0.013691056910569106,0.044162601626016255,0.11351219512195122,1.6260162601626015e-05,0.021829268292682925,0.0034390243902439025,0.001467479674796748,0.06595528455284552,0.0009593495934959348
1831719961,0.19525333333333333,0.6419626666666666,0.005893333333333335,0.004730666666666666,0.08302933333333333,0.0002453333333333333,0.0013813333333333336,0.0014826666666666664,0.00072,0.06509333333333334,0.000208
1831925575,0.292352,0.4612746666666666,0.01946666666666667,0.12804266666666667,0.039114666666666666,6.4e-05,0.007146666666666666,0.006005333333333333,0.00037866666666666664,0.045413333333333326,0.0007413333333333333
1831927179,0.12185066666666665,0.4863146666666666,0.05106666666666667,0.214752,0.08315733333333332,2.666666666666667e-05,0.00432,0.010223999999999999,0.009338666666666669,0.01614933333333334,0.0028
1832529568,0.5233522458628842,0.014307328605200946,0.05437825059101655,0.11072340425531917,0.13119621749408986,0.0,0.03713475177304965,0.022638297872340427,0.021106382978723404,0.0848888888888889,0.00027423167848699765
1832533352,0.4718814016172506,0.013741239892183288,0.06914285714285714,0.16637735849056606,0.11093261455525606,0.0,0.044900269541778975,0.028053908355795146,0.012652291105121291,0.0818167115902965,0.0005013477088948789
1832534872,0.2833333333333333,0.4371893333333333,0.066896,0.015578666666666666,0.096512,0.0027306666666666673,0.002357333333333333,0.0032479999999999996,0.0013706666666666667,0.08592533333333334,0.004858666666666666
1832536520,0.17010666666666666,0.059088,0.040592,0.5210773333333333,0.08108266666666665,5.333333333333334e-06,0.007717333333333333,0.006837333333333332,5.8666666666666665e-05,0.10606933333333332,0.007365333333333333
1832538318,0.07295466666666665,0.5281866666666666,0.11757866666666665,0.048864,0.179008,0.0016373333333333333,0.0008426666666666667,0.007989333333333331,0.04079466666666666,0.00015466666666666667,0.0019893333333333334
1832539790,0.082224,0.733248,0.02458133333333333,0.02469333333333333,0.05890666666666668,0.0004906666666666667,0.0012266666666666667,0.005349333333333334,0.0006666666666666666,0.06597333333333333,0.00264
1832541240,0.314256,0.3766346666666667,0.070208,0.027402666666666662,0.11741333333333333,0.00021866666666666668,0.025146666666666668,0.012394666666666668,0.0008853333333333332,0.05226666666666667,0.0031733333333333327
1832542742,0.02792,0.7950399999999997,0.025712,0.0006133333333333334,0.000256,0.12118399999999999,9.6e-05,0.0009493333333333332,0.02680533333333333,0.001424,0.0
1832544374,0.117056,0.004768,0.142256,0.03532266666666667,0.309152,0.01678933333333333,0.014965333333333334,0.0004533333333333333,0.001472,0.2531573333333333,0.104608
1832545692,0.39724266666666663,0.21533333333333327,0.05148266666666667,0.025466666666666662,0.003376,0.0005866666666666667,0.0005706666666666668,0.0016,0.0002453333333333333,0.3040426666666667,5.333333333333333e-05
1832755256,0.33092266666666664,0.39365866666666666,0.01936,0.046992,0.07039466666666665,1.0666666666666667e-05,0.0004746666666666666,0.0018506666666666667,0.00012266666666666668,0.13592,0.0002933333333333333
2058915459,0.10149866666666668,0.010272,0.04515733333333333,0.35839466666666664,0.21141866666666667,0.0,0.0,0.001456,7.466666666666666e-05,0.271632,9.6e-05
2058915725,0.19032,0.06461866666666667,0.0018666666666666664,0.4612853333333333,0.03336533333333333,0.0,0.0,0.00013866666666666666,0.0,0.2483893333333333,1.6e-05
2058915961,0.10493333333333334,0.00304,0.005226666666666666,0.5916,0.031477333333333336,0.0,0.0003253333333333333,0.0004586666666666666,2.133333333333333e-05,0.2628,0.00011733333333333333
2058916245,0.183824,0.13471466666666668,0.001008,0.3041653333333333,0.032144,0.0,0.0,0.00017066666666666668,0.0,0.343472,0.0005013333333333333
2058916965,0.11156266666666667,0.026112,0.044608,0.013056,0.31522666666666666,0.0,2.666666666666667e-05,0.000816,9.066666666666667e-05,0.4864426666666666,0.0020586666666666665
2058917075,0.19642133333333334,0.005658666666666666,0.13152,0.015642666666666666,0.10704533333333334,1.0666666666666667e-05,0.00029866666666666664,0.005312,0.0003093333333333333,0.537744,3.733333333333333e-05
2058917961,0.17620266666666667,0.0009866666666666667,0.359872,0.044469333333333326,0.010992,0.0,2.666666666666667e-05,0.0013013333333333336,2.666666666666667e-05,0.4056,0.0005226666666666666
2059701494,0.11500266666666667,0.029226666666666668,0.026762666666666667,0.017626666666666662,0.365536,0.0,0.00023466666666666666,0.003104,5.333333333333333e-05,0.4423733333333333,8e-05
2059702220,0.201808,0.0015893333333333337,0.3569973333333333,0.007461333333333333,0.00014933333333333332,0.0,0.000288,0.00939733333333333,0.000272,0.4220373333333333,0.0
2059702588,0.01192,0.003893333333333333,0.4935306666666666,0.07904,0.09141333333333332,0.002794666666666667,0.025712,0.0060213333333333325,0.0007839999999999998,0.173552,0.11133866666666667
2198567778,0.5458346666666666,0.094688,0.0011946666666666664,0.21388266666666667,0.000128,0.0,0.0018986666666666668,0.044976,4.266666666666666e-05,0.09734933333333333,5.333333333333334e-06
2198568402,0.570144,0.10216,4.266666666666666e-05,0.024048,6.4e-05,1.0666666666666667e-05,0.052288,0.187088,0.0,0.06415466666666667,0.0
2198569082,0.488528,0.08843733333333334,0.00010133333333333332,0.09268266666666665,0.00036266666666666663,0.0,0.010277333333333331,0.039525333333333336,0.0,0.2800853333333333,0.0
223803205,0.035620481927710834,0.002421686746987952,0.06973493975903615,0.009487951807228915,0.2252349397590361,0.0,5.421686746987952e-05,1.8072289156626505e-05,0.0003734939759036145,0.6557469879518072,0.0013072289156626506
223803241,0.050590361445783126,0.009771084337349396,0.016518072289156627,0.11175903614457833,0.04356024096385542,0.0,6.024096385542168e-05,0.005602409638554217,3.614457831325301e-05,0.7620843373493976,1.8072289156626505e-05
223803289,0.07032530120481928,0.03855421686746988,0.04245180722891567,0.007463855421686747,0.11682530120481928,0.0,6.0240963855421675e-06,5.421686746987952e-05,1.8072289156626505e-05,0.7242951807228915,6.0240963855421675e-06
223803340,0.10398795180722893,0.0038855421686746984,0.0027289156626506025,0.027253012048192773,0.04579518072289157,6.0240963855421675e-06,0.00013855421686746988,0.0009156626506024095,6.0240963855421675e-06,0.8151204819277108,0.00016265060240963855
223803380,0.1431867469879518,0.0012951807228915662,0.11601807228915666,0.01063855421686747,0.0002048192771084337,0.0,9.638554216867468e-05,0.003897590361445783,0.0007951807228915662,0.7238674698795181,0.0
223803444,0.12590963855421686,0.003524096385542169,0.05244578313253012,0.016295180722891562,0.13122289156626507,1.2048192771084335e-05,0.0006867469879518072,0.0014096385542168677,7.228915662650602e-05,0.6668554216867469,0.0015662650602409638
223803485,0.11109036144578313,0.002644578313253012,0.034234939759036145,0.016987951807228917,0.1364156626506024,6.0240963855421675e-06,0.0009156626506024095,0.001783132530120482,5.421686746987952e-05,0.6943433734939759,0.0015240963855421687
223803556,0.4368373493975904,0.0060903614457831325,0.00586144578313253,0.03051204819277108,0.0003012048192771085,0.0,4.819277108433735e-05,0.002789156626506024,3.012048192771084e-05,0.5175301204819277,0.0
223803687,0.12130722891566265,0.03761445783132529,0.20918072289156628,0.1488734939759036,0.12249397590361445,0.0010361445783132533,0.0477710843373494,0.08287951807228916,0.004283132530120482,0.2145060240963856,0.01005421686746988
223803726,0.3602590361445783,0.003216867469879518,0.022620481927710843,0.03239759036144578,0.0055240963855421685,0.0,0.00013855421686746988,0.0005903614457831325,5.421686746987952e-05,0.5751807228915663,1.8072289156626505e-05
223803781,0.1325602409638554,0.0031204819277108435,0.3237710843373494,0.08531927710843372,0.0003975903614457832,6.0240963855421675e-06,0.0005722891566265061,0.010246987951807228,0.0017228915662650605,0.44227710843373497,6.0240963855421675e-06
223803831,0.1608975903614458,0.0036024096385542173,0.10369277108433736,0.01563855421686747,0.16243975903614458,0.0,0.000427710843373494,0.0026506024096385537,9.638554216867468e-05,0.5499578313253012,0.0005963855421686747
223803883,0.02244578313253012,0.022240963855421687,0.008439759036144578,0.03550602409638554,0.24446385542168675,1.2048192771084335e-05,0.0002168674698795181,0.0001987951807228916,6.0240963855421675e-06,0.666012048192771,0.00045783132530120477
2516163434,0.006390390390390389,0.861039039039039,0.039705705705705696,0.0011051051051051053,0.03181981981981982,0.018762762762762758,0.00013213213213213214,0.0007327327327327326,0.03685885885885886,6.606606606606607e-05,0.0033873873873873873
2517318209,0.042223021582733805,0.5712805755395683,0.23781294964028776,0.07017985611510791,0.0005467625899280576,0.0,2.8776978417266186e-05,0.0014028776978417265,0.02540287769784173,0.051122302158273375,0.0
2517322077,0.2913093525179856,0.3818561151079137,0.07770503597122302,0.12457553956834533,0.0005467625899280576,0.0,0.003489208633093525,0.00034532374100719427,0.0,0.1201726618705036,0.0
2517353423,0.2163956834532374,0.6335323741007194,0.12559712230215828,0.004733812949640288,5.755395683453237e-05,0.0,2.8776978417266186e-05,0.006683453237410072,0.012935251798561151,3.5971223021582726e-05,0.0
2518094240,0.07728776978417265,0.4892086330935252,0.3470359712230216,0.004446043165467626,5.0359712230215835e-05,7.1942446043165465e-06,0.00028776978417266187,0.002388489208633093,0.07289208633093523,0.00639568345323741,0.0
2518138434,0.08240287769784173,0.09638129496402878,0.21502877697841727,0.6020647482014388,0.0003525179856115108,0.0,0.0,0.0003884892086330936,0.002100719424460432,0.0012805755395683452,0.0
2526804633,0.004861035422343324,0.0005231607629427793,0.2223433242506812,0.003536784741144415,0.02972207084468665,0.32193460490463216,0.0015258855585831062,0.0005122615803814714,0.06994005449591281,0.0008283378746594005,0.3442724795640327
2607614226,0.06121613832853025,0.0,0.6186801152737752,0.003769452449567723,0.015475504322766571,0.026121037463976947,0.0015965417867435158,0.0014236311239193087,0.013487031700288185,0.1635100864553314,0.09472046109510086
2681336999,0.034997333333333325,0.007861333333333333,0.002906666666666667,0.0008639999999999998,0.17645333333333332,0.0002293333333333333,0.12046933333333333,0.5654186666666666,0.0002506666666666667,0.09035733333333332,0.000192
2681337007,0.09282133333333333,0.44608,0.0033066666666666665,0.00304,0.10989866666666667,0.0,1.6e-05,0.0002293333333333333,1.0666666666666667e-05,0.3445973333333333,0.0
2681337017,0.21166933333333326,0.4073866666666667,6.933333333333333e-05,0.030554666666666667,0.06951466666666667,0.0,1.0666666666666667e-05,0.00033066666666666666,0.0,0.280464,0.0
2681337025,0.021415730337078647,0.05594756554307116,0.03162546816479401,0.005288389513108614,0.3381797752808989,3.745318352059925e-05,0.001700374531835206,0.1235880149812734,0.018426966292134837,0.3954531835205993,0.008337078651685393
2681345861,0.13578666666666667,0.0010346666666666666,0.006938666666666666,0.05660266666666666,0.4911573333333333,0.0,0.0005493333333333333,0.009077333333333331,1.6e-05,0.2987253333333333,0.00011200000000000001
2681345863,0.40891733333333335,0.0,0.0,0.028149333333333325,0.0,0.0,0.0,0.0,0.0,0.5629333333333333,0.0
2681345865,0.157648,0.3316266666666667,1.6e-05,0.02103466666666667,0.14094933333333334,0.0,5.333333333333334e-06,0.0002773333333333333,0.0,0.3484426666666667,0.0
2681345869,0.138976,0.428864,0.0,0.01818666666666667,0.108784,0.0,5.333333333333334e-06,0.000144,0.0,0.30504,0.0
2682134054,0.125184,0.0022453333333333327,0.3327466666666667,0.08060266666666667,8.533333333333334e-05,0.00032,0.00037866666666666664,0.00834133333333333,0.019546666666666667,0.4305493333333333,0.0
2682134056,0.2809493333333333,0.14408,0.016794666666666666,0.10408,0.057264,0.0,3.733333333333333e-05,0.000992,0.00039466666666666665,0.39524266666666663,0.00016533333333333333
2682134060,0.2496,0.14081066666666667,0.037616,0.10880533333333334,0.079184,0.0,6.933333333333333e-05,0.0011146666666666666,0.0009866666666666667,0.38175466666666663,5.8666666666666665e-05
2682134066,0.011674666666666668,0.0014826666666666664,0.032576,0.2379573333333333,0.263104,0.0,0.00184,0.001546666666666667,0.00014933333333333332,0.4496266666666667,4.266666666666666e-05
2682134070,0.06893866666666665,0.6218453333333334,1.6e-05,0.17260266666666665,0.06964266666666667,0.0,0.0,0.00010133333333333332,5.333333333333334e-06,0.06684800000000002,0.0
2682134074,0.06863466666666665,0.5171893333333333,8e-05,0.25194666666666665,0.11261333333333333,0.0,0.0,0.00013333333333333334,2.666666666666667e-05,0.049376,0.0
276319569,0.021027027027027027,0.016864864864864864,0.12366966966966965,0.2152192192192192,0.07184984984984985,0.0,0.0014954954954954954,0.00045645645645645645,0.008186186186186186,0.5411891891891892,4.204204204204204e-05
278544757,0.02260660660660661,7.807807807807808e-05,0.08218018018018018,0.6713873873873873,0.21306906906906906,0.0,6.006006006006007e-06,0.0,0.0,0.010636636636636635,3.603603603603604e-05
278545009,0.016048048048048047,4.204204204204204e-05,0.17754354354354354,0.678870870870871,0.11297897897897898,0.0,0.0004084084084084084,0.0005105105105105105,0.0,0.01341741741741742,0.00018018018018018016
278546113,0.03437837837837838,0.00019819819819819816,0.8449669669669669,0.028990990990990995,0.017105105105105104,0.00017417417417417416,0.040408408408408404,0.00047447447447447453,0.0011951951951951953,0.025513513513513515,0.006594594594594594
278546233,0.12719760479041914,0.0,0.04916766467065868,0.7111976047904192,0.0007365269461077845,0.0,0.015017964071856288,5.988023952095808e-05,0.0,0.09662275449101795,0.0
278546373,0.033693693693693696,0.006576576576576576,0.2368828828828829,0.4229729729729729,0.00016216216216216215,0.0,0.011513513513513514,0.00215015015015015,0.0,0.2860480480480481,0.0
278547181,0.02859880239520958,0.02037125748502994,0.024910179640718563,0.2294910179640719,0.0992754491017964,0.0,0.010754491017964073,0.000437125748502994,0.0,0.5861616766467066,0.0
278547325,0.10383783783783784,0.010996996996996996,0.014552552552552554,0.7021021021021021,0.0009489489489489488,0.0,0.0173993993993994,0.00412012012012012,0.0,0.14604204204204205,0.0
278547706,0.2087747747747748,0.2089069069069069,0.23747147147147146,0.05854654654654655,0.0005825825825825825,0.0005465465465465466,2.4024024024024028e-05,0.00048048048048048047,9.009009009009008e-05,0.28445645645645645,0.00012012012012012012
278547939,0.042293413173652684,0.0011137724550898203,0.34052694610778445,0.5686467065868264,6.58682634730539e-05,0.0,0.011401197604790421,0.014604790419161675,0.0,0.021347305389221558,0.0
278548028,0.08747147147147145,0.00012012012012012012,0.4518738738738739,0.019885885885885884,2.4024024024024028e-05,0.0,0.001069069069069069,4.8048048048048055e-05,0.0,0.4395075075075075,0.0
278548241,0.0735855855855856,6.006006006006007e-06,0.3013873873873874,0.05882882882882884,6.006006006006007e-06,0.0,0.03004804804804805,0.0006966966966966967,6.006006006006007e-06,0.5354354354354354,0.0
278548346,0.12624024024024025,4.204204204204204e-05,0.3629189189189189,0.14070870870870872,0.0,0.0,0.0013993993993993994,0.004660660660660661,0.0,0.3640300300300301,0.0
278548445,0.09223353293413171,9.580838323353292e-05,0.12794011976047906,0.2974191616766467,4.790419161676647e-05,0.0,3.5928143712574846e-05,5.9880239520958085e-06,0.0,0.4822215568862275,0.0
282276797,0.2161261261261261,0.005399399399399399,0.037237237237237236,0.5795675675675676,0.009675675675675677,0.0,0.02401201201201201,4.8048048048048055e-05,4.8048048048048055e-05,0.12743543543543542,0.0004504504504504505
282279870,0.3492612612612613,0.06733333333333333,0.03766966966966967,0.35899099099099097,0.119009009009009,0.0,0.0059279279279279284,5.4054054054054054e-05,0.0,0.06081681681681681,0.0009369369369369368
282288074,0.6101144578313253,0.14415662650602407,0.012228915662650604,0.18575903614457834,0.021861445783132528,1.2048192771084335e-05,0.004198795180722892,0.00010240963855421688,0.0,0.01979518072289156,0.0017710843373493976
282297251,0.02827710843373494,0.2233734939759036,0.04794578313253012,0.14797590361445784,8.433734939759034e-05,0.2872650602409639,0.0007048192771084337,0.00018674698795180725,0.0007650602409638553,0.2634156626506024,6.0240963855421675e-06
282304862,0.13153012048192772,0.5055240963855422,0.02069277108433735,0.1567289156626506,0.00019277108433734936,6.0240963855421675e-06,6.024096385542168e-05,0.001674698795180723,0.0006506024096385542,0.18293975903614454,0.0
282306405,0.456355421686747,0.3905963855421687,0.0020060240963855427,0.1200421686746988,0.01236144578313253,0.0,0.00047590361445783126,0.00048795180722891574,8.433734939759034e-05,0.017512048192771086,7.83132530120482e-05
282314017,0.6917650602409638,0.10836746987951808,0.01958433734939759,0.13437349397590362,0.016560240963855426,3.012048192771084e-05,0.00015060240963855426,6.024096385542168e-05,6.0240963855421675e-06,0.014150602409638554,0.014951807228915662
282317537,0.31301204819277106,0.3491927710843373,0.04102409638554217,0.10963253012048192,0.16499397590361445,7.228915662650602e-05,0.0002590361445783133,0.0003012048192771085,0.0003012048192771085,0.021018072289156628,0.00019277108433734936
282324684,0.4756325301204819,0.20176506024096386,0.0352710843373494,0.14762048192771085,0.09586746987951807,0.0,0.0013493975903614455,0.0022650602409638554,0.00025301204819277106,0.03583132530120482,0.004144578313253013
282328625,0.15583734939759036,0.41122289156626507,0.09334337349397592,0.07577710843373495,0.1506566265060241,0.007650602409638555,0.00013855421686746988,0.000891566265060241,5.421686746987952e-05,0.07598795180722892,0.028439759036144575
2872331799,0.12682666666666667,0.3694613333333333,0.19783466666666666,0.002442666666666667,0.0020106666666666667,3.2e-05,0.0,0.0034773333333333327,0.0532,0.24471466666666666,0.0
2872334059,0.059242666666666666,0.0036746666666666664,0.16042666666666666,0.011584,0.17443733333333333,0.0012746666666666664,0.0004693333333333333,0.003418666666666666,0.11389866666666665,0.4702826666666666,0.0012906666666666667
2872336521,0.17490133333333333,0.006512,0.2951253333333333,0.216784,0.00010133333333333332,2.133333333333333e-05,0.01521066666666667,0.034304,0.0021546666666666667,0.254848,3.733333333333333e-05
2872337795,0.058528,0.8024426666666666,8e-05,0.07378666666666665,0.03262933333333334,0.0,5.333333333333334e-06,0.0005386666666666666,0.0,0.03198933333333333,0.0
2872339127,0.27348266666666665,0.020752,0.056720000000000007,0.05035733333333333,0.286288,5.333333333333334e-06,0.0003253333333333333,0.0034986666666666673,0.012421333333333331,0.2961173333333333,3.2e-05
2872340457,0.05349866666666666,0.06322133333333334,0.2254026666666667,0.3306933333333333,0.2564533333333333,8.533333333333334e-05,0.0004906666666666667,0.0011253333333333334,0.0053866666666666655,0.04761066666666666,0.016032
2873157332,0.15101333333333333,0.151744,0.04122666666666666,0.014794666666666666,0.22181333333333333,5.333333333333334e-06,0.0003413333333333333,0.011205333333333331,0.001072,0.40625066666666665,0.0005333333333333334
2873158508,0.05803200000000001,0.0012693333333333333,0.161824,0.008128,0.00010133333333333332,0.008954666666666666,0.006474666666666666,0.025930666666666668,0.24416,0.4851253333333334,0.0
2873159696,0.11499200000000001,0.5104693333333333,0.08463466666666665,0.012826666666666669,0.061648,0.0,2.666666666666667e-05,0.003152,0.0108,0.20144,1.0666666666666667e-05
2873162268,0.07664533333333333,0.42681066666666667,0.10018133333333333,0.008282666666666667,0.02894933333333333,0.01152,0.0004853333333333333,0.002981333333333333,0.017829333333333332,0.32631466666666664,0.0
2873164682,0.256432,3.733333333333333e-05,0.3300693333333333,0.037584,0.0007626666666666668,5.333333333333334e-06,0.0004746666666666666,0.0026506666666666666,0.0021386666666666668,0.36984533333333336,0.0
2874444931,0.4314103194103194,0.028083538083538084,0.014457002457002457,0.06191154791154791,0.023420147420147416,0.004737100737100738,0.009469287469287468,0.009567567567567568,0.11686486486486485,0.28936609336609337,0.010712530712530713
2892908876,0.4423641791044776,0.001301492537313433,0.03964776119402985,0.4432358208955224,0.06273432835820897,0.008023880597014926,0.00010746268656716416,0.00010149253731343284,0.0016656716417910446,0.00034029850746268656,0.0004776119402985074
3070534991,0.18543880597014925,0.2831044776119403,0.14250149253731342,0.2141432835820896,0.020286567164179103,0.0,0.02530149253731343,0.00037611940298507457,5.970149253731344e-06,0.122244776119403,0.006597014925373134
3071372614,0.01831641791044776,0.7612119402985074,0.09746268656716417,0.004728358208955224,0.003122388059701493,0.047331343283582086,1.1940298507462685e-05,0.0006328358208955223,0.002435820895522388,0.06460895522388059,0.0001373134328358209
3082007427,0.07959402985074625,0.0,0.3257373134328358,0.5454925373134328,0.0006925373134328357,0.00029850746268656717,0.01173731343283582,0.0,1.7910447761194035e-05,0.022471641791044772,0.013958208955223879
3082007635,0.008280597014925374,0.0,0.7134925373134329,0.15080597014925373,0.0011104477611940298,0.012179104477611941,0.012901492537313432,0.0,0.0,0.027635820895522387,0.07359402985074627
3100190139,0.08008,0.5791306666666666,0.0037973333333333336,0.155424,0.15515733333333334,0.0,0.000448,0.000192,1.0666666666666667e-05,0.0256,0.00016
3100190697,0.177376,0.8162026666666666,0.0048533333333333345,0.0008106666666666666,0.0006026666666666667,0.0,0.0,0.00015466666666666667,0.0,0.0,0.0
3100192297,0.046293333333333325,0.6444746666666666,0.12057066666666667,0.010416,0.14676266666666668,0.0007839999999999998,0.0004053333333333333,0.0008906666666666666,0.017701333333333333,0.010650666666666666,0.0010506666666666668
3101027112,0.080672,0.703584,0.001296,0.058245333333333336,0.14895466666666668,0.0,6.933333333333333e-05,0.00033066666666666666,5.333333333333334e-06,0.006821333333333335,2.133333333333333e-05
3101030298,0.09776533333333333,0.687968,0.153104,0.003632,0.000672,5.333333333333334e-06,0.00020266666666666667,0.0014826666666666664,0.003904,0.051253333333333324,1.0666666666666667e-05
3102381947,0.031328,0.6042933333333333,0.08891733333333332,0.008448,0.24767466666666665,0.0005706666666666668,0.000192,0.00072,0.011157333333333332,0.005568,0.0011306666666666668
3102382209,0.02936,0.86688,0.061392,0.0027146666666666673,0.01987733333333333,0.00012266666666666668,0.0,0.0008106666666666666,0.01870933333333333,9.066666666666667e-05,4.266666666666666e-05
3102382427,0.05090666666666667,0.92864,0.0024266666666666672,0.010544,0.00216,0.0,0.00041066666666666666,0.000688,0.00011200000000000001,0.004112,0.0
3102384681,0.12575466666666665,0.7633813333333332,0.000336,0.030005333333333325,0.06445866666666665,0.0,8e-05,0.00037866666666666664,5.333333333333334e-06,0.0156,0.0
3103218274,0.0364,0.8108959999999998,0.11196266666666667,0.0010293333333333333,0.0003413333333333333,0.0006506666666666666,3.733333333333333e-05,0.00096,0.037536,0.00018666666666666666,0.0
3106388273,0.15109866666666666,0.7924746666666665,0.000192,0.028192,0.023514666666666663,0.0,3.2e-05,0.0002613333333333333,0.0,0.004234666666666667,0.0
3106389173,0.18853333333333333,0.7095413333333334,5.333333333333334e-06,0.057466666666666666,0.037328,0.0,0.0,9.6e-05,0.0,0.0070293333333333345,0.0
3106390173,0.09773866666666665,0.845184,2.133333333333333e-05,0.04705066666666666,0.001232,0.0,0.0,9.066666666666667e-05,0.0,0.008682666666666665,0.0
3106390483,0.3841813333333333,0.5438773333333333,6.4e-05,0.011285333333333331,0.019306666666666663,0.0,0.0,0.0004746666666666666,0.0,0.04081066666666666,0.0
3107221768,0.13469866666666666,0.6821706666666667,0.0,0.08045333333333332,0.08637333333333333,0.0,0.0,1.6e-05,0.0,0.016288,0.0
318612384,0.5560266666666666,0.040277333333333325,0.12065066666666667,0.16883733333333334,0.038016,0.0039573333333333335,0.0011093333333333333,0.0,0.0,0.02272,0.048405333333333335
318612671,0.09906666666666665,0.8861546666666666,0.0011946666666666664,8e-05,0.0,0.0029866666666666665,0.0006346666666666666,0.006149333333333333,0.003733333333333333,0.0,0.0
318612843,0.2016141304347826,0.05831521739130435,0.2487717391304348,0.005603260869565217,0.132875,0.00558695652173913,0.0006739130434782609,9.782608695652174e-05,0.00015217391304347825,0.2225,0.12380978260869566
318613478,0.022736,0.7932639999999997,0.062944,0.002474666666666667,0.0024266666666666672,0.033392,0.0004586666666666666,0.0010346666666666666,0.002618666666666667,0.05585066666666666,0.0228
318613804,0.03569066666666667,0.7800373333333332,0.10494933333333334,0.00072,8e-05,0.063552,0.0002453333333333333,0.000736,0.006144,0.007808,3.733333333333333e-05
318614132,0.09301333333333331,0.6051306666666667,0.05916266666666666,0.0019946666666666667,0.003978666666666667,0.119568,0.00037866666666666664,0.003856,0.0030186666666666665,0.040405333333333335,0.06949333333333334
318614474,0.07577599999999998,0.5220106666666666,0.06338666666666665,0.0034933333333333327,0.0016586666666666664,0.12041066666666668,0.000416,0.0017546666666666667,0.0021973333333333333,0.171056,0.03784
318615210,0.032816,0.610768,0.07806933333333335,0.0014133333333333333,0.0004426666666666666,0.09143466666666665,0.0005546666666666666,0.0014133333333333333,0.0052,0.17458133333333334,0.0033066666666666665
318615485,0.016448,0.6461866666666666,0.08032533333333333,0.0011946666666666664,0.014181333333333334,0.07048,0.0009226666666666668,0.001136,0.012730666666666666,0.09260266666666665,0.063792
318615817,0.21031466666666668,0.0,0.0,0.2858293333333333,0.0,0.0,0.0,0.0,0.0,0.503856,0.0
318616047,0.10942933333333334,0.5970986666666666,0.08647466666666667,0.00424,0.008741333333333334,0.019946666666666668,0.000208,0.0014986666666666664,0.012970666666666669,0.14528533333333332,0.014106666666666668
318616209,0.12179733333333333,0.0,0.0,0.148368,0.0,0.0,0.0,0.0,0.0,0.7298346666666666,0.0
318616691,0.08762133333333333,0.621408,0.043312,0.0021386666666666668,0.00992,0.11531733333333333,0.00018133333333333331,0.002757333333333333,0.003152,0.10551466666666667,0.008677333333333334
318616892,0.10158933333333334,0.698368,0.05263466666666667,0.004736,0.049674666666666666,0.0036426666666666664,0.00013333333333333334,0.0006133333333333334,6.933333333333333e-05,0.049024,0.039514666666666656
318617097,0.186032,0.5707733333333334,0.03436800000000001,0.008538666666666665,0.02288,0.0020746666666666665,0.000384,4.266666666666666e-05,5.333333333333334e-06,0.11170133333333332,0.0632
3296559575,0.10682133333333334,0.267904,0.04242666666666666,0.5328693333333333,0.031146666666666663,0.0,0.0,0.005034666666666666,0.010885333333333334,0.0004,0.002512
3337175001,0.014437333333333332,0.5564693333333334,0.035866666666666665,0.12999466666666668,0.014714666666666666,0.09600533333333332,0.0007253333333333333,0.02331733333333333,0.026330666666666662,0.05088,0.05125866666666666
3379261271,0.013856,0.02237333333333333,0.208256,0.242432,0.14266133333333333,0.013301333333333332,0.0019466666666666664,0.0027093333333333327,0.061861333333333324,0.2904,0.00020266666666666667
3379263383,0.0013333333333333333,0.002437333333333333,0.31521066666666664,0.21297066666666667,0.079936,0.010282666666666669,0.030922666666666668,0.001008,0.07738666666666667,0.2610346666666667,0.007477333333333333
3379488139,0.011573333333333331,0.006570666666666666,0.13668266666666667,0.4001226666666666,0.12328533333333333,0.010506666666666666,0.01162133333333333,0.0018026666666666664,0.049936,0.24529066666666666,0.002608
3379489423,0.044368,0.08930666666666667,0.3500586666666667,0.2544373333333333,0.007168,0.0037653333333333328,0.03884266666666666,0.024016,0.14525333333333335,0.04065066666666666,0.002133333333333333
3379490419,0.017472,0.039808,0.33409066666666665,0.09277333333333332,0.012976,0.02359466666666667,0.21921066666666664,0.03546666666666667,0.09845866666666665,0.09597866666666667,0.03017066666666666
3379491345,0.008821333333333334,0.005728,0.2570826666666667,0.21056533333333333,0.02811733333333333,0.025258666666666662,0.055861333333333325,0.0013226666666666669,0.19066666666666668,0.21608,0.000496
3380078874,0.036453333333333324,0.049013333333333325,0.21718933333333332,0.36218133333333336,0.034181333333333334,1.6e-05,0.022432,0.006714666666666666,0.02632,0.2448853333333333,0.0006133333333333334
3380308894,0.005248,0.022128,0.13394133333333333,0.2280053333333333,0.08191466666666665,0.047776,0.069808,0.0027253333333333326,0.12749866666666668,0.280464,0.0004906666666666667
3717669919,0.122224,0.39888,0.12421866666666667,0.019562666666666662,0.15088533333333334,0.024576,0.011109333333333334,0.024906666666666667,0.12254933333333333,0.000496,0.000592
3717672447,0.02906133333333333,0.067648,0.12406933333333335,0.38104,0.061957333333333336,0.005253333333333333,0.003344,0.01779733333333333,0.008538666666666665,0.227168,0.07412266666666667
3717673599,0.06574933333333334,0.40917866666666663,0.10203200000000001,0.05378666666666667,0.062218666666666665,0.003856,0.08918933333333333,0.03555733333333334,0.05141866666666666,0.09127466666666668,0.03573866666666667
3718480452,0.010653386454183266,1.593625498007968e-05,0.18357768924302786,0.009306772908366534,0.011474103585657373,0.0006772908366533864,0.006820717131474104,0.0015458167330677293,0.011235059760956177,0.7646932270916335,0.0
3718482162,0.060565333333333325,0.5213333333333333,0.10453866666666667,0.04034666666666667,0.18241066666666667,0.001504,0.0038026666666666664,0.021594666666666668,0.063856,0.0,4.8e-05
3718483390,0.043866666666666665,0.662432,0.0956,0.003104,0.117264,0.00010133333333333332,0.001584,0.023648,0.05205866666666667,0.00021866666666666668,0.00012266666666666668
3718485998,0.03293333333333333,0.31565866666666664,0.0636,0.13282133333333335,0.023290666666666668,0.033104,0.031024,0.02309333333333333,0.051290666666666665,0.2901173333333333,0.003066666666666667
3796287545,0.05100311526479751,0.4514267912772586,0.03943302180685358,0.07687850467289718,0.011445482866043612,0.0007227414330218067,0.02370716510903427,0.08904672897196261,0.006367601246105919,0.2439688473520249,0.006
3839702658,0.04712,2.666666666666667e-05,0.339184,0.096528,0.018368,0.43578666666666666,0.0027146666666666673,0.007285333333333335,0.04337066666666666,0.0,0.009616
3883509580,0.09431466666666669,0.5387253333333333,0.015077333333333331,0.065616,0.14568,0.00021866666666666668,0.01624,0.032672,7.466666666666666e-05,0.07467733333333333,0.016704
3892187606,0.087968,0.12358933333333333,0.05373333333333333,0.12067733333333333,0.4552,8e-05,0.007002666666666666,0.00792,0.000272,0.08086933333333332,0.062688
3892794411,0.11051733333333333,0.109456,0.16781866666666667,0.3068,0.283184,1.6e-05,0.006352,0.0030133333333333327,0.00011733333333333333,0.011338666666666669,0.0013866666666666667
3893583794,0.146784,0.044512,0.18653866666666666,0.3342933333333333,0.27103466666666665,0.0,0.002816,0.003008,1.0666666666666667e-05,0.010826666666666668,0.000176
3893921987,0.3191893333333333,0.016730666666666668,0.022976,0.5767413333333333,0.04033066666666666,7.466666666666666e-05,0.0017973333333333333,0.010442666666666666,0.001152,0.010368,0.00019733333333333327
3903127652,0.070464,0.3600053333333333,0.027573333333333328,0.091328,0.267968,2.133333333333333e-05,0.04441066666666666,0.0977973333333333,0.0037546666666666666,0.03500266666666667,0.0016746666666666668
3937929027,0.021611940298507458,0.7877253731343283,0.0890686567164179,0.0005014925373134329,0.00033432835820895523,0.05186865671641791,7.164179104477614e-05,0.0004776119402985074,0.04829253731343284,4.179104477611941e-05,5.970149253731344e-06
398654456,0.3139228650137741,0.13150964187327824,0.30591735537190085,0.04157575757575758,0.05835261707988981,0.02743250688705234,0.013608815426997243,0.010975206611570249,0.015327823691460057,0.012203856749311294,0.06917355371900827
40221657,0.04521066666666667,0.006784,0.02445866666666667,0.006848,0.5266026666666666,0.0,3.2e-05,0.000944,5.333333333333334e-06,0.38898666666666665,0.000128
40221670,0.06371200000000002,0.0026773333333333328,0.032154666666666665,0.007498666666666666,0.5854826666666667,0.0,6.4e-05,0.003072,8.533333333333334e-05,0.3051946666666667,5.8666666666666665e-05
40221687,0.28848,6.933333333333333e-05,0.0003093333333333333,0.2958453333333333,0.08902933333333332,0.0,0.00013866666666666666,5.333333333333334e-06,0.0,0.3261226666666667,0.0
40221707,0.07724266666666665,0.06277866666666665,0.031157333333333325,0.066912,0.4585013333333333,0.0,0.000192,0.0008906666666666666,5.333333333333333e-05,0.302256,1.6e-05
40221721,0.2976053333333333,0.17386666666666667,0.02829333333333333,0.08894933333333335,0.018298666666666668,0.0,0.00018133333333333331,0.000128,9.066666666666667e-05,0.39258666666666653,0.0
40221740,0.38039466666666666,0.41464,0.08596266666666667,0.0038293333333333335,0.00011200000000000001,8.533333333333334e-05,0.00013866666666666666,0.00504,0.0018933333333333328,0.107904,0.0
40221751,0.3436266666666667,0.382144,0.10779200000000001,0.003914666666666667,0.000208,0.00010133333333333332,9.6e-05,0.003226666666666667,0.0011413333333333336,0.15774933333333332,0.0
40221775,0.15231466666666665,0.023642666666666663,0.031392,0.281488,0.13544,0.0,0.00015466666666666667,0.00012266666666666668,5.8666666666666665e-05,0.37461866666666666,0.000768
40221783,0.08490133333333333,0.0060213333333333325,0.00014933333333333332,0.3488906666666667,0.06836266666666667,0.0,1.0666666666666667e-05,0.0,0.0,0.491664,0.0
4039417307,0.28098666666666666,0.015706666666666667,0.009733333333333332,0.599184,0.009546666666666665,0.0002506666666666667,0.0038026666666666664,0.0046293333333333325,0.005509333333333333,0.06464533333333332,0.006005333333333333
4039417311,0.28370666666666666,0.006842666666666667,0.008618666666666665,0.6531786666666666,0.009621333333333334,5.8666666666666665e-05,0.001936,0.004698666666666667,0.003952,0.027344,4.266666666666666e-05
4039417327,0.13352,0.008096,0.007888,0.829808,0.006256,3.2e-05,0.0013173333333333331,0.004864,0.0022453333333333327,0.0059253333333333345,4.8e-05
4039417329,0.159136,0.001962666666666667,0.025466666666666662,0.74616,0.009221333333333331,5.333333333333334e-06,0.002821333333333333,0.002928,5.333333333333334e-06,0.051664,0.0006293333333333333
4039454813,0.16940266666666667,0.001957333333333333,0.03917866666666666,0.581504,0.012650666666666666,0.0,0.000736,0.001973333333333333,0.0,0.192528,6.933333333333333e-05
4039454903,0.142208,0.008704,0.02225066666666666,0.7437226666666666,0.018592,0.00021866666666666668,0.0025866666666666672,0.003573333333333333,0.023946666666666668,0.02573333333333333,0.008464
4040194494,0.16157333333333335,0.003872,0.022074666666666663,0.7701599999999998,0.009338666666666669,4.266666666666666e-05,0.0021546666666666667,0.002288,0.001152,0.02526933333333333,0.0020746666666666665
4040194500,0.13008533333333333,0.002256,0.06661333333333333,0.64784,0.006464,5.333333333333334e-06,0.015093333333333334,0.002949333333333333,1.0666666666666667e-05,0.12626133333333334,0.0024213333333333326
4040194502,0.15109333333333333,0.015349333333333331,0.011477333333333334,0.7910399999999999,0.010832,0.0,0.00088,0.005824,0.0011626666666666669,0.012298666666666666,4.266666666666666e-05
4040194506,0.12369066666666667,0.0015946666666666668,0.073728,0.7357546666666666,0.013248,0.0,0.003941333333333333,0.003152,5.333333333333334e-06,0.044688,0.00019733333333333327
4040194510,0.17663466666666666,0.0022186666666666665,0.07430933333333335,0.614576,0.026778666666666662,0.00018666666666666666,0.0077333333333333325,0.0017333333333333333,0.0021813333333333333,0.09244266666666669,0.0012053333333333336
4040194518,0.07227733333333332,0.0012213333333333336,0.004517333333333332,0.8920479999999998,0.003685333333333333,0.0,0.0009386666666666666,0.0034773333333333327,0.0017386666666666664,0.020090666666666663,5.333333333333334e-06
408681016,0.0963030303030303,0.03314718614718615,0.3001428571428572,0.17891774891774892,0.03168398268398268,0.0046883116883116895,0.010930735930735931,0.030389610389610387,0.0720995670995671,0.18165800865800866,0.06003896103896104
4140494070,0.0052,0.0,0.9078516129032258,0.07273548387096775,0.0005935483870967741,0.0,0.0102,9.032258064516129e-05,0.0,8.387096774193549e-05,0.0032451612903225805
417537329,0.4279920948616601,0.02130434782608696,0.061739130434782616,0.06632411067193676,0.09956521739130435,0.011296442687747037,0.0009802371541501977,0.0015968379446640315,0.027691699604743082,0.19924901185770752,0.08226086956521737
4201106385,0.15550933333333333,0.700864,0.0014186666666666664,0.02672533333333333,0.0059253333333333345,0.0,0.000432,0.01547733333333333,2.666666666666667e-05,0.0936213333333333,0.0
424211156,0.0028129032258064515,0.1610193548387097,0.4903612903225806,0.09791827956989248,0.11592688172043013,0.0024946236559139786,0.006116129032258065,0.0009677419354838708,0.0016172043010752688,0.07766021505376344,0.04310537634408602
4252617618,0.021543543543543545,0.03389789789789789,0.004888888888888889,0.28216216216216217,0.06440840840840842,0.0001021021021021021,0.05685285285285285,0.14738138138138138,0.0006306306306306306,0.3874954954954955,0.0006366366366366366
4519592575,0.4164105571847507,0.044492668621700884,0.15177126099706745,0.03512023460410557,0.07529032258064515,0.014785923753665688,0.0269208211143695,0.03730205278592375,0.055020527859237535,0.05399413489736071,0.08889149560117302
4555645157,0.17205421686746988,0.14557831325301204,0.2872831325301205,0.15520481927710844,0.07165060240963855,0.00513855421686747,0.008674698795180723,0.01266265060240964,0.05989759036144578,0.06335542168674699,0.0185
455623079,0.10594594594594596,0.5955315315315314,0.011213213213213212,0.04002402402402402,0.0987867867867868,5.4054054054054054e-05,0.0006246246246246248,0.0010930930930930932,0.0002222222222222222,0.1418258258258258,0.004678678678678679
4569995457,0.68372,0.068212,0.027952,0.021208,0.054128,0.003008,0.00624,0.017112,0.027756,0.050384,0.04028
4649244270,0.103815,0.032095,0.26517,0.107995,0.198385,0.002735,0.00387,0.00147,0.00989,0.059395,0.21518
4818781521,0.26302409638554214,0.13657831325301206,0.03396385542168675,0.4464397590361445,0.051018072289156634,0.006740963855421687,0.0037710843373493976,0.013409638554216868,0.012180722891566263,0.02998192771084337,0.002891566265060241
513594929,0.042181333333333335,0.017541333333333332,0.098432,0.009338666666666669,0.4542506666666666,0.017418666666666666,0.000576,0.004229333333333333,0.007402666666666666,0.321232,0.027397333333333333
5163879207,0.3131231231231231,0.12071471471471472,0.12603003003003002,0.2780720720720721,0.02100900900900901,0.0,0.06905105105105105,0.05814414414414415,0.011711711711711712,0.0021441441441441447,0.0
5163881339,0.19263063063063066,0.0015195195195195196,0.14342942942942946,0.5313573573573573,0.08533933933933932,0.0,0.026132132132132127,0.01419219219219219,0.0035255255255255257,0.0006846846846846848,0.0011891891891891893
5164486340,0.27117717717717715,0.0013993993993993994,0.2975735735735736,0.2762582582582583,0.025951951951951952,0.0,0.03288288288288288,0.062414414414414414,0.032294294294294285,4.8048048048048055e-05,0.0
5172184052,0.2864693333333333,0.222976,0.169392,0.047584,0.02923733333333333,0.05221333333333333,0.013685333333333334,0.005056,0.007077333333333333,0.122368,0.043941333333333325
5187088383,0.16123733333333334,0.011770666666666669,0.033568,0.03903466666666666,0.24936,0.0,0.000192,0.0012426666666666669,0.00015466666666666667,0.5027306666666665,0.0007093333333333332
5187088529,0.2291253333333333,0.003061333333333333,0.0036373333333333327,0.010970666666666668,0.015130666666666669,0.0,6.933333333333333e-05,0.000128,0.0,0.7378453333333334,3.2e-05
5187088597,0.4490933333333333,2.133333333333333e-05,0.033552,0.004208,7.466666666666666e-05,0.0,3.2e-05,0.000144,0.0,0.5128746666666667,0.0
5187088803,0.179984,0.05649066666666666,0.0028906666666666673,0.002896,4.266666666666666e-05,0.0,9.6e-05,4.266666666666666e-05,0.0,0.7575573333333333,0.0
5187088935,0.07854933333333332,0.039813333333333326,0.028752,0.166592,0.2273706666666667,0.0,0.000432,0.0002613333333333333,5.333333333333334e-06,0.456624,0.0016
5187089053,0.11855999999999998,0.078464,0.0060693333333333346,0.44177066666666653,0.121728,5.333333333333334e-06,0.001002666666666667,0.0005226666666666666,0.0,0.2318773333333333,0.0
5187089159,0.12608533333333333,0.096832,0.04685333333333333,0.011674666666666668,2.133333333333333e-05,0.0,0.0004586666666666666,3.2e-05,5.333333333333334e-06,0.7180373333333333,0.0
5187098973,0.075552,0.447552,0.129456,0.002325333333333333,1.6e-05,0.0,0.00011733333333333333,0.013882666666666666,0.029216,0.3018826666666667,0.0
5187687664,0.084384,0.18354666666666666,0.008208,0.01867733333333333,0.021328,5.333333333333334e-06,0.00033066666666666666,9.066666666666667e-05,2.666666666666667e-05,0.6830453333333333,0.0003573333333333333
5187687918,0.05880533333333333,0.397744,0.009792,0.15002666666666667,0.2537066666666667,5.333333333333334e-06,0.0005653333333333334,0.00034666666666666667,5.333333333333333e-05,0.12893333333333334,2.133333333333333e-05
5187688058,0.042757333333333335,0.3704853333333333,0.07370666666666667,0.009824,0.18755733333333333,2.666666666666667e-05,0.001072,0.002026666666666666,0.017946666666666666,0.2945973333333333,0.0
5187688136,0.03291733333333333,0.458176,0.076592,0.008437333333333333,0.14624,3.2e-05,0.0002773333333333333,0.0009333333333333332,0.009770666666666669,0.266624,0.0
5187688318,0.02930666666666667,0.2552426666666667,0.16189866666666666,0.0039573333333333335,0.000352,0.0,0.00013866666666666666,0.000416,0.016810666666666668,0.5318773333333333,0.0
5187688576,0.06890133333333333,0.2866293333333333,0.12153066666666665,0.031333333333333324,0.2423573333333333,0.000384,0.0012426666666666669,0.000736,0.0010666666666666667,0.245552,0.0002666666666666667
5193321637,0.013381333333333334,0.009002666666666667,0.2623573333333333,0.022976,0.189968,0.2823466666666667,0.03530133333333333,0.0008319999999999998,0.013290666666666666,0.028688,0.141856
5250102031,0.11019200000000001,0.111616,0.02759466666666667,0.18680533333333327,0.3856,0.0,0.039824,0.06478933333333334,0.0004693333333333333,0.07218133333333332,0.000928
5250705062,0.11653866666666668,0.059082666666666665,0.019482666666666662,0.12066666666666667,0.29618666666666665,1.0666666666666667e-05,0.024426666666666663,0.10486933333333333,0.0015146666666666668,0.25660266666666665,0.0006186666666666666
5256492464,0.08669866666666666,0.138656,0.074576,0.13929066666666667,0.2562986666666667,3.2e-05,0.008432,0.02238933333333333,0.0002506666666666667,0.26509866666666665,0.008277333333333331
5262805006,0.09784,0.10704000000000001,0.181088,0.11366933333333333,0.154576,0.003093333333333333,0.023557333333333333,0.02989333333333333,0.007290666666666666,0.2716213333333333,0.010330666666666669
5269719795,0.11033066666666666,0.289008,0.06788266666666665,0.076016,0.19619733333333333,0.00022400000000000002,0.044464,0.060981333333333325,0.0012053333333333336,0.14152,0.012170666666666666
5269720571,0.153152,0.139712,0.22269866666666666,0.033808,0.134592,0.002122666666666667,0.03447466666666667,0.038661333333333325,0.004186666666666667,0.20731733333333333,0.029274666666666668
5446933791,0.014662824207492797,1.1527377521613832e-05,0.5986455331412104,0.03859365994236312,0.04517002881844381,0.028772334293948126,0.007262247838616714,0.00015561959654178674,0.019838616714697402,0.0015965417867435158,0.2452910662824208
5464344376,0.4838826815642458,0.1670949720670391,0.05036312849162011,0.03502234636871508,0.1213072625698324,0.004754189944134078,0.004955307262569832,0.02237430167597765,0.002821229050279329,0.05232960893854749,0.05509497206703911
5677129582,0.03066666666666666,0.3314954954954955,0.08114714714714713,0.04512912912912913,0.3492852852852853,0.0,7.807807807807808e-05,0.00023423423423423422,1.8018018018018016e-05,0.15951951951951954,0.0024264264264264265
5773417047,0.028698337292161518,0.037900237529691204,0.030850356294536817,0.5385938242280285,0.09607600950118765,4.750593824228029e-06,0.0866603325415677,0.18000475059382426,0.0002992874109263658,0.0009121140142517816,0.0
5773527861,0.08143466666666667,0.015733333333333332,0.06585066666666667,0.2498453333333333,0.193072,0.0010293333333333333,0.20441066666666666,0.087632,0.036512,0.06413333333333332,0.00034666666666666667
5776754665,0.05254400000000001,0.018512,0.124464,0.190672,0.226944,0.006250666666666666,0.18625066666666668,0.051328,0.07677866666666665,0.06310933333333334,0.0031466666666666665
5776755867,0.054245333333333326,0.013397333333333334,0.14981866666666666,0.23183466666666666,0.10556266666666668,0.003845333333333333,0.2439733333333333,0.055146666666666656,0.050656,0.08816533333333333,0.0033546666666666673
5777298390,0.07961066666666665,0.01966933333333333,0.14971733333333334,0.17514133333333334,0.0216,0.000176,0.2413386666666667,0.18702933333333333,0.047205333333333335,0.07840533333333331,0.00010666666666666668
5777307730,0.06552,0.035781333333333325,0.010832,0.31494933333333336,0.32309866666666665,0.0,0.10606933333333332,0.08414933333333334,0.00013866666666666666,0.05882666666666666,0.0006346666666666666
5777309412,0.09500266666666665,0.0010506666666666668,0.431104,0.04611733333333334,0.10254933333333334,0.075328,0.045072,0.004384,0.06013866666666666,0.13016,0.009093333333333332
5862117267,0.3553573573573573,0.03318318318318318,0.08948948948948948,0.140990990990991,0.010498498498498498,0.00203003003003003,0.018456456456456456,0.020954954954954957,0.018912912912912912,0.2358978978978979,0.07422822822822822
5871980827,0.2013653333333333,0.205248,4.8e-05,0.44717866666666667,0.04269866666666666,0.0,0.0,0.0,0.0,0.10342933333333333,3.2e-05
5871984511,0.342176,0.208912,6.4e-05,0.326064,0.039690666666666666,0.0,0.0,5.333333333333334e-06,0.0,0.08308799999999998,0.0
5871990869,0.5136213333333334,0.13962666666666668,0.03652266666666666,0.09121066666666665,0.10314133333333332,0.0,0.0,5.333333333333333e-05,0.0,0.11581333333333335,1.0666666666666667e-05
5872007993,0.2842346666666667,0.005274666666666667,0.06413333333333332,0.533808,0.001056,0.0,0.0,0.00039466666666666665,0.00013333333333333334,0.11096533333333332,0.0
5872016747,0.332336,0.02214933333333333,0.000144,0.53512,0.011829333333333334,0.0,0.0,7.466666666666666e-05,0.0,0.09834666666666665,0.0
5872020703,0.09843733333333331,0.23372266666666666,0.001962666666666667,0.194208,0.39352,0.0,5.333333333333334e-06,3.2e-05,0.0,0.07806933333333335,4.266666666666666e-05
5872537194,0.4604693333333333,0.007157333333333332,2.133333333333333e-05,0.498272,0.031157333333333325,0.0,0.0,0.0,0.0,0.002922666666666667,0.0
5872537752,0.316592,0.16490133333333334,0.0,0.3387946666666667,0.034464,0.0,0.0,1.0666666666666667e-05,0.0,0.14523733333333333,0.0
5872538040,0.633168,0.026405333333333333,0.0,0.286448,0.009952,0.0,0.0,0.0,0.0,0.044016,1.0666666666666667e-05
5872539894,0.395216,0.07020266666666665,0.0,0.427648,0.037642666666666665,0.0,0.0,0.0,0.0,0.06929066666666667,0.0
5872554998,0.3698133333333333,0.011594666666666666,0.15412266666666666,0.20557333333333333,0.0018133333333333328,0.0,5.333333333333333e-05,0.0008586666666666666,0.0008906666666666666,0.25527466666666665,5.333333333333334e-06
5872558094,0.2801493333333333,0.018784,0.012602666666666668,0.4511253333333333,0.08912533333333332,0.0,0.0,8.533333333333334e-05,2.133333333333333e-05,0.148,0.00010666666666666668
5872570838,0.41189866666666664,0.020970666666666662,0.0,0.44693866666666665,0.049152,0.0,0.0,2.666666666666667e-05,0.0,0.07101333333333333,0.0
5872572524,0.38149866666666665,0.016853333333333338,0.0,0.482112,0.022384,0.0,0.0,4.8e-05,0.0,0.097104,0.0
5872576110,0.5792266666666666,0.034261333333333324,5.8666666666666665e-05,0.3400106666666667,0.008666666666666666,0.0,0.0,0.0,0.0,0.037776,0.0
5900625846,0.5768854961832061,0.04998473282442748,0.07283969465648855,0.05655725190839695,0.07412977099236641,0.02216030534351145,0.005572519083969466,0.006206106870229007,0.014335877862595419,0.09989312977099235,0.021435114503816795
6853242318,0.6359824561403509,0.104109649122807,0.025789473684210525,0.027035087719298245,0.0509780701754386,0.02250438596491228,0.016881578947368418,0.015105263157894738,0.020881578947368418,0.05416666666666666,0.02656578947368421
6865245266,0.12627027027027027,0.0022942942942942943,0.42383783783783785,0.013705705705705706,0.0004924924924924925,0.0022822822822822822,0.002756756756756757,0.03318318318318318,0.06792792792792793,0.32724924924924925,0.0
6865246244,0.03330930930930931,0.17945945945945946,0.09514114114114114,0.4582882882882882,0.016882882882882883,0.00019819819819819816,0.0009429429429429428,0.0036456456456456453,0.03748348348348348,0.17463063063063064,1.8018018018018016e-05
6865246830,0.10666666666666667,0.01777177177177177,0.1742762762762763,0.005513513513513513,0.0011891891891891893,0.0023783783783783785,0.00041441441441441434,0.006606606606606606,0.033171171171171174,0.652012012012012,0.0
7011359121,0.02864864864864865,0.15175375375375375,0.040174174174174175,0.09147747747747748,0.014204204204204204,0.0,0.0016276276276276276,0.008546546546546544,0.0016936936936936937,0.6618678678678679,6.006006006006007e-06
7011360169,0.036220994475138116,0.03281767955801105,0.2195801104972376,0.06356906077348067,0.010331491712707185,0.001138121546961326,0.031425414364640886,0.01005524861878453,0.07874033149171272,0.5159779005524862,0.000143646408839779
7011360791,0.04986872586872587,0.059567567567567564,0.17253281853281854,0.40218532818532815,0.03650965250965251,0.00022393822393822397,0.0014131274131274133,0.0037451737451737453,0.055042471042471036,0.21888030888030888,3.088803088803089e-05
7228788406,0.37059259259259253,0.12047811447811448,0.1197979797979798,0.024592592592592596,0.13106397306397308,0.009023569023569027,0.014868686868686868,0.06934680134680135,0.06298989898989898,0.061670033670033673,0.015575757575757574
7228796052,0.4410395136778115,0.12644984802431614,0.04386626139817629,0.05468085106382978,0.10329483282674773,0.011550151975683893,0.018139817629179333,0.07695440729483281,0.034164133738601825,0.06102735562310031,0.028832826747720364
7228807544,0.3481173333333333,0.19874666666666665,0.08795733333333333,0.02283733333333333,0.11899733333333333,0.007274666666666665,0.01856533333333333,0.06183466666666668,0.05889066666666666,0.052912,0.023866666666666668
7228828422,0.4235187165775401,0.19189304812834224,0.050037433155080205,0.03195721925133689,0.10541176470588236,0.016529411764705883,0.012278074866310159,0.04204278074866309,0.04536363636363636,0.06011229946524064,0.02085561497326203
7799190456,0.16667857142857145,0.30355,0.03527857142857143,0.2524,0.20657857142857144,8.57142857142857e-05,0.003657142857142857,0.0018214285714285715,0.00095,0.024707142857142855,0.004292857142857143
9333818080,0.35200617283950614,0.010253086419753086,0.32178395061728393,0.20507407407407408,0.0597962962962963,0.002098765432098765,0.0005802469135802469,0.001932098765432099,0.0009259259259259262,0.002117283950617284,0.043432098765432095
96837831,0.113792,0.444032,0.02256533333333333,4.8e-05,0.00010666666666666668,0.38466666666666666,0.0006773333333333333,0.0016586666666666664,0.03239466666666667,5.333333333333334e-06,5.333333333333333e-05
96838970,0.08512994350282486,0.4369830508474576,0.08641242937853105,0.000384180790960452,0.0005536723163841807,0.3525141242937853,0.006672316384180791,0.007875706214689266,0.02340677966101695,0.0,6.779661016949152e-05
96841629,0.01819774011299435,0.7013615819209039,0.05029378531073447,0.0008192090395480225,0.0004463276836158192,0.2210734463276836,0.0005367231638418079,0.0009830508474576271,0.0061412429378531076,0.00014689265536723165,0.0
96841974,0.15252542372881356,1.6949152542372878e-05,0.1358135593220339,0.0012937853107344633,0.0012994350282485875,0.6563107344632768,0.01087005649717514,0.009101694915254236,0.0312542372881356,0.0006779661016949152,0.0008361581920903955
96842062,0.23445197740112994,0.16119774011299434,0.13124293785310734,0.24988700564971755,0.02235028248587571,9.6045197740113e-05,0.010536723163841808,0.002209039548022599,0.0005875706214689267,0.1675084745762712,0.01993220338983051
99211296,0.5301706666666666,0.017994666666666666,0.08320533333333335,0.293376,0.04002666666666666,0.0,8.533333333333334e-05,0.000144,0.0,0.025829333333333333,0.009168
99211319,0.2812746666666667,0.05272,0.024442666666666668,0.4807253333333333,0.01776,0.0,0.000576,5.333333333333333e-05,0.0,0.12922666666666666,0.013221333333333331
99211351,0.3105973333333333,0.22730666666666666,0.00012266666666666668,0.15365333333333334,0.0018986666666666668,0.0,4.8e-05,3.733333333333333e-05,0.0,0.3063146666666667,2.133333333333333e-05
99211370,0.013141333333333331,0.18074133333333334,0.028586666666666663,0.7315199999999998,0.0013013333333333336,0.012725333333333332,1.0666666666666667e-05,0.00010666666666666668,0.0010186666666666666,0.030821333333333333,2.666666666666667e-05
99211416,0.044234666666666665,0.017413333333333333,0.5308693333333333,0.06073066666666666,0.006218666666666666,0.141376,0.001824,0.0015946666666666668,0.0010186666666666666,0.021626666666666662,0.17309333333333332
99211505,0.29152,0.17712533333333333,0.02957333333333333,0.26489066666666666,0.005786666666666666,0.0,0.000448,0.0019946666666666667,0.0,0.2276373333333333,0.001024
99211516,0.3774186666666666,0.157408,0.0036746666666666664,0.11226133333333334,0.0034613333333333328,0.0,6.933333333333333e-05,0.00022400000000000002,0.0,0.3454506666666667,3.2e-05
99211619,0.03089066666666667,3.2e-05,0.36255466666666664,0.009850666666666669,0.4922666666666666,0.0010986666666666666,0.000176,0.0003733333333333333,4.8e-05,0.000736,0.10197333333333332
99211656,0.291184,0.048464,0.10638933333333334,0.37005333333333335,0.011189333333333334,0.00944,0.0005493333333333333,0.0008906666666666666,0.0037546666666666666,0.151904,0.006181333333333333
99211695,0.06612266666666665,0.41332266666666667,0.049541333333333326,0.361136,0.004469333333333333,0.043088,0.00013333333333333334,0.0004586666666666666,0.0014613333333333336,0.04530666666666666,0.01496
99211785,0.016613333333333334,0.3646453333333333,0.029082666666666663,0.497552,0.006965333333333333,0.052432,9.6e-05,0.00014933333333333332,0.0018559999999999998,0.02938666666666666,0.0012213333333333336
99211827,0.01825066666666666,0.4705066666666666,0.03385066666666667,0.4072373333333333,0.004837333333333333,0.04168,0.00011200000000000001,0.0003573333333333333,0.0013653333333333336,0.017845333333333338,0.0039573333333333335
99211868,0.020090666666666663,0.43354666666666664,0.032661333333333334,0.4641013333333333,0.0035146666666666672,0.038629333333333335,9.066666666666667e-05,0.00036266666666666663,0.0012693333333333333,0.002906666666666667,0.0028266666666666666
99211924,0.017904,0.35584,0.0132,0.463072,0.003077333333333333,0.042005333333333325,0.000192,0.0002773333333333333,0.0012053333333333336,0.10302933333333332,0.00019733333333333327
99211987,0.202832,0.265504,0.04546666666666666,0.3332853333333333,0.04248,0.0,0.0002453333333333333,0.00010666666666666668,0.0,0.06789333333333332,0.04218666666666666
