11848435566,0.53112,0.03073066666666667,0.2350933333333333,0.06927466666666666,0.02010666666666666,0.005829333333333333,0.013888,0.010234666666666666,0.02304,0.034138666666666664,0.026544
11931826675,0.03789333333333333,0.0025226666666666665,0.323008,0.08079999999999998,0.013306666666666666,0.091456,0.039168,0.005392,0.3095413333333333,0.050485333333333327,0.046426666666666665
11932030623,0.050912,0.010090666666666666,0.42152,0.15325866666666665,0.085152,0.006677333333333335,0.12172266666666667,0.03214933333333333,0.021850666666666668,0.075008,0.021658666666666663
11932547526,0.3204,0.0012213333333333336,0.2324213333333333,0.2872,0.09530133333333331,2.666666666666667e-05,0.007141333333333335,0.009317333333333332,0.004085333333333333,0.014357333333333331,0.028528
11932875205,0.41724266666666665,0.001466666666666667,0.09600533333333332,0.109328,0.03072533333333333,0.003429333333333333,0.000944,0.005205333333333334,0.0019946666666666667,0.33248,0.0011786666666666664
11932887235,0.04447583643122677,0.0,0.5379033457249071,0.00970260223048327,0.0036356877323420076,0.2693011152416357,0.002966542750929368,0.00046840148698884754,0.02686988847583643,0.007881040892193306,0.09679553903345725
11933273473,0.035203125,0.0,0.8158177083333333,0.01342708333333333,0.010317708333333332,0.065171875,0.00015625,0.00010416666666666667,0.0056145833333333325,0.0014270833333333336,0.05276041666666666
11933453424,0.06142259414225941,0.0,0.5811171548117154,0.02148953974895397,0.009150627615062763,0.1802845188284519,0.003104602510460251,0.00012552301255230126,0.010355648535564851,0.030334728033472806,0.10261506276150628
11933493993,0.021343434343434345,0.0,0.8439595959595958,0.012363636363636365,0.0046010101010101005,0.0603939393939394,0.0001111111111111111,4.545454545454545e-05,0.003767676767676768,0.0004797979797979798,0.05293434343434343
11933848736,0.041946107784431134,0.0,0.6424191616766467,0.016934131736526945,0.022886227544910175,0.1719940119760479,0.002724550898203593,0.0004550898203592814,0.00789820359281437,0.003724550898203593,0.08901796407185629
11941303485,0.04636046511627907,0.0015174418604651165,0.3148953488372093,0.06801162790697675,0.0034767441860465115,0.32596511627906977,0.015156976744186047,0.002703488372093023,0.13756976744186047,0.017674418604651163,0.0666686046511628
11941809575,0.02278448275862069,0.0,0.6166637931034483,0.006849137931034482,0.004288793103448276,0.2434698275862069,0.0008577586206896552,0.00025,0.006775862068965517,0.0043017241379310345,0.09375862068965517
11941861445,0.02116666666666667,0.0,0.5688791666666667,0.010720833333333334,0.003733333333333333,0.29809166666666664,0.0010583333333333334,9.166666666666667e-05,0.008383333333333333,0.0071541666666666654,0.08072083333333335
12181469424,0.121872,0.0004,0.4970453333333333,0.060069333333333336,0.14036266666666666,0.004757333333333333,0.08845866666666667,0.002352,0.00964266666666667,0.029392,0.045648
12181478664,0.43716800000000006,0.003392,0.11397866666666667,0.2644693333333333,0.046784,0.0,0.0002933333333333333,0.002458666666666667,0.0,0.13145066666666666,5.333333333333334e-06
2276555071,0.19253333333333333,0.10597333333333334,0.0058506666666666655,0.38151466666666667,0.04479466666666667,0.0,0.00041066666666666666,0.0032746666666666666,0.000768,0.2648693333333333,1.0666666666666667e-05
2276558761,0.5312533333333334,0.006181333333333333,0.00448,0.272304,0.018010666666666668,0.0,5.8666666666666665e-05,0.001232,0.0,0.16644266666666666,3.733333333333333e-05
2276565433,0.5078826666666667,0.146976,0.010597333333333334,0.018832,0.015744,0.0,0.00021866666666666668,0.00046399999999999995,2.666666666666667e-05,0.2992586666666667,0.0
2277345318,0.21885333333333332,0.657264,0.048149333333333336,0.046432,0.02736,0.0,5.8666666666666665e-05,0.001477333333333333,0.00010666666666666668,0.00017066666666666668,0.000128
2277346734,0.36293866666666663,0.37362133333333336,0.003701333333333333,0.21858666666666668,0.023152,0.00010133333333333332,0.0005866666666666667,0.003141333333333333,8.533333333333334e-05,0.013930666666666666,0.00015466666666666667
2277349260,0.3799573333333333,0.1336,0.040736,0.2284373333333333,0.14739733333333332,1.0666666666666667e-05,0.0030293333333333327,0.003418666666666666,0.0002933333333333333,0.060064,0.003056
2277350882,0.44137066666666663,0.2838773333333333,0.07701333333333332,0.06913066666666667,0.059136,0.0,1.6e-05,0.000928,0.0,0.068448,8e-05
2277353078,0.08578666666666665,0.00010133333333333332,0.4792373333333334,0.14677333333333334,0.22264,0.000176,4.266666666666666e-05,3.2e-05,0.0015626666666666664,0.0014880000000000002,0.06216
2277354398,0.14442666666666668,0.193328,0.3882293333333333,0.04863466666666666,0.08247466666666665,0.008512,0.0008319999999999998,0.00041066666666666666,0.0006933333333333333,0.06288533333333333,0.06957333333333332
2277357422,0.32256,0.01135466666666667,0.255504,0.116704,0.14613866666666667,1.0666666666666667e-05,0.006256,0.0013173333333333331,0.00019733333333333327,0.12589866666666666,0.014058666666666669
2277359774,0.4188693333333333,0.02163733333333333,0.13748266666666667,0.15794133333333332,0.07903466666666667,0.02418133333333333,0.01893333333333333,0.019712,0.04425066666666666,0.032938666666666665,0.045018666666666665
2277362222,0.4836906666666666,0.19511466666666666,0.11978666666666668,0.065984,0.024490666666666668,2.133333333333333e-05,0.0005226666666666666,0.002309333333333333,3.2e-05,0.08047466666666665,0.027573333333333328
2542064007,0.11094894894894897,0.14822222222222226,0.27922522522522525,0.09424624624624624,0.02393993993993994,0.03412612612612612,0.00019219219219219217,0.00024624624624624625,0.00012612612612612612,0.28264264264264266,0.026084084084084084
2542064665,0.16824024024024026,0.0026486486486486487,0.165987987987988,0.06292492492492492,0.06714114114114114,0.0025645645645645644,0.08477477477477477,0.0036456456456456453,0.003105105105105105,0.42909309309309307,0.009873873873873873
2559567578,0.36375375375375374,0.3367087087087087,0.1372012012012012,0.12085885885885884,0.003129129129129129,0.0,0.00015615615615615616,0.001051051051051051,1.2012012012012014e-05,0.037111111111111116,1.8018018018018016e-05
2559568764,0.18213813813813812,1.8018018018018016e-05,0.6705525525525525,0.003807807807807808,0.0023783783783783785,0.00789189189189189,0.054402402402402406,9.009009009009008e-05,0.0007927927927927926,0.052774774774774776,0.025153153153153158
2577256765,0.11434834834834835,0.00012012012012012012,0.3493453453453453,0.023375375375375373,0.04021621621621622,0.02747147147147147,0.001963963963963964,0.0004504504504504505,6.606606606606607e-05,0.3763543543543544,0.06628828828828827
2578089040,0.3613273273273273,0.1859159159159159,0.282984984984985,0.02106906906906907,0.006432432432432433,0.0007867867867867867,0.00016816816816816817,0.0003423423423423424,5.4054054054054054e-05,0.1377057057057057,0.003213213213213213
2970861385,0.2290990990990991,0.11332732732732732,0.02283483483483484,0.4904444444444445,0.08377777777777777,0.0,0.00017417417417417416,0.00034834834834834833,0.0,0.05845045045045045,0.0015435435435435436
2970868951,0.2537897897897898,0.18174174174174174,0.032894894894894895,0.4068048048048048,0.09554354354354352,0.0,0.0003003003003003003,0.0005765765765765766,0.0,0.01795795795795796,0.010390390390390393
2971710476,0.0991891891891892,0.06795195195195196,0.7057657657657658,0.07366966966966966,0.03992192192192192,0.001015015015015015,0.0039579579579579575,0.003033033033033033,0.00011411411411411411,0.0018498498498498495,0.003531531531531531
2972708359,0.32961538461538453,0.015423076923076925,0.062269230769230764,0.27257692307692305,0.1723846153846154,0.0016923076923076926,0.005884615384615385,0.0005384615384615383,0.0,0.13953846153846153,7.692307692307693e-05
2972710017,0.2304670050761421,0.025786802030456853,0.04834517766497462,0.19525888324873095,0.13383756345177664,0.0,0.0006598984771573603,0.00026395939086294414,0.0003350253807106599,0.3601218274111675,0.004923857868020304
2972869611,0.2310483271375465,0.01699628252788104,0.2386096654275093,0.013635687732342007,0.028037174721189592,0.0003122676579925651,0.001553903345724907,0.0013903345724907065,0.0021412639405204467,0.4646542750929368,0.001620817843866171
2972872955,0.07268693009118542,0.0,0.6325592705167173,0.20222492401215805,0.012881458966565349,0.0013191489361702128,0.014583586626139818,0.00042553191489361696,6.0790273556231004e-05,0.03933130699088146,0.023927051671732518
2972884059,0.10803003003003003,0.038756756756756765,0.2578498498498499,0.2481021021021021,0.08341741741741741,0.0003183183183183183,0.005117117117117117,0.00015015015015015014,0.0016936936936936937,0.25604804804804804,0.0005165165165165165
2972884821,0.17775975975975974,0.022384384384384386,0.21290090090090089,0.0093993993993994,0.05340540540540541,0.01499099099099099,0.002156156156156157,0.0007207207207207206,0.012324324324324324,0.25684684684684683,0.2371111111111111
2972886257,0.08386786786786787,0.0,0.3768648648648649,0.5023903903903904,0.03650450450450451,0.0,0.0002822822822822822,1.2012012012012014e-05,2.4024024024024028e-05,4.204204204204204e-05,1.2012012012012014e-05
2972886817,0.31513661202185794,0.03851912568306011,0.029836065573770488,0.007573770491803278,0.21221857923497267,0.0009945355191256831,0.0002349726775956284,0.000185792349726776,5.46448087431694e-05,0.2885901639344262,0.10665573770491804
2972887303,0.2919640718562875,0.013820359281437126,0.09420359281437124,0.17917365269461075,0.08441317365269461,0.10131736526946107,0.021538922155688624,0.0019281437125748505,0.0207125748502994,0.18229341317365266,0.008634730538922155
2973556560,0.7467619047619046,0.0014285714285714286,0.003130952380952381,0.1311190476190476,0.008476190476190476,0.0,0.0006666666666666666,0.0009642857142857145,0.0,0.10745238095238097,0.0
2973558128,0.2995094339622641,0.04754716981132075,0.0569811320754717,0.124188679245283,0.22467924528301889,0.00015094339622641508,0.0012830188679245286,0.00018867924528301886,0.0004150943396226415,0.2449056603773585,0.00015094339622641508
2973732902,0.12184984984984985,0.030432432432432432,0.15726726726726728,0.3052972972972973,0.08651651651651651,9.009009009009008e-05,0.009249249249249249,0.00021621621621621621,0.003975975975975976,0.2841741741741742,0.0009309309309309308
3422896185,0.527081081081081,0.3165105105105105,0.04333933933933934,0.006114114114114114,0.004432432432432433,0.0001381381381381381,0.0012012012012012011,0.0005525525525525524,0.002816816816816817,0.09778978978978979,2.4024024024024028e-05
3422943551,0.9307747747747748,1.2012012012012014e-05,0.040522522522522524,0.002504504504504505,0.009357357357357356,0.0013333333333333333,0.00575975975975976,8.408408408408409e-05,0.0012132132132132132,0.00655855855855856,0.00187987987987988
3434464711,0.06254654654654655,0.21142942942942944,0.2885345345345345,0.3185585585585585,0.005957957957957958,0.07207207207207206,0.021885885885885886,0.00043843843843843837,0.005645645645645646,0.0003543543543543544,0.012576576576576577
3434622443,0.031189189189189188,0.103009009009009,0.3188948948948949,0.010762762762762765,0.018054054054054053,0.08160360360360361,0.01699099099099099,0.00014414414414414415,0.003735735735735736,0.3768168168168168,0.0387987987987988
3434794279,0.09418618618618617,0.2751291291291291,0.041801801801801805,0.21648048048048046,0.09347147147147149,0.0006906906906906907,0.014720720720720719,0.0006546546546546547,0.0012132132132132132,0.26145345345345344,0.00019819819819819816
3434847955,0.8793453453453453,0.0,0.0952972972972973,0.009009009009009009,0.0014534534534534536,0.0007027027027027027,0.011105105105105106,1.8018018018018016e-05,0.00012012012012012012,0.001867867867867868,0.0010810810810810813
3434856139,0.11504504504504505,0.0003663663663663664,0.8208048048048048,0.02796396396396397,0.02135735735735736,0.0001021021021021021,0.004342342342342343,0.005537537537537538,0.0006726726726726728,0.0015375375375375375,0.00227027027027027
3434861765,0.4604264264264265,0.00393993993993994,0.15967567567567567,0.3514114114114114,0.0211951951951952,0.0,0.0006366366366366366,0.0006486486486486486,3.603603603603604e-05,0.00203003003003003,0.0
3434911449,0.044090090090090094,0.3956696696696697,0.22473273273273275,0.13267867867867866,0.0133993993993994,0.03947747747747748,0.036882882882882884,0.0007807807807807806,0.0022942942942942943,0.10366966966966967,0.006324324324324325
3435262790,0.03386786786786788,0.4340180180180181,0.16027627627627627,0.037063063063063055,0.006768768768768769,0.1404204204204204,0.022570570570570568,0.0008348348348348348,0.0048708708708708704,0.14135735735735735,0.017951951951951952
3435457260,0.06841441441441441,0.19702702702702704,0.30858258258258253,0.3517117117117117,0.013303303303303305,0.02735135135135135,0.017357357357357356,0.00023423423423423422,0.015687687687687687,0.0,0.00033033033033033035
3435522620,0.1601021021021021,0.4693873873873874,0.2571891891891892,0.038936936936936936,0.04877477477477477,0.0012612612612612614,0.007291291291291291,0.002954954954954955,0.0023303303303303306,0.005057057057057057,0.006714714714714714
3435563002,0.5371471471471472,0.012870870870870871,0.1161021021021021,0.3053753753753754,0.013123123123123123,0.0,0.0038798798798798796,0.0012612612612612614,7.807807807807808e-05,0.010012012012012012,0.00015015015015015014
3435593588,0.038120120120120116,0.15645045045045045,0.07928528528528528,0.3847267267267268,0.05442642642642642,0.0019219219219219214,0.018228228228228227,0.0003603603603603604,0.0023243243243243248,0.2635615615615616,0.0005945945945945945
3435674982,0.09303303303303304,0.022582582582582583,0.038264264264264256,0.6734894894894895,0.039417417417417416,0.0,0.06898498498498498,0.0133993993993994,0.00011411411411411411,0.05061261261261262,0.0001021021021021021
3862834515,0.5728132530120482,0.0,0.0,0.2300421686746988,0.0,0.0,0.0,0.0,0.0,0.19714457831325305,0.0
3862837233,0.1567207207207207,0.05010810810810811,0.3066846846846847,0.03365765765765766,0.054882882882882886,5.4054054054054054e-05,3.603603603603604e-05,0.0006546546546546547,0.00015615615615615616,0.3947927927927928,0.002252252252252252
3862839903,0.13706906906906907,0.2493153153153153,0.10814414414414414,0.2093093093093093,0.25053453453453456,0.0024744744744744744,0.014864864864864866,0.0013393393393393393,0.002102102102102102,0.02273273273273273,0.0021141141141141143
3862843013,0.14741141141141142,0.03812612612612613,0.06387387387387387,0.2500660660660661,0.14,0.001393393393393393,0.014936936936936937,0.0023363363363363364,0.0023963963963963965,0.3362222222222222,0.0032372372372372372
3862851419,0.10454054054054054,0.10476876876876877,0.08212612612612613,0.31423423423423424,0.1465225225225225,6.006006006006007e-06,0.00017417417417417416,0.0023843843843843844,5.4054054054054054e-05,0.2375015015015015,0.007687687687687686
3862854863,0.3326126126126126,0.008264264264264262,0.12852852852852853,0.1681861861861862,0.07627627627627627,0.0,0.0004444444444444444,0.006378378378378378,5.4054054054054054e-05,0.2790990990990991,0.00015615615615615616
3862857911,0.136656,0.060858666666666665,0.113632,0.250976,0.132576,0.0013546666666666663,0.008005333333333333,0.001557333333333333,0.005082666666666666,0.2871893333333333,0.002112
3862885131,0.472066265060241,0.0,0.0,0.4699156626506024,0.0,0.0,0.0,0.0,0.0,0.05801807228915664,0.0
3862885865,0.12214414414414415,0.19833033033033032,0.2470990990990991,0.14197597597597594,0.07015615615615617,0.0005465465465465466,0.0005345345345345345,0.0008228228228228228,0.0009729729729729728,0.21590990990990994,0.0015075075075075073
3863621498,0.6203253333333333,0.0,0.0,0.3010826666666667,0.0,0.0,0.0,0.0,0.0,0.07859199999999998,0.0
3863653990,0.3182702702702703,0.22792192192192195,0.1593813813813814,0.17396996996996994,0.06343543543543544,0.00012012012012012012,0.0006906906906906907,0.0008048048048048048,0.0011531531531531532,0.05351351351351352,0.0007387387387387387
3863661214,0.18769369369369368,0.004744744744744745,0.02917117117117117,0.11913513513513513,0.31763963963963965,0.0,0.00018618618618618615,0.0006426426426426427,0.0,0.3405645645645646,0.0002222222222222222
3863669406,0.060007117437722426,0.4299644128113879,0.19740925266903914,0.08975800711743773,0.0264982206405694,0.002896797153024911,0.0026263345195729534,0.00012099644128113879,0.0021779359430604984,0.18662633451957292,0.0019145907473309609
3863671864,0.11348948948948948,0.1551951951951952,0.09666066066066065,0.2762822822822823,0.21515315315315314,0.0015495495495495494,0.03655255255255256,0.00196996996996997,0.01103303303303303,0.09063663663663665,0.0014774774774774775
3863676858,0.14186186186186187,0.3305285285285285,0.12091891891891893,0.2395735735735736,0.08913513513513513,0.0010330330330330327,0.02398198198198198,0.023327327327327327,0.017471471471471472,0.012048048048048049,0.00012012012012012012
4573468447,0.129225,0.647725,0.0720375,0.075375,0.056475,4.375e-05,0.0059,0.004275,3.125e-05,0.00821875,0.00069375
4573468731,0.3091556886227545,0.27523952095808385,0.011970059880239522,0.09740718562874252,0.14103592814371255,0.0,3.5928143712574846e-05,0.00019760479041916167,0.0,0.16492814371257486,2.994011976047904e-05
4573468857,0.05220958083832336,0.4820059880239521,0.22431137724550895,0.03591616766467066,0.08457485029940119,0.008976047904191615,0.0002275449101796407,0.00013772455089820359,0.0017904191616766468,0.03639520958083833,0.07345508982035928
4573468987,0.3100828402366864,0.004958579881656804,0.26936686390532544,0.2794615384615385,0.04998224852071006,0.020142011834319528,0.0047396449704142024,0.0015562130177514792,0.012307692307692308,0.04346153846153846,0.003940828402366864
4573469157,0.22362388059701493,0.4209014925373135,0.17877014925373133,0.04878805970149254,0.035277611940298506,0.0,0.0025611940298507466,0.00012537313432835822,0.0001373134328358209,0.06957611940298507,0.020238805970149255
4573469955,0.1858698224852071,0.018810650887573964,0.27683431952662724,0.022804733727810646,0.18963905325443786,1.7751479289940825e-05,0.0011242603550295858,0.00024260355029585802,0.0005857988165680473,0.2273076923076923,0.07676331360946745
4574103166,0.08502453987730062,0.3985337423312884,0.2817423312883436,0.014674846625766872,0.03474846625766871,0.005116564417177914,0.00023312883435582822,4.294478527607361e-05,0.0005153374233128834,0.009478527607361963,0.16988957055214726
4574103220,0.1031622418879056,0.3812625368731564,0.32831858407079645,0.0074513274336283205,0.00023008849557522125,0.02744542772861357,0.0016047197640117995,0.0032802359882005893,0.004631268436578171,0.0272330383480826,0.11538053097345133
4574103282,0.03420958083832335,0.016335329341317366,0.3422215568862275,0.10948502994011976,0.05693413173652695,0.0,0.0024071856287425147,1.7964071856287423e-05,0.0,0.3308982035928144,0.10749101796407186
4574103466,0.3289597701149425,0.006775862068965517,0.22154597701149426,0.3117931034482759,0.06823563218390805,0.004218390804597701,0.009695402298850577,0.0012931034482758618,0.010701149425287356,0.03454022988505747,0.0022413793103448275
4574103592,0.3931017964071856,0.006892215568862275,0.006467065868263474,0.3418083832335329,0.22502994011976046,2.994011976047904e-05,0.0009760479041916168,0.004760479041916167,0.0,0.019137724550898204,0.0017964071856287425
4574103766,0.3156333333333333,0.012694444444444444,0.019655555555555555,0.13573333333333334,0.4598666666666666,0.00012777777777777782,0.000788888888888889,0.0016277777777777775,0.0,0.008838888888888891,0.045033333333333335
4574103872,0.09839495798319328,0.615546218487395,0.05926890756302521,0.05873109243697479,0.10084873949579833,0.0,2.521008403361345e-05,0.00015126050420168066,0.00013445378151260502,0.06688235294117648,1.680672268907563e-05
4574103934,0.07433827893175074,0.3317091988130564,0.13753709198813058,0.056445103857566764,0.32105044510385755,5.934718100890208e-06,0.0001543026706231454,2.3738872403560832e-05,0.0,0.05531750741839762,0.02341839762611276
4574104082,0.6132375366568915,3.519061583577713e-05,0.24870381231671554,0.023612903225806448,0.0212316715542522,0.0002404692082111437,0.01116715542521994,0.0017008797653958944,0.0007565982404692082,0.07665689149560116,0.002656891495601173
4848907167,0.2606606606606607,0.36618018018018017,0.15834834834834835,0.029957957957957963,0.09364564564564563,0.025345345345345344,0.001069069069069069,0.00221021021021021,0.002228228228228228,0.04982582582582583,0.010528528528528529
4848910083,0.13823423423423425,0.6414414414414414,0.08177177177177178,0.008528528528528529,0.07834234234234234,0.016096096096096097,0.0004504504504504505,0.0018978978978978977,0.00043843843843843837,0.021477477477477483,0.01132132132132132
4848917555,0.3845225225225225,0.43939339339339334,0.08851051051051051,0.017261261261261263,0.0030990990990990997,0.009081081081081079,0.0016276276276276276,0.003891891891891892,0.0002222222222222222,0.02637237237237237,0.026018018018018015
4848922425,0.473987987987988,0.4295495495495496,0.0661141141141141,0.006036036036036036,0.004078078078078079,0.004096096096096096,0.001981981981981982,0.0007987987987987989,0.00012612612612612612,0.002102102102102102,0.011129129129129127
4849516402,0.5487687687687688,0.0,0.0004084084084084084,0.2455735735735736,0.0003243243243243243,0.0,6.006006006006007e-06,0.0,0.0,0.20491891891891886,0.0
4849519998,0.40252852852852855,0.05752552552552553,0.11246846846846847,0.11557957957957958,0.0003003003003003003,0.03628228228228228,0.11666666666666667,0.02846246246246246,0.0022642642642642643,0.11611411411411413,0.011807807807807809
4849524912,0.2988048048048048,0.5127507507507507,0.02289489489489489,0.05428228228228228,0.0016456456456456455,0.0003123123123123123,0.0015555555555555555,0.0014774774774774775,3.603603603603604e-05,0.09757357357357356,0.008666666666666666
4849533980,0.4114534534534535,0.39505705705705707,0.04481081081081082,0.007639639639639641,0.0037537537537537533,0.04488888888888889,0.00019219219219219217,0.004216216216216216,0.003549549549549549,0.03073873873873874,0.05369969969969969
4849535064,0.4222942942942943,0.09531531531531533,0.0683963963963964,0.01145945945945946,0.04987987987987988,0.0312972972972973,0.0005945945945945945,0.005645645645645646,0.006102102102102103,0.284990990990991,0.024024024024024024
4849536680,0.3937597597597597,0.3994894894894895,0.08177177177177178,0.009645645645645646,0.007501501501501502,0.027549549549549555,0.0002702702702702703,0.0010570570570570571,0.0008228228228228228,0.03138738738738739,0.046744744744744736
4870860687,0.3333873873873873,0.5425945945945946,0.003915915915915916,0.02097297297297297,0.0008168168168168168,0.0013753753753753756,0.02231831831831832,0.04189789789789789,0.000978978978978979,0.02675075075075075,0.004990990990990992
4871464946,0.23699699699699697,0.34026426426426426,0.009957957957957956,0.030522522522522518,0.09098498498498497,7.207207207207206e-05,0.11507507507507507,0.14831831831831832,0.013603603603603605,0.014162162162162163,4.204204204204204e-05
4871468744,0.2861141141141141,0.5132132132132132,0.0006786786786786785,0.008948948948948949,0.11330330330330332,0.0,0.02848048048048048,0.03637237237237237,0.0003423423423423424,0.012546546546546545,0.0
4889196603,0.10958433734939757,0.010246987951807228,0.04612048192771085,0.6184879518072289,0.03888554216867471,0.0,0.003566265060240964,0.0018072289156626509,0.0,0.1713012048192771,0.0
4889200657,0.07716265060240964,0.0002891566265060241,0.8146084337349397,0.007355421686746989,0.07715060240963856,0.00023493975903614457,0.0014457831325301205,0.00022891566265060239,0.0033554216867469878,0.0004397590361445784,0.017728915662650602
4889207749,0.3645843373493976,0.0010843373493975904,0.005373493975903615,0.3970060240963855,0.06523493975903615,0.0,0.0024277108433734935,0.0009337349397590361,0.0,0.16317469879518073,0.0001807228915662651
4889210017,0.28633033033033034,0.0014474474474474475,0.00043243243243243243,0.6557417417417417,0.005825825825825826,0.0,0.0007507507507507506,0.0006786786786786785,1.2012012012012014e-05,0.048744744744744745,3.603603603603604e-05
4889216723,0.12347590361445784,0.0002710843373493976,0.024096385542168683,0.3010602409638555,0.4804337349397591,6.0240963855421675e-06,0.005867469879518072,3.012048192771084e-05,0.0,0.06219879518072289,0.0025602409638554213
4889795778,0.1515421686746988,0.006132530120481928,0.015228915662650604,0.3095421686746988,0.08206024096385542,0.0,0.00960843373493976,0.005843373493975904,0.0007409638554216867,0.4192590361445783,4.216867469879517e-05
4889815742,0.0906566265060241,0.000746987951807229,0.08157228915662651,0.4965542168674698,0.09396987951807229,1.2048192771084335e-05,0.03681325301204819,0.00036746987951807224,2.4096385542168674e-05,0.19740361445783133,0.0018795180722891566
4889820560,0.35667267267267266,0.006624624624624625,0.005315315315315316,0.24742942942942944,0.04437237237237237,0.0,0.0009969969969969969,0.002228228228228228,0.0,0.3362822822822823,7.807807807807808e-05
4889820746,0.5815964523281596,0.002190687361419069,0.0198980044345898,0.2207317073170732,0.03603991130820399,0.0,7.095343680709535e-05,0.00023946784922394682,0.0,0.13922838137472285,4.434589800443459e-06
4889822800,0.1678313253012048,0.03498795180722892,0.19802409638554214,0.24009036144578316,0.09387951807228916,0.0057108433734939755,0.06480722891566265,0.014963855421686746,0.02486144578313253,0.14473493975903615,0.010108433734939758
4889822936,0.3133192771084337,0.1631144578313253,0.16946385542168674,0.08886746987951806,0.1892530120481928,0.0005903614457831325,0.0051204819277108436,0.0009759036144578313,7.83132530120482e-05,0.053090361445783135,0.016126506024096387
4889825988,0.4660963855421687,0.0935421686746988,0.15163855421686748,0.11022289156626508,0.13325301204819276,8.433734939759034e-05,0.004253012048192771,0.0015963855421686744,7.228915662650602e-05,0.03425301204819277,0.004987951807228916
4889826160,0.2320421686746988,0.01,0.022469879518072288,0.3175301204819277,0.3244277108433735,1.8072289156626505e-05,0.007439759036144578,0.007204819277108435,0.000746987951807229,0.05285542168674698,0.025265060240963852
4889829186,0.22456456456456456,0.024162162162162163,0.027405405405405404,0.37587387387387383,0.13603603603603606,0.0,0.0135015015015015,0.003201201201201201,0.00025225225225225225,0.19452852852852853,0.00047447447447447453
4889904338,0.4609446064139942,0.0005072886297376092,0.011784256559766764,0.4362565597667639,0.005760932944606414,0.0677667638483965,0.0024139941690962093,0.000326530612244898,0.007067055393586006,0.006425655976676385,0.0007463556851311954
5020368815,0.5186186666666666,0.06936000000000002,0.01895466666666667,0.024442666666666668,0.000672,0.021690666666666667,0.15553066666666668,0.17317333333333335,0.007903999999999998,0.0049493333333333325,0.004704
5057822901,0.19246846846846846,0.03661261261261261,0.07131531531531532,0.0585945945945946,0.14750150150150151,3.603603603603604e-05,0.0017297297297297295,0.00025825825825825824,0.00022822822822822822,0.4898618618618618,0.001393393393393393
5058427508,0.8311413333333333,0.005061333333333334,0.000768,0.12605333333333332,0.006896,0.0,0.0024053333333333327,0.009536,0.0,0.018138666666666668,0.0
5058433014,0.125888,0.028864,0.19076266666666666,0.3730933333333333,0.027770666666666662,0.002704,0.03986666666666666,0.002661333333333333,0.005829333333333333,0.18266133333333331,0.01989866666666666
5061762285,0.07274666666666665,0.02445333333333333,0.007450666666666667,0.7638186666666666,0.07169066666666667,0.0,0.0025386666666666665,0.0012213333333333336,0.0,0.05608,0.0
5061762551,0.012437333333333331,0.005312,0.009872,0.8301973333333333,0.13930133333333333,0.0,0.00011200000000000001,0.001904,0.0,0.0008639999999999998,0.0
5061770993,0.017333333333333333,0.088992,0.030186666666666667,0.5975733333333333,0.243216,0.0,0.00034666666666666667,0.0018559999999999998,0.0,0.01987733333333333,0.0006186666666666666
5061775187,0.11957333333333335,5.333333333333334e-06,0.01963733333333333,0.7520266666666666,0.027914666666666667,0.0,0.0035520000000000005,6.933333333333333e-05,0.0,0.07675733333333333,0.00046399999999999995
5061776617,0.04033066666666666,0.007258666666666666,0.013530666666666668,0.8760106666666667,0.029824,0.0,0.0010933333333333333,0.0018773333333333333,0.0,0.029983999999999997,9.066666666666667e-05
5061777521,0.19897066666666666,0.0005493333333333333,0.030384,0.5505653333333334,0.10306666666666668,0.0,0.0016053333333333336,0.002773333333333333,0.0,0.10668266666666666,0.005402666666666666
5061778023,0.044688,0.00018133333333333331,0.06916266666666665,0.6399893333333333,0.13300266666666666,0.0,0.001824,0.00013333333333333334,0.0,0.107776,0.003242666666666667
5061779633,0.05988266666666666,0.0017546666666666667,0.012768,0.856064,0.033418666666666666,0.0,0.0006453333333333334,0.0017226666666666664,0.0,0.033744,0.0
5061782873,0.09272,0.02389333333333333,0.0052426666666666654,0.8285653333333334,0.018874666666666668,0.0,0.0011413333333333336,0.006533333333333335,0.0,0.02302933333333333,0.0
5061791373,0.12949866666666668,0.0010346666666666666,0.003269333333333333,0.787904,0.03353066666666667,0.0,0.00088,0.0014613333333333336,0.0,0.042421333333333325,0.0
5062372272,0.008458666666666666,0.009429333333333331,0.00064,0.7937066666666666,0.16114133333333333,0.0,0.002304,0.0024053333333333327,0.0,0.021914666666666662,0.0
5062387464,0.007994666666666667,0.030661333333333325,0.014832,0.8839093333333333,0.03648,0.0,0.0013973333333333331,0.0008426666666666667,0.0,0.023792,9.066666666666667e-05
5062393122,0.18554133333333334,0.023786666666666668,0.001472,0.730496,0.015765333333333333,0.0,0.00032,0.0020586666666666665,0.0,0.04053866666666666,2.133333333333333e-05
5062397858,0.2962026666666667,0.004122666666666666,0.0030133333333333327,0.625984,0.01952,0.0,0.0010453333333333332,0.012789333333333331,0.0,0.036970666666666666,0.000352
5062400094,0.11522133333333333,0.004192,0.00011200000000000001,0.8069013333333332,0.014469333333333334,0.0,0.0007253333333333333,0.002288,0.0,0.05607466666666666,1.6e-05
5062923419,0.7246470588235294,0.03411764705882353,0.07756617647058822,0.11478676470588235,0.03590441176470588,0.0,0.012397058823529412,5.147058823529412e-05,7.3529411764705884e-06,0.00044852941176470586,7.352941176470588e-05
5062925891,0.35386476868327404,0.0811459074733096,0.4548398576512456,0.013117437722419929,0.004505338078291815,0.002761565836298933,0.03160142348754449,0.0016868327402135232,0.0008754448398576512,0.04995017793594306,0.005651245551601424
5062927967,0.18420640569395014,0.00022064056939501776,0.4586476868327402,0.14252669039145907,0.08575088967971531,0.014583629893238434,0.010540925266903915,0.001715302491103203,0.0011459074733096086,0.08924555160142349,0.011416370106761563
5062928979,0.06084697508896796,0.08798576512455517,0.3251174377224199,0.4570177935943061,0.0022846975088967967,0.0,0.0016156583629893238,0.0062277580071174385,0.000797153024911032,0.05806405693950178,4.270462633451957e-05
5062929955,0.03317437722419929,0.10614946619217082,0.4586975088967972,0.24769395017793594,0.02106761565836299,4.270462633451957e-05,0.02001423487544484,0.0016583629893238436,0.0024626334519572955,0.10895373665480428,8.540925266903914e-05
5062937495,0.18900361010830324,0.3778483754512635,0.03348014440433213,0.17924187725631768,0.15833212996389892,0.00444043321299639,0.049646209386281594,0.005299638989169674,0.002353790613718412,0.00011552346570397111,0.00023826714801444043
5062938405,0.1442419928825623,0.11979359430604986,0.15105338078291816,0.001793594306049822,4.270462633451957e-05,0.018398576512455515,0.009217081850533809,0.43953024911032024,0.08483985765124553,0.027935943060498226,0.0031530249110320284
5062939109,0.4317379679144385,0.04043850267379679,0.013641711229946523,9.09090909090909e-05,0.0002192513368983957,0.13019786096256686,0.09370053475935827,0.2051711229946524,0.08199465240641711,0.000213903743315508,0.002593582887700535
5062939785,0.5073954983922829,0.008540192926045014,0.21056591639871386,0.00664951768488746,0.0005016077170418007,0.07446302250803857,0.005485530546623794,0.13385852090032155,0.04971704180064309,7.717041800643088e-05,0.0027459807073954984
5063541722,0.10027046263345196,5.6939501779359435e-05,0.8159074733096086,0.011309608540925269,0.027281138790035585,0.003672597864768683,0.0008256227758007118,0.00024199288256227758,9.252669039145908e-05,0.021765124555160144,0.018576512455516014
5063542374,0.3881921708185053,0.0010391459074733096,0.41664056939501776,0.06030604982206405,0.09819217081850536,0.0006120996441281139,0.0004270462633451957,0.000398576512455516,7.11743772241993e-05,0.02557295373665481,0.008548042704626335
5063550460,0.3244028776978417,0.0008920863309352518,0.406863309352518,0.0776906474820144,0.027733812949640287,0.11341007194244605,0.013676258992805756,0.00028776978417266187,0.0006546762589928058,0.010798561151079135,0.023589928057553958
5073934301,0.07484057971014492,0.6135217391304347,0.16096376811594204,0.035543478260869565,0.09505072463768115,0.0005652173913043478,0.0016159420289855071,0.0033260869565217392,0.0020434782608695647,0.00034782608695652176,0.012181159420289855
5073935679,0.3294946619217082,0.09688967971530248,0.04159430604982206,0.02429893238434164,0.21244128113879004,0.0,0.0007188612099644128,0.0015444839857651244,7.11743772241993e-05,0.2881850533807829,0.004761565836298933
5632512890,0.442589928057554,0.043748201438848916,0.008021582733812949,0.2386546762589928,0.002014388489208633,0.0,0.0027985611510791372,0.002431654676258993,0.0,0.2592661870503597,0.0004748201438848921
5636630061,0.30423741007194244,0.0170863309352518,0.015064748201438848,0.19523741007194245,0.22462589928057555,2.8776978417266186e-05,0.000510791366906475,0.0013741007194244606,8.633093525179855e-05,0.2411294964028777,0.0006187050359712232
5636647233,0.3823021582733813,0.07467625899280575,0.016992805755395683,0.13261870503597126,0.22318705035971226,0.0,5.0359712230215835e-05,0.0006618705035971224,0.0,0.15023021582733814,0.019280575539568343
5636669503,0.2492446043165468,0.3369136690647481,0.012388489208633094,0.3132589928057555,0.046928057553956834,0.0,0.0003741007194244604,0.0005179856115107913,0.0,0.0390863309352518,0.001287769784172662
5636684249,0.19249640287769784,0.04476978417266188,0.09289928057553955,0.3632086330935252,0.026697841726618703,0.0,0.003172661870503597,0.0005827338129496403,0.0,0.2750575539568345,0.0011151079136690648
5636685913,0.10067625899280576,0.014028776978417264,0.2415395683453237,0.2911294964028777,0.0034964028776978415,0.014920863309352519,0.002287769784172662,0.12589928057553956,0.030741007194244607,0.17527338129496406,7.1942446043165465e-06
5636692267,0.5113956834532374,0.041402877697841727,0.009402877697841724,0.2820575539568345,0.005532374100719425,0.0,0.00017985611510791367,0.00558273381294964,0.0,0.14444604316546766,0.0
5637174752,0.25753956834532377,0.1190431654676259,0.08608633093525178,0.24811510791366906,0.02651798561151079,5.0359712230215835e-05,0.015661870503597124,0.0063381294964028785,0.0001510791366906475,0.2367410071942446,0.0037553956834532375
5637182266,0.6590935251798561,0.02483453237410072,0.002827338129496403,0.07489928057553956,0.04525179856115108,0.0,0.00379136690647482,0.01103597122302158,0.004424460431654675,0.1723956834532374,0.001446043165467626
5637183904,0.1448201438848921,0.3638345323741008,0.01931654676258993,0.25744604316546765,0.17897841726618705,1.4388489208633093e-05,0.004381294964028777,0.0015467625899280575,0.003805755395683453,0.025244604316546758,0.0006115107913669065
5637213132,0.15171942446043166,0.005223021582733813,0.21957553956834533,0.3225035971223021,0.1053453237410072,0.003338129496402877,0.006827338129496402,0.0023165467625899283,0.0010935251798561152,0.1804172661870504,0.0016402877697841724
5637265460,0.3294748201438849,0.04977697841726618,0.15897841726618706,0.21746762589928054,0.006374100719424461,0.0,0.015194244604316547,0.0509136690647482,1.4388489208633093e-05,0.17132374100719425,0.0004820143884892086
5637270246,0.5462014388489209,0.09919424460431656,0.02771223021582734,0.18429496402877696,0.009597122302158272,0.0,0.0029424460431654678,0.0014100719424460432,0.0008489208633093524,0.12775539568345326,4.316546762589928e-05
5637293550,0.03927338129496403,0.0019712230215827337,0.061561151079136685,0.2336906474820144,0.2904172661870504,0.00022302158273381295,0.014215827338129497,0.0024532374100719426,0.00502158273381295,0.17956834532374102,0.1716043165467626
5637317620,0.24843165467625897,0.2206115107913669,0.02903597122302158,0.07133812949640288,0.2892374100719424,0.0,7.1942446043165465e-06,7.194244604316545e-05,0.0001079136690647482,0.14115827338129494,0.0
59041104,0.6553846153846155,7.10059171597633e-05,0.017295857988165683,0.006662721893491124,0.0,0.0,0.2570769230769231,0.06275739644970416,0.00010650887573964498,0.0006449704142011834,0.0
59041114,0.5471952662721894,0.0,0.020076923076923082,2.366863905325444e-05,0.0,0.007396449704142011,0.2745502958579881,0.01459171597633136,0.13558579881656804,0.0004437869822485207,0.00013609467455621299
59041129,0.13435329341317365,0.05005988023952096,0.15879041916167666,0.09535329341317364,0.00959880239520958,0.00015568862275449098,0.09683832335329341,0.03464670658682635,0.0033233532934131733,0.3039341317365269,0.11294610778443115
59041138,0.29615339233038346,0.31329793510324483,0.12785250737463127,0.09703244837758113,0.06407669616519174,2.3598820058997047e-05,0.042070796460176994,0.01615339233038348,0.00014749262536873156,0.03392330383480826,0.009268436578171092
59041159,0.455033033033033,0.005675675675675676,0.2814894894894895,0.049519519519519516,0.01598198198198198,0.0005105105105105105,0.10669069069069068,0.0022162162162162164,0.0023183183183183185,0.06804804804804805,0.012516516516516515
59041174,0.23297604790419166,0.0022155688622754488,0.17362275449101794,0.23308982035928144,0.09184431137724552,1.7964071856287423e-05,0.05059880239520957,0.0027065868263473052,0.0012874251497005987,0.18776047904191615,0.023880239520958083
59041202,0.3442874251497007,0.0,0.0,0.5723233532934132,0.0,0.0,0.0,0.0,0.0,0.08338922155688623,0.0
59041289,0.16788165680473371,0.00544378698224852,0.20085798816568048,0.1869112426035503,0.09140236686390531,0.00047337278106508875,0.10596449704142012,0.03685798816568048,0.0032130177514792897,0.14797041420118345,0.05302366863905326
59041346,0.08125075528700905,0.0,0.10191540785498487,0.7915166163141995,0.0001148036253776435,0.0,0.016531722054380662,0.0,0.0,0.008670694864048338,0.0
59041358,0.4138768328445748,0.0007448680351906158,0.01343108504398827,0.2873841642228739,0.15358357771260994,0.0,0.0003049853372434017,8.797653958944283e-05,0.0,0.11658064516129032,0.014005865102639296
59041371,0.441792899408284,0.013071005917159765,0.056621301775147924,0.25993491124260354,0.07901183431952663,0.0,0.044088757396449706,0.01417751479289941,0.0005325443786982248,0.07731952662721893,0.013449704142011834
59041393,0.3922048192771084,0.06714457831325302,0.05484939759036145,0.10445180722891566,0.07197590361445784,0.001716867469879518,0.020409638554216868,0.0016144578313253013,0.0015,0.2740361445783133,0.010096385542168674
59041461,0.4628562874251497,0.0020658682634730535,0.2497425149700599,0.06462275449101797,0.0006467065868263473,0.002754491017964072,0.06719161676646707,0.07456287425149699,0.013544910179640721,0.061826347305389225,0.00018562874251497005
59041482,0.3937091988130564,0.025804154302670624,0.0,0.3921899109792285,0.0,0.0,0.01545994065281899,0.14670623145400594,0.0,0.026130563798219583,0.0
59041491,0.3627267267267267,0.00025825825825825824,0.17818018018018014,0.3238498498498498,0.012714714714714716,0.0,0.06957957957957958,0.010282282282282285,0.006756756756756757,0.03557957957957957,7.207207207207206e-05
5951112293,0.34558823529411764,0.09607647058823528,0.14466470588235295,0.20663529411764706,0.16275882352941176,0.0,0.0029235294117647055,0.0007588235294117648,5.882352941176471e-06,0.039858823529411766,0.0007294117647058824
5951146197,0.35938138138138137,0.03795795795795796,0.048984984984984985,0.2665405405405405,0.07610810810810811,0.0,0.0011951951951951953,0.0019279279279279281,0.00021021021021021022,0.2076936936936937,0.0
5951168411,0.2918138138138138,0.01668468468468469,0.11290690690690693,0.2510090090090091,0.1298858858858859,0.0,0.0013873873873873875,0.0005885885885885886,0.00016816816816816817,0.19554354354354356,1.2012012012012014e-05
5951174457,0.2474954954954955,0.04042042042042042,0.009729729729729727,0.4234174174174174,0.01345945945945946,0.0,0.007489489489489491,0.058684684684684685,0.0,0.19827627627627628,0.0010270270270270273
5951178035,0.21446483180428136,0.03219571865443425,0.025290519877675843,0.26991437308868493,0.3622262996941896,0.0,0.0024464831804281344,0.0028990825688073396,0.0001529051987767584,0.09020795107033641,0.0002018348623853211
5951182393,0.2059578313253012,0.03687349397590362,0.026897590361445785,0.28696385542168673,0.3400722891566265,0.0,0.0017710843373493976,0.0025240963855421685,0.00015662650602409642,0.09856626506024097,0.0002168674698795181
5951657494,0.2308288288288288,0.2063003003003003,0.09615615615615616,0.2647747747747748,0.07903903903903904,0.0,0.00888888888888889,0.0013993993993993994,0.00011411411411411411,0.1115975975975976,0.0009009009009009008
5951661240,0.21938972809667676,0.0004954682779456192,0.17725075528700907,0.2729123867069487,0.1297462235649547,0.0,0.008145015105740179,0.000459214501510574,1.2084592145015104e-05,0.1896858006042296,0.0019033232628398794
5951665592,0.19228828828828828,0.12903903903903904,0.05594594594594594,0.2270810810810811,0.18864264264264266,0.0003783783783783784,0.003987987987987988,0.016174174174174175,6.006006006006007e-06,0.1229009009009009,0.06355555555555556
5951675164,0.14296951219512194,0.06421341463414634,0.05431707317073171,0.04792682926829269,0.32353048780487803,6.0975609756097564e-06,0.004823170731707317,0.002103658536585366,4.878048780487805e-05,0.2031219512195122,0.1569390243902439
5951679048,0.10523123123123124,0.06582582582582584,0.0018438438438438442,0.13120720720720722,0.5344084084084084,0.00015615615615615616,0.0010270270270270273,0.04183183183183183,4.8048048048048055e-05,0.020162162162162163,0.09825825825825825
5951684974,0.21135135135135136,0.005279279279279279,0.11624024024024025,0.2287927927927928,0.057531531531531524,0.0005645645645645644,0.0029969969969969967,0.006966966966966967,6.606606606606607e-05,0.3656336336336337,0.004576576576576576
5951687854,0.2631192660550459,0.08215290519877674,0.046183486238532113,0.327474006116208,0.03775535168195719,0.0,0.0011253822629969418,0.0007951070336391436,3.6697247706422016e-05,0.2413516819571865,6.1162079510703365e-06
5951717016,0.2085619335347432,0.0001148036253776435,0.20621148036253772,0.3923867069486405,0.020634441087613288,0.000797583081570997,0.02455589123867069,0.0005981873111782477,0.0007190332326283989,0.12226586102719035,0.023154078549848942
5951719600,0.3636036036036036,0.020984984984984984,0.03621621621621621,0.4653933933933934,0.057783783783783786,0.0,0.0005225225225225224,0.0025645645645645644,4.8048048048048055e-05,0.052882882882882884,0.0
6825144990,0.654816,0.120096,0.030224,0.06731733333333334,0.0059573333333333344,0.0,9.066666666666667e-05,0.012213333333333331,0.0,0.10674133333333333,0.002544
6829079146,0.49728,0.007461333333333333,0.02623466666666667,0.27825066666666665,0.139824,1.0666666666666667e-05,0.0006293333333333333,0.039408,5.333333333333334e-06,0.009685333333333334,0.0012106666666666667
6829082544,0.10702933333333334,0.144912,0.53856,0.039136,0.02532266666666667,0.0003253333333333333,0.00013333333333333334,0.000688,0.000144,0.13928,0.004469333333333333
6829082886,0.715728,0.013872,0.09365866666666665,0.13580266666666665,0.012976,0.0,6.4e-05,0.007370666666666667,0.013503999999999999,0.007024,0.0
6829085108,0.28528,0.018202666666666662,0.41629333333333335,0.24929066666666666,0.017189333333333334,0.0,1.6e-05,0.002368,5.333333333333334e-06,0.011162666666666666,0.000192
6829090674,0.2284053333333333,0.6859946666666666,6.933333333333333e-05,4.266666666666666e-05,0.0,0.0,8e-05,0.084048,0.00136,0.0,0.0
6829098254,0.22085254691689007,0.04164075067024129,0.2547292225201072,0.11504557640750672,0.05091689008042896,0.02018230563002681,0.0042198391420911535,0.04775871313672922,0.15863806970509384,0.048037533512064336,0.037978552278820375
6829110588,0.7587833333333333,0.0021888888888888887,0.029666666666666668,0.15892777777777778,0.03006111111111111,0.0,6.666666666666667e-05,0.0013833333333333336,0.0,0.01103333333333333,0.007888888888888891
6829116522,0.16,0.039264,0.01974933333333333,0.4541173333333333,0.01098133333333333,1.0666666666666667e-05,0.0018453333333333332,0.274576,0.008106666666666665,0.030245333333333325,0.001104
6930783238,0.19864264264264264,0.025123123123123123,0.0009009009009009008,0.3587027027027027,0.1245945945945946,0.0,0.005375375375375376,0.02051651651651652,0.0,0.26614414414414417,0.0
6930840176,0.3942462462462463,0.012876876876876877,0.006618618618618618,0.1312912912912913,0.12755555555555556,0.0,0.0008468468468468467,0.022828828828828827,6.606606606606607e-05,0.30324924924924923,0.00042042042042042044
6930908102,0.4134933333333333,0.10787200000000001,0.084,0.264512,0.089216,5.333333333333334e-06,0.008394666666666665,0.02384,0.00064,0.007354666666666666,0.000672
6943820680,0.3512612612612613,0.0005405405405405405,0.024744744744744744,0.0370990990990991,0.1307867867867868,0.0,3.603603603603604e-05,0.0008168168168168168,6.006006006006007e-06,0.4546966966966967,1.2012012012012014e-05
6943832696,0.4888288288288288,0.020420420420420415,0.006342342342342342,0.30465465465465463,0.048102102102102105,0.0,0.005273273273273272,0.03331531531531532,0.00016216216216216215,0.09283483483483485,6.606606606606607e-05
6943840258,0.1133813813813814,0.029243243243243244,0.1137957957957958,0.4331711711711712,0.15233633633633634,1.8018018018018016e-05,0.03858258258258258,0.05544744744744744,0.00033033033033033035,0.06031231231231232,0.003381381381381381
6943850480,0.3792372372372372,0.008162162162162163,0.02168168168168168,0.1032012012012012,0.3104024024024024,0.0,0.0007987987987987989,0.008894894894894893,6.006006006006006e-05,0.16733333333333333,0.00022822822822822822
6945497214,0.3481561561561561,0.21995795795795794,0.009807807807807808,0.051333333333333335,0.0793033033033033,3.003003003003003e-05,0.0033933933933933936,0.013567567567567568,6.006006006006007e-06,0.2739159159159159,0.0005285285285285286
6971253085,0.374704,0.149296,0.04351466666666666,0.21504,0.02048,0.013098666666666666,0.002864,0.121072,0.007829333333333334,0.04970666666666667,0.0023946666666666665
6971258817,0.8290517711171662,2.7247956403269754e-05,0.008370572207084469,0.14649591280653954,0.005166212534059946,0.0,0.0007738419618528612,0.0012098092643051774,0.0,0.008904632152588556,0.0
6971262567,0.6569190600522195,0.07360313315926892,0.018882506527415143,0.2069503916449086,0.018156657963446475,5.221932114882507e-06,0.0,0.008741514360313316,4.6997389033942557e-05,0.015676240208877285,0.0010182767624020888
6971269095,0.6838453608247422,3.608247422680413e-05,0.2543969072164948,0.00010309278350515464,0.017876288659793814,0.0028505154639175256,5.154639175257732e-06,0.0011649484536082474,0.00036082474226804123,5.154639175257732e-05,0.03930927835051546
6975223343,0.21506878306878308,0.06114814814814815,0.4294550264550265,0.09019047619047618,0.10565608465608466,0.00014285714285714287,0.0015925925925925925,0.053137566137566136,0.001343915343915344,0.016455026455026455,0.02580952380952381
6975240107,0.603648,0.013738666666666666,0.039365333333333336,0.266864,0.059632,0.0,1.6e-05,0.0030293333333333327,0.0,0.013338666666666669,0.000368
7076937419,0.6388468468468469,0.01935735735735736,0.0008348348348348348,0.05227627627627628,0.14945945945945946,0.0,3.603603603603604e-05,0.007471471471471471,0.0,0.13169969969969966,1.8018018018018016e-05
7076962947,0.4037057057057057,0.010858858858858858,0.01750750750750751,0.4223123123123123,0.04425825825825826,0.0,0.015111111111111113,0.019363363363363358,1.2012012012012014e-05,0.06523123123123123,0.0016396396396396395
7089883505,0.37904,0.0002613333333333333,0.013114666666666669,0.03906133333333334,0.116432,0.0,2.666666666666667e-05,0.0010186666666666666,1.0666666666666667e-05,0.451024,1.0666666666666667e-05
7091156673,0.43733333333333335,0.09175975975975977,0.012864864864864866,0.1087927927927928,0.3015795795795796,5.4054054054054054e-05,0.004402402402402403,0.0038558558558558563,4.204204204204204e-05,0.03846846846846848,0.0008468468468468467
7091178095,0.3648048048048048,0.014648648648648647,0.00789189189189189,0.17967567567567566,0.28673273273273275,0.0,0.0007867867867867867,0.0054714714714714716,1.2012012012012014e-05,0.13997597597597594,0.0
7091526959,0.5383063063063063,0.09447447447447448,0.009825825825825826,0.028228228228228226,0.20657657657657655,4.8048048048048055e-05,0.001069069069069069,0.02021021021021021,0.00012612612612612612,0.1006966966966967,0.00043843843843843837
7093077551,0.11112912912912913,0.005621621621621622,0.18790390390390393,0.38056456456456456,0.08291891891891891,0.00034834834834834833,0.002834834834834835,0.006342342342342342,0.00024624624624624625,0.20469669669669668,0.017393393393393394
7294646882,0.450496,0.004757333333333333,0.022474666666666667,0.16624533333333333,0.03157333333333333,0.0,0.015125333333333331,0.003456,5.333333333333334e-06,0.3039946666666667,0.001872
7294651912,0.2740693333333333,0.05841066666666666,0.15962133333333334,0.043685333333333326,0.08660266666666665,0.004362666666666667,0.17924266666666666,0.08002133333333332,0.066736,0.046784,0.00046399999999999995
7294655744,0.4883573333333333,0.12355733333333335,0.10384533333333333,0.11877866666666667,0.0012213333333333336,0.00012266666666666668,0.09013866666666669,0.07349333333333331,0.0,0.0004586666666666666,2.666666666666667e-05
7294661128,0.6855573333333334,0.036544,0.011866666666666666,0.006901333333333333,0.0014346666666666668,0.0002933333333333333,0.07596266666666665,0.002752,0.0005973333333333333,0.176992,0.0010986666666666666
7294672286,0.3552586666666667,0.0003413333333333333,0.162192,0.10970133333333333,0.182512,0.04690133333333334,0.0015626666666666664,0.0013226666666666669,0.008474666666666665,0.000592,0.13114133333333333
7294693332,0.2432,0.043728,0.01912533333333333,0.32832,0.021850666666666668,0.0,0.02970133333333333,0.03493866666666666,5.333333333333334e-06,0.2773493333333333,0.0017813333333333331
7294698590,0.42506666666666665,0.017370666666666666,0.017194666666666667,0.19013333333333327,0.07561066666666667,0.0,0.026618666666666662,0.003546666666666667,0.000176,0.243632,0.0006506666666666666
7294699834,0.328752,0.365328,0.08136,0.09946133333333332,0.080352,0.0,0.008042666666666665,0.004042666666666667,0.000176,0.02809066666666667,0.0043946666666666665
7294702600,0.16849066666666668,0.015642666666666666,0.016277333333333338,0.030464,0.564672,0.0014933333333333333,0.000656,0.000368,0.0002293333333333333,0.16333333333333333,0.038373333333333336
7294703912,0.540848,0.01912,0.10510933333333332,0.07578666666666667,0.01696,0.0,0.0006506666666666666,0.002298666666666667,5.8666666666666665e-05,0.23916266666666666,5.333333333333334e-06
7294720358,0.049525333333333324,0.21958933333333333,0.006901333333333333,0.098736,0.53496,3.2e-05,0.007973333333333334,0.0016586666666666664,1.6e-05,0.07753066666666665,0.003077333333333333
7294736894,0.09451200000000001,0.18546666666666667,0.12838933333333333,0.288784,0.08895466666666665,0.000304,0.038688,0.005573333333333333,0.00013333333333333334,0.16519466666666666,0.004
7294738066,0.14954666666666666,0.10212266666666668,0.15416,0.246384,0.09046933333333332,0.0016,0.055173333333333324,0.011754666666666668,0.0027306666666666673,0.18269866666666668,0.00336
7294742792,0.2725333333333333,0.10349333333333334,0.006010666666666666,0.19983466666666666,0.11422933333333335,0.0,0.0077066666666666655,0.010522666666666666,4.266666666666666e-05,0.275024,0.010602666666666666
7294754056,0.19024,0.08223466666666665,0.053226666666666665,0.06650133333333333,0.05477866666666667,0.004010666666666667,0.048768,0.0071253333333333325,0.020570666666666668,0.4711733333333333,0.0013706666666666667
7728435700,0.33784384384384386,0.0,0.0,0.27915315315315314,0.0,0.0,0.0,0.0,0.0,0.383003003003003,0.0
7728439696,0.3420960960960961,0.0,0.0,0.5881561561561561,0.0,0.0,0.0,0.0,0.0,0.06974774774774775,0.0
7755466318,0.5246066066066066,0.019225225225225226,0.12604204204204206,0.07345945945945945,0.09035435435435435,0.020066066066066063,0.005207207207207207,0.000882882882882883,0.0003663663663663664,0.10748348348348348,0.03230630630630631
7767231656,0.614006006006006,0.0,0.0,0.37576576576576576,0.0,0.0,0.0,0.0,0.0,0.010228228228228229,0.0
7767233782,0.4197057057057057,0.0,0.2264564564564565,0.003153153153153153,0.2987567567567568,0.029441441441441438,0.0011171171171171172,6.006006006006007e-06,1.2012012012012014e-05,0.0,0.021351351351351352
7767239584,0.38783183183183184,0.0,0.0,0.4843423423423424,0.0,0.0,0.0,0.0,0.0,0.12782582582582586,0.0
7783922020,0.7774534534534534,0.0,0.0,0.1996456456456457,0.0,0.0,0.0,0.0,0.0,0.0229009009009009,0.0
7783924186,0.5343663663663664,0.0,0.0,0.4656336336336336,0.0,0.0,0.0,0.0,0.0,0.0,0.0
7783926064,0.27144144144144144,0.029987987987987987,0.12448048048048048,0.07193393393393394,0.10977177177177178,0.016654654654654655,0.0036336336336336337,0.0024444444444444444,0.00015015015015015014,0.3202282282282283,0.04927327327327328
8383346711,0.2994081632653061,0.02212244897959184,0.19021088435374153,0.18889115646258506,0.09201360544217688,0.0011496598639455784,0.04890476190476191,0.03438095238095238,0.003761904761904762,0.08880272108843537,0.030353741496598637
8383347493,0.3316410256410257,0.00043589743589743596,0.12421794871794872,0.2534487179487179,0.054903846153846164,4.487179487179488e-05,0.000544871794871795,0.0032307692307692306,0.0061089743589743594,0.2253525641025641,7.05128205128205e-05
8383348833,0.566064,0.038784,0.021136,0.242384,0.05882133333333334,0.0,0.0019893333333333334,0.002773333333333333,5.333333333333334e-06,0.06804266666666667,0.0
8383349115,0.214752,0.180848,0.063888,0.2592,0.19330666666666665,0.0,0.006976,0.060016,0.0010506666666666668,0.016346666666666666,0.003616
8383349441,0.432592,0.011146666666666666,0.011685333333333334,0.018016,0.15306133333333333,2.133333333333333e-05,0.05162666666666666,0.0014826666666666664,1.6e-05,0.3144,0.005952
8383350775,0.12901424501424502,0.616051282051282,0.031059829059829056,0.15023361823361822,0.044603988603988606,0.0,0.0030883190883190877,0.011173789173789174,6.267806267806269e-05,0.013042735042735044,0.0016695156695156696
8383350983,0.5227157360406092,0.4035126903553299,0.018619289340101524,0.01649238578680203,0.01949238578680203,0.00039086294416243656,0.00014213197969543148,0.0036497461928934006,0.00018274111675126904,0.01452284263959391,0.0002791878172588833
8384431086,0.3240366972477064,0.0008623853211009175,0.11160244648318043,0.04168807339449542,0.18075840978593272,6.1162079510703365e-06,0.15296024464831806,0.01217125382262997,0.0005198776758409785,0.1753822629969419,1.2232415902140673e-05
8384431504,0.3510690690690691,0.08120120120120118,0.029261261261261263,0.0457957957957958,0.42498498498498494,6.006006006006007e-06,0.003975975975975976,0.04828228228228229,0.006594594594594594,0.008684684684684684,0.00014414414414414415
8384432220,0.3389970845481049,0.16121865889212827,0.0006005830903790088,0.21243731778425656,0.01902040816326531,0.0,0.0005422740524781341,0.0054227405247813405,0.0007521865889212829,0.2610087463556851,0.0
8384432586,0.2499520547945205,0.09466438356164383,0.007260273972602741,0.3893356164383561,0.033815068493150684,0.0,0.0022534246575342466,0.10152739726027396,6.164383561643835e-05,0.12110958904109588,2.0547945205479453e-05
8384433912,0.14138133333333333,0.07801066666666667,0.019845333333333333,0.4925493333333333,0.08276266666666665,0.0,0.023722666666666663,0.031888,0.00033066666666666666,0.12824533333333332,0.001264
8384434278,0.2670581395348837,0.30662790697674414,0.18773837209302324,0.022348837209302325,0.10405813953488373,0.004656976744186046,0.003,0.004215116279069768,0.002436046511627907,0.09467441860465119,0.0031860465116279072
8384434722,0.2114922279792746,0.237580310880829,0.010875647668393782,0.22204663212435236,0.2328860103626943,5.181347150259068e-06,0.002761658031088083,0.0562279792746114,0.0002642487046632125,0.02502072538860104,0.000839378238341969
8384439112,0.10925866666666667,0.10172266666666667,0.326992,0.1112,0.067872,0.039232,0.029152,0.041888,0.100624,0.026016,0.04604266666666666
8481036067,0.012978978978978978,0.013981981981981985,0.5895075075075074,0.11521921921921922,0.008288288288288287,0.054618618618618615,0.0012132132132132132,0.00010810810810810812,0.022246246246246246,0.17433033033033032,0.007507507507507507
8481036527,0.05331531531531532,0.02603003003003003,0.026192192192192192,0.4934894894894895,0.010534534534534536,0.011927927927927929,0.014498498498498496,0.00406006006006006,0.0018618618618618614,0.3428708708708709,0.015219219219219218
8481041915,0.064,0.09398198198198199,0.4185165165165165,0.003141141141141141,0.01042042042042042,0.18315915915915915,9.009009009009008e-05,0.00021621621621621621,0.0015315315315315315,0.13183783783783784,0.0931051051051051
8482122842,0.11142942942942943,0.0016096096096096097,0.3541141141141141,0.3863243243243243,0.014396396396396397,0.0371951951951952,0.053009009009009005,0.0005945945945945945,0.005891891891891893,0.009843843843843843,0.025591591591591592
8482126630,0.1133873873873874,0.005963963963963964,0.3272312312312312,0.1563003003003003,0.06212012012012012,0.011129129129129127,0.007261261261261261,0.0012072072072072072,0.00016816816816816817,0.27163363363363363,0.0435975975975976
8482129940,0.22290090090090087,0.006192192192192192,0.2566726726726727,0.2999339339339339,0.027927927927927927,0.05672072072072073,0.005219219219219218,0.0004864864864864865,0.0005645645645645644,0.03643243243243243,0.08694894894894895
8482131910,0.5228108108108108,0.00047447447447447453,0.050708708708708715,0.08935135135135135,0.011489489489489487,0.0004924924924924925,0.0014594594594594596,0.0011111111111111113,0.00030630630630630633,0.32096696696696697,0.0008288288288288287
8482134144,0.040786786786786794,0.09340540540540541,0.2794234234234234,0.4055915915915916,0.04074474474474474,0.05944144144144144,0.013903903903903905,0.004924924924924925,0.005315315315315316,0.002096096096096096,0.05436636636636637
8482135312,0.03803003003003003,0.0009189189189189187,0.3503663663663664,0.21512312312312312,0.045771771771771774,0.025273273273273274,0.009909909909909908,0.0011111111111111113,0.0014534534534534536,0.24906306306306306,0.06297897897897896
8482141718,0.07033033033033033,0.3148108108108108,0.2978078078078078,0.2487327327327327,0.029663663663663662,0.011489489489489487,0.0018078078078078079,0.0009729729729729728,0.006516516516516515,0.0022462462462462464,0.01562162162162162
8482553941,0.12454054054054052,0.042744744744744746,0.3491831831831832,0.4347867867867868,0.027753753753753756,6.606606606606607e-05,0.0009309309309309308,0.0003003003003003003,3.003003003003003e-05,0.016624624624624624,0.0030390390390390393
8482554825,0.15774174174174174,0.004786786786786787,0.6808648648648649,0.10058258258258257,0.017471471471471472,0.002876876876876877,0.018912912912912912,0.0014774774774774775,0.00206006006006006,0.007159159159159159,0.006066066066066066
8482556055,0.31414414414414416,0.06154954954954955,0.16344744744744746,0.2939099099099099,0.09790990990990993,0.0012372372372372372,0.01769369369369369,0.015975975975975974,0.008174174174174173,0.0037297297297297295,0.022228228228228227
8483647830,0.32063063063063063,6.006006006006007e-06,0.4976156156156156,0.05438438438438439,0.01566966966966967,0.05505705705705706,0.0370990990990991,4.204204204204204e-05,0.007591591591591591,0.006918918918918919,0.0049849849849849855
8483649192,0.2638678678678679,0.06836636636636637,0.08099099099099098,0.30466666666666664,0.039417417417417416,0.00043843843843843837,0.044828828828828826,0.00863063063063063,0.015447447447447447,0.17195795795795796,0.0013873873873873875
9687286391,0.3240060240963856,0.001951807228915663,0.02618674698795181,0.013867469879518072,0.2921265060240964,0.0,0.00012048192771084335,0.0014096385542168677,4.216867469879517e-05,0.34015060240963857,0.00013855421686746988
9687293017,0.265855421686747,0.0016927710843373494,0.2296686746987952,0.10067469879518072,0.021903614457831327,1.2048192771084335e-05,0.00012048192771084335,0.000753012048192771,1.2048192771084335e-05,0.379289156626506,1.8072289156626505e-05
9687295393,0.12431927710843375,0.0002168674698795181,0.18454819277108436,0.017180722891566264,0.18381927710843374,0.00012048192771084335,0.0005240963855421688,0.0013975903614457832,3.012048192771084e-05,0.4834578313253012,0.0043855421686746976
9690520038,0.04940963855421687,0.08066867469879518,0.1811566265060241,0.19576506024096385,0.03180120481927711,0.007759036144578314,0.0048975903614457824,0.0007771084337349397,0.0007409638554216867,0.3487771084337349,0.09824698795180721
9690523632,0.13734337349397593,0.06069277108433735,0.17269277108433734,0.2394939759036145,0.027156626506024097,0.0068734939759036145,0.0060903614457831325,0.0007349397590361446,0.000753012048192771,0.28770481927710845,0.06046385542168675
9690524424,0.7039759036144578,0.10007831325301204,0.046403614457831324,0.06363855421686747,0.046162650602409636,0.0013493975903614455,0.0006325301204819277,0.0009578313253012048,4.216867469879517e-05,0.014819277108433738,0.02193975903614458
9690526818,0.6305843373493976,0.01874698795180723,0.009301204819277108,0.22502409638554216,0.04152409638554217,0.0,0.0021807228915662648,0.04922289156626506,2.4096385542168674e-05,0.023349397590361445,4.216867469879517e-05
9690527760,0.4806626506024097,0.027668674698795186,0.01189156626506024,0.4191506024096385,0.0032228915662650607,0.0,0.003897590361445783,0.010608433734939759,3.012048192771084e-05,0.04284939759036145,1.8072289156626505e-05
9690528714,0.22584939759036146,0.0002469879518072289,0.08938554216867468,0.02129518072289157,0.2790240963855421,6.0240963855421675e-06,0.00033132530120481927,0.0013253012048192773,7.83132530120482e-05,0.3821987951807229,0.0002590361445783133
9690530576,0.2376867469879518,0.0027650602409638554,0.2413674698795181,0.06865060240963855,0.08012650602409639,1.8072289156626505e-05,0.0020963855421686746,0.0067108433734939755,5.421686746987952e-05,0.3542469879518072,0.0062771084337349395
9690531662,0.19831325301204816,0.00825301204819277,0.24897590361445784,0.01580120481927711,0.145,0.0,0.00013253012048192772,0.001,1.8072289156626505e-05,0.3806566265060241,0.0018493975903614453
9690535726,0.23883734939759035,0.07302409638554216,0.04332530120481928,0.3528313253012048,0.10816867469879518,0.0,0.06497590361445783,0.05090361445783133,0.0006385542168674698,0.06709036144578313,0.0002048192771084337
9690554722,0.3650903614457831,0.021626506024096385,0.02118674698795181,0.20489759036144575,0.2470963855421687,1.2048192771084335e-05,0.0015481927710843373,0.008132530120481927,0.00031325301204819284,0.12996987951807226,0.00012650602409638553
9693996533,0.11483734939759035,0.1367409638554217,0.3018614457831325,0.01052409638554217,0.027090361445783133,0.003481927710843373,0.00022289156626506025,0.0002710843373493976,0.00024096385542168676,0.3151987951807229,0.08953012048192771
9694026479,0.09246385542168675,0.12534939759036146,0.16727710843373494,0.17936144578313254,0.11748192771084336,0.009427710843373491,0.03942168674698796,0.013048192771084335,0.02127710843373494,0.2308253012048193,0.0040662650602409645
