10195601364,0.03810810810810811,0.0895195195195195,0.0690990990990991,0.5182282282282282,0.08683483483483484,0.00015015015015015014,0.009273273273273274,0.0023183183183183185,0.001135135135135135,0.1849369369369369,0.00039639639639639637
10195615874,0.06621621621621622,0.07948348348348348,0.013237237237237236,0.6987027027027027,0.02288288288288288,2.4024024024024028e-05,0.006198198198198199,0.0012432432432432433,0.00015015015015015014,0.11186186186186188,0.0
10195707104,0.05705705705705705,0.02956156156156156,0.0035255255255255257,0.9049729729729727,0.0004864864864864865,2.4024024024024028e-05,0.0012552552552552553,0.0006126126126126127,6.606606606606607e-05,0.0024384384384384386,0.0
10195735684,0.12337537537537538,0.12246846846846847,0.06733333333333333,0.2735015015015015,0.07373573573573572,0.0,0.02726726726726727,0.00045645645645645645,0.11434834834834835,0.19745945945945945,5.4054054054054054e-05
10195754275,0.0904144144144144,0.09581981981981982,0.12687087087087087,0.3544684684684685,0.08768768768768767,0.0,0.0014894894894894894,0.0064084084084084095,6.006006006006007e-06,0.2264564564564565,0.010378378378378378
10195795404,0.028402402402402407,0.1112072072072072,0.05088288288288288,0.6050510510510511,0.011495495495495495,0.0003423423423423424,0.005975975975975976,0.00025225225225225225,3.603603603603604e-05,0.18634834834834835,6.006006006006007e-06
10195800255,0.03422822822822823,0.06552552552552553,0.07383783783783784,0.7377837837837837,0.002138138138138138,0.0,0.0012972972972972972,0.00030630630630630633,1.2012012012012014e-05,0.08478078078078079,9.009009009009008e-05
10195808914,0.056582582582582586,0.13935735735735735,0.035933933933933924,0.4531411411411411,0.14284684684684684,0.0013333333333333333,0.01924324324324324,0.004942942942942943,0.00378978978978979,0.14108108108108108,0.001747747747747748
10195811276,0.09371771771771772,0.0235015015015015,0.04821621621621622,0.7217897897897898,0.014804804804804806,0.0,0.00187987987987988,0.0018618618618618614,0.00011411411411411411,0.09411411411411412,0.0
10195847363,0.16251051051051052,0.04543543543543544,0.006786786786786787,0.6042642642642642,0.08801801801801801,0.0,0.0009309309309309308,0.00015015015015015014,0.0,0.09028828828828828,0.0016156156156156155
10195882726,0.057369369369369365,0.11461861861861862,0.014942942942942943,0.6187447447447447,0.08867267267267268,4.8048048048048055e-05,0.009309309309309307,0.0018258258258258254,0.0003783783783783784,0.09328528528528528,0.0008048048048048048
10195898496,0.07652852852852851,0.03469069069069069,0.06706306306306305,0.7128468468468468,0.09360960960960961,0.0,7.207207207207206e-05,0.00024024024024024023,4.204204204204204e-05,0.014636636636636637,0.0002702702702702703
10195907123,0.044840840840840834,0.09156156156156156,0.20135735735735732,0.4236336336336337,0.02401201201201201,1.8018018018018016e-05,0.004804804804804805,0.0008528528528528529,0.003975975975975976,0.2049129129129129,3.003003003003003e-05
10195933195,0.02200600600600601,0.10072072072072072,0.05563363363363363,0.7780960960960962,0.009993993993993994,0.0002042042042042042,0.007447447447447446,0.0010630630630630632,0.003381381381381381,0.02141141141141141,4.204204204204204e-05
10195966583,0.05871471471471471,0.16510510510510507,0.0034714714714714715,0.596990990990991,0.037165165165165166,0.0,0.0187987987987988,0.0007687687687687687,0.0003903903903903904,0.1184924924924925,0.0001021021021021021
134073694,0.3306930693069307,0.0,0.0,0.4809108910891089,0.0,0.0,0.0,0.0,0.0,0.1883960396039604,0.0
134079894,0.20992,0.00011076923076923076,0.0,0.14700923076923078,0.0009353846153846154,0.0,1.2307692307692308e-05,0.0,0.0,0.6420123076923077,0.0
134288445,0.19651051051051047,0.15992792792792793,0.13597597597597594,0.2584324324324324,0.06115915915915916,0.0016816816816816818,0.022204204204204204,0.0013333333333333333,0.0003663663663663664,0.16102102102102106,0.0013873873873873875
135038695,0.21525606469002692,0.005768194070080863,0.013363881401617251,0.4453153638814016,0.021730458221024256,1.6172506738544477e-05,0.0045229110512129385,0.010560646900269541,0.0023018867924528303,0.27989757412398925,0.0012668463611859838
135039065,0.08705347593582886,0.08667379679144385,0.0006524064171122995,0.5619679144385026,0.1920855614973262,0.0,0.0005561497326203209,0.0027860962566844923,0.0,0.06805347593582887,0.00017112299465240642
135039604,0.2074638069705094,0.007190348525469169,0.1455656836461126,0.19443431635388736,0.26879892761394103,0.001683646112600536,0.004611260053619303,0.008016085790884718,0.0029490616621983914,0.1582627345844504,0.0010241286863270774
135039961,0.3394931880108992,0.0697275204359673,0.053247956403269764,0.24296457765667576,0.06537329700272479,0.00029427792915531336,0.0006158038147138964,0.005613079019073569,0.0010463215258855586,0.2053732970027248,0.016250681198910082
135040382,0.2632225201072386,0.1773083109919571,0.08204289544235925,0.3006970509383379,0.02616621983914209,5.361930294906166e-06,0.001002680965147453,0.0077908847184986595,0.002697050938337801,0.13906166219839142,5.361930294906166e-06
135041471,0.05806094182825485,0.000110803324099723,0.0010193905817174516,0.3833351800554017,0.0003601108033240997,0.0,0.2793019390581717,0.002476454293628809,3.878116343490305e-05,0.2752963988919668,0.0
135044805,0.07346883468834689,0.003788617886178862,0.13299728997289972,0.4732737127371274,0.0271869918699187,0.0,0.0007750677506775068,0.004818428184281842,0.0002222222222222222,0.2833441734417344,0.0001246612466124661
135045267,0.06746778711484594,0.00846498599439776,0.14503641456582633,0.4826162464985994,0.08230252100840336,0.0,0.0023417366946778713,0.007109243697478992,0.0003585434173669468,0.20349579831932774,0.0008067226890756303
135048785,0.053636363636363635,0.11714438502673795,0.005181818181818182,0.3139197860962567,0.38462032085561493,0.0,0.0026577540106951874,0.004796791443850267,0.0020641711229946523,0.11551871657754012,0.0004598930481283423
135049429,0.18883977900552487,0.0207292817679558,0.05662983425414365,0.23041988950276246,0.2778618784530387,0.00238121546961326,0.001933701657458564,0.007994475138121545,0.002961325966850829,0.20494475138121546,0.005303867403314917
135050066,0.14025,0.02477717391304348,0.043907608695652176,0.2736521739130435,0.28453260869565217,0.009179347826086957,0.002364130434782609,0.008663043478260869,0.0030706521739130434,0.2017282608695652,0.007875
135051329,0.34159673024523163,0.07472479564032697,0.025084468664850132,0.3344795640326976,0.00896457765667575,0.0,9.809264305177112e-05,0.006408719346049046,0.00023978201634877383,0.20837602179836512,2.7247956403269754e-05
135051639,0.27094318181818183,0.05444318181818183,0.07403977272727273,0.539784090909091,0.0085625,0.0,5.6818181818181815e-06,0.0012102272727272728,5.6818181818181815e-06,0.05100568181818182,0.0
135051921,0.21898870056497172,0.0019152542372881359,0.011830508474576272,0.6678983050847458,0.007096045197740112,0.0,1.1299435028248587e-05,0.0020056497175141245,0.0,0.0902542372881356,0.0
135052383,0.2673550135501355,0.14008130081300812,0.10262872628726287,0.3233658536585366,0.03350135501355014,1.084010840108401e-05,0.0003414634146341463,0.003544715447154472,0.0009322493224932248,0.12757181571815718,0.0006666666666666666
135395894,0.14290006131207847,0.0,0.0,0.3969527896995708,0.0,0.0,0.0046658491722869405,0.0,0.0,0.4554812998160638,0.0
135403418,0.35306628855015953,0.0,0.0,0.2701743228308693,0.0,0.0,0.0018714681902537687,0.0,0.0,0.3748879204287173,0.0
135403439,0.2576772082878953,0.0,0.0,0.376990185387132,0.0,0.0,2.181025081788441e-05,0.0,0.0,0.3653107960741549,0.0
135403450,0.11883597883597885,0.0,0.0,0.4405026455026455,0.001216931216931217,0.0,5.291005291005291e-05,0.0,0.0,0.4393915343915344,0.0
135403458,0.6051333333333333,0.0,0.0,0.21006666666666668,0.0,0.0,0.0,0.0,0.0,0.1848,0.0
135403471,0.4955592105263158,0.0,0.0,0.4780921052631578,0.0,0.0,0.0,0.0,0.0,0.02634868421052632,0.0
135403487,0.3573643410852713,0.0,0.0,0.3096434108527132,0.0,0.0,0.0,0.0,0.0,0.3329922480620155,0.0
135403500,0.5169105691056911,0.0,0.0,0.38510569105691056,0.0,0.0,0.0,0.0,0.0,0.09798373983739836,0.0
135405610,0.3677100208285119,0.0,0.0,0.4685547327007637,0.0,0.0,2.8928488775746363e-05,0.0,0.0,0.16370631798194862,0.0
135422503,0.4203640776699029,0.0,0.0,0.3071116504854369,0.0,0.0,0.0010436893203883495,0.0,0.0,0.2714805825242719,0.0
135426569,0.22607971014492756,0.0,0.0,0.19832608695652174,0.0,0.0,0.0005289855072463768,0.0,0.0,0.5750652173913043,0.0
135426732,0.3318320610687023,0.0,0.0,0.198587786259542,0.0006259541984732825,0.0,0.0,0.0,0.0,0.4689541984732825,0.0
1442822407,0.006022535211267607,0.002005633802816901,0.04424225352112676,0.7206985915492957,0.2136,0.0,0.0002647887323943662,0.0004957746478873239,3.380281690140845e-05,0.0124,0.0002366197183098592
1490265543,0.005477333333333333,0.000656,0.087248,0.42534933333333336,0.4536,0.0,0.00013866666666666666,0.0013226666666666669,2.666666666666667e-05,0.025888,0.0002933333333333333
1490268307,0.000848,0.000576,0.03843733333333333,0.6136373333333334,0.277952,0.0,5.333333333333334e-06,1.6e-05,0.0,0.06618133333333333,0.0023466666666666666
1490271201,0.002469333333333333,1.0666666666666667e-05,0.06685333333333332,0.516752,0.413552,0.0,0.0,0.000288,5.333333333333334e-06,0.0,6.933333333333333e-05
1490273857,0.003408,0.00013333333333333334,0.009402666666666665,0.5975733333333333,0.3891786666666667,0.0,0.0,0.0002933333333333333,1.0666666666666667e-05,0.0,0.0
1490276087,0.0002293333333333333,0.00010133333333333332,0.049072,0.44677866666666666,0.4884,0.0,0.0,0.0,0.0,0.013605333333333334,0.0018133333333333328
1490283217,0.0006773333333333333,0.00033066666666666666,0.03444266666666667,0.488384,0.4213333333333333,0.0,3.733333333333333e-05,0.0,0.0,0.052176,0.002618666666666667
1491109264,0.15790933333333335,0.33098666666666665,0.048533333333333324,0.310784,0.05361066666666666,0.00016533333333333333,0.00496,0.003077333333333333,0.0004906666666666667,0.08336,0.006122666666666666
1491113882,0.011216,0.005776,0.057562666666666665,0.679904,0.2438986666666667,0.0,1.0666666666666667e-05,0.0014613333333333336,1.6e-05,0.000144,1.0666666666666667e-05
1491116284,0.004330666666666667,6.933333333333333e-05,0.07197333333333332,0.4759573333333333,0.44129066666666666,0.0,5.333333333333333e-05,0.0006346666666666666,1.6e-05,0.004202666666666667,0.001472
1491119166,0.006234666666666667,0.00014933333333333332,0.08709866666666667,0.4740693333333333,0.43109866666666663,0.0,0.0,0.0008746666666666667,5.333333333333334e-06,0.0,0.0004693333333333333
1491134412,0.00022400000000000002,9.066666666666667e-05,0.018272,0.5624,0.41895466666666653,0.0,0.0,0.0,0.0,5.333333333333333e-05,5.333333333333334e-06
1491136894,0.00033066666666666666,8.533333333333334e-05,0.02448533333333333,0.540592,0.4344373333333333,0.0,0.0,0.0,0.0,4.8e-05,2.133333333333333e-05
1491141582,0.06149866666666666,0.01802666666666667,0.02939733333333333,0.3700906666666666,0.4734986666666666,0.00018133333333333331,0.0012106666666666667,0.003557333333333333,0.011648,0.029872,0.0010186666666666666
2297434789,0.240208,0.2441066666666667,0.04983466666666666,0.187712,0.07154666666666665,2.133333333333333e-05,0.002272,0.001936,0.0006133333333333334,0.19957866666666665,0.0021706666666666667
2297447765,0.05884266666666666,0.058432,0.07979733333333333,0.44149866666666665,0.14826666666666666,3.2e-05,0.000176,0.0019146666666666667,0.05406933333333333,0.15423466666666666,0.002736
2297463887,0.002976,0.004272,0.08331199999999998,0.8151573333333333,0.093472,0.0,0.0,0.000192,1.0666666666666667e-05,0.0,0.000608
2298243482,0.011082666666666666,0.004864,0.068448,0.788944,0.12412266666666667,0.0,5.333333333333333e-05,0.000304,0.0,0.00216,2.133333333333333e-05
2298244566,0.008831999999999998,0.006570666666666666,0.10253866666666668,0.663488,0.21406399999999998,0.0,5.333333333333334e-06,0.00018133333333333331,1.0666666666666667e-05,0.004245333333333334,6.4e-05
2298245122,0.017802666666666668,0.017450666666666666,0.261024,0.2343733333333333,0.2717973333333333,5.333333333333334e-06,0.000128,0.000368,8.533333333333334e-05,0.19666133333333333,0.000304
2298245598,0.013999999999999999,0.011072,0.3535946666666667,0.17377066666666666,0.2694133333333333,5.333333333333334e-06,2.133333333333333e-05,0.00012266666666666668,4.266666666666666e-05,0.17757333333333333,0.000384
2298246736,0.005098666666666665,0.0010933333333333333,0.133024,0.4523306666666666,0.403872,0.0,2.666666666666667e-05,0.00016,5.333333333333334e-06,0.003344,0.0010453333333333332
2298250890,0.014773333333333331,0.009765333333333334,0.04222933333333333,0.7752213333333333,0.12357866666666667,0.0,2.133333333333333e-05,0.0004,0.016352,0.017594666666666668,6.4e-05
2298251460,0.01072,0.010133333333333331,0.05769066666666666,0.7216639999999998,0.13288,0.0,0.0,0.00022400000000000002,0.0,0.06666133333333334,2.666666666666667e-05
2298252544,0.0036586666666666664,0.00016,0.067104,0.7221226666666667,0.20685333333333333,0.0,0.0,2.133333333333333e-05,0.0,0.0,8e-05
2298253588,0.0011093333333333333,0.00010666666666666668,0.06546666666666667,0.7964693333333333,0.13683733333333334,0.0,0.0,5.333333333333334e-06,0.0,0.0,5.333333333333334e-06
2298256116,0.0026666666666666666,5.8666666666666665e-05,0.06892266666666666,0.7541919999999998,0.17414933333333332,0.0,0.0,0.0,5.333333333333334e-06,0.0,5.333333333333334e-06
2298257124,0.02781866666666666,0.0016,0.06917333333333334,0.6798986666666667,0.07584533333333332,0.0,0.00013866666666666666,0.000576,1.0666666666666667e-05,0.14482666666666666,0.00011200000000000001
2298257598,0.007488,0.0028106666666666666,0.08997866666666665,0.7638986666666666,0.04222933333333333,0.0,0.0005173333333333333,0.001232,1.6e-05,0.09178666666666667,4.266666666666666e-05
2337424153,0.08432998971193414,0.03800958076131687,0.06471836419753088,0.714208783436214,0.003022119341563786,0.0,0.00047421553497942393,2.411265432098765e-05,0.0,0.09521283436213993,0.0
2337424251,0.4055989583333333,0.018960583847736627,0.0021540637860082306,0.553514017489712,0.0004983281893004115,0.0,4.82253086419753e-05,8.037551440329219e-06,0.0,0.01921778549382716,0.0
2337424383,0.28313882458847733,0.017103909465020575,4.82253086419753e-05,0.4174704218106996,0.0013663837448559671,0.0,0.000482253086419753,0.0,0.0,0.2803899819958848,0.0
2337424477,0.0795878343621399,0.026531957304526746,0.02532632458847736,0.4695457175925926,0.02740805041152264,0.0,0.0006510416666666666,7.233796296296296e-05,0.00016878858024691354,0.37070794753086417,0.0
2337424539,0.2986432613168724,0.0032552083333333326,0.011525848765432098,0.6551086676954733,0.00040991512345679015,0.0,0.0003456147119341564,0.0,0.0,0.030711484053497943,0.0
2337424645,0.18060378086419754,0.02074492026748971,0.0720164609053498,0.5680217978395061,0.009717399691358023,0.0,0.00028131430041152265,8.037551440329219e-06,0.0,0.14860628858024694,0.0
2337424745,0.1361963091563786,0.0220068158436214,0.019241898148148147,0.6793016975308642,0.013446823559670782,0.0,0.00013663837448559674,0.00015271347736625515,0.0,0.12951710390946505,0.0
2337424793,0.21887860082304528,0.08220003858024691,0.07744984567901235,0.5926488554526749,0.0021299511316872424,0.0,0.0012377829218106994,0.0035767103909465025,0.000329539609053498,0.02154867541152264,0.0
2338258414,0.07718460648148147,0.07670235339506172,0.003994663065843621,0.7037760416666666,0.0007153420781893004,0.0,0.0012699331275720163,8.037551440329218e-05,0.0,0.13627668467078188,0.0
2338258482,0.10734953703703703,0.009958526234567902,0.052187821502057606,0.658396026234568,0.00534497170781893,0.0,8.841306584362142e-05,8.841306584362142e-05,0.0,0.16658629115226334,0.0
2338258648,0.2440602494855967,0.04065393518518518,0.000257201646090535,0.6714248971193416,0.0001929012345679012,0.0,6.430041152263375e-05,8.037551440329219e-06,0.0,0.043338477366255145,0.0
2338258706,0.5270302854938271,0.012779706790123456,0.006912294238683127,0.30025880915637854,0.007957175925925927,0.0,0.005955825617283951,0.0,0.0,0.13899337705761314,0.00011252572016460906
2338258922,0.1541843492798354,0.02344553755144033,0.027271412037037042,0.591234246399177,0.003407921810699589,0.0,0.0006751543209876543,2.411265432098765e-05,0.0,0.1997572659465021,0.0
2338259044,0.12250835905349795,0.029763052983539092,0.017320923353909466,0.69995016718107,0.00739454732510288,0.0,7.233796296296296e-05,0.00011252572016460906,0.0,0.12287808641975308,0.0
2682966081,0.062132132132132124,0.35905105105105106,0.14812612612612613,0.1091951951951952,0.08301501501501501,0.004282282282282281,0.033795795795795794,0.004366366366366366,0.008468468468468467,0.18230030030030034,0.005267267267267267
2682967547,0.13429429429429426,0.12363963963963966,0.1647087087087087,0.11186786786786787,0.03846246246246246,0.0018558558558558558,0.059195195195195185,0.04900900900900901,0.01646846846846847,0.28764564564564565,0.012852852852852852
2682969195,0.0006006006006006006,1.8018018018018016e-05,0.4398198198198198,0.0016336336336336336,6.006006006006006e-05,0.36864264264264257,0.17355555555555555,0.0003003003003003003,0.004498498498498499,0.0005405405405405405,0.010330330330330328
2682970641,0.06354354354354354,0.3156816816816817,0.21828228228228228,0.1553873873873874,0.038564564564564564,0.00457057057057057,0.10021621621621622,0.004696696696696697,0.005393393393393393,0.08219219219219219,0.011471471471471472
2682972097,0.0221981981981982,0.0503903903903904,0.4052372372372373,0.041225225225225225,0.14908708708708707,0.001963963963963964,0.0012252252252252251,0.0003423423423423424,0.0016876876876876874,0.07081681681681681,0.2558258258258258
2682973699,0.024300300300300295,0.07987987987987988,0.3949009009009009,0.02968768768768769,0.1946006006006006,0.004552552552552553,0.0003723723723723724,0.00033033033033033035,0.00017417417417417416,0.03457057057057057,0.23663063063063064
2682975079,0.015615615615615615,0.06115915915915916,0.4036936936936937,0.025075075075075073,0.13998198198198195,0.014546546546546546,0.0005285285285285286,0.00046846846846846843,0.0007687687687687687,0.044894894894894885,0.2932672672672673
2682978077,0.06778978978978979,0.003075075075075075,0.46596996996997,0.010798798798798798,0.09981981981981981,0.02729129129129129,0.0005465465465465466,8.408408408408409e-05,0.03598798798798799,0.09693693693693692,0.1916996996996997
2682980481,0.013627627627627628,0.0022342342342342343,0.4222582582582583,0.0015675675675675676,0.011105105105105106,0.2543723723723724,0.001933933933933934,0.00012012012012012012,0.0055015015015015024,0.06723723723723724,0.22004204204204206
2682981755,0.12341741741741742,0.10157957957957957,0.41099099099099107,0.05312312312312312,0.2808408408408408,0.00011411411411411411,0.0010570570570570571,6.606606606606607e-05,8.408408408408409e-05,0.020648648648648647,0.008078078078078076
2682990547,0.0297957957957958,0.06522522522522523,0.163003003003003,0.4682522522522522,0.0011591591591591593,0.1354774774774775,0.058468468468468475,0.022258258258258255,0.005039039039039039,0.04793993993993994,0.003381381381381381
2682992257,0.09686486486486487,0.02007207207207207,0.3704864864864865,0.2797957957957958,0.03015015015015015,0.13320720720720722,0.042330330330330325,0.0034114114114114115,0.006132132132132132,0.013237237237237236,0.004312312312312314
2683793930,0.03873873873873874,0.023255255255255257,0.3604564564564565,0.10145945945945946,0.2917177177177177,0.00042642642642642644,0.0003543543543543544,0.0002702702702702703,0.00018618618618618615,0.08230630630630632,0.10082882882882883
2683806696,0.03961561561561562,0.5257897897897899,0.1643243243243243,0.23666666666666664,0.0046906906906906895,0.00029429429429429435,0.0010030030030030027,0.014342342342342343,0.012474474474474476,0.0007987987987987989,0.0
2683812028,0.04466666666666666,0.11924924924924925,0.16905705705705704,0.4506006006006006,0.002510510510510511,0.032672672672672674,0.10625225225225224,0.016054054054054055,0.014318318318318318,0.036774774774774775,0.007843843843843843
2891518357,0.2401653333333333,0.08680533333333333,0.179168,0.3248053333333333,0.15059733333333333,0.001424,0.00013333333333333334,0.0018346666666666667,0.000416,0.01454933333333333,0.00010133333333333332
2891727603,0.123632,0.09757333333333332,0.18615466666666666,0.4542026666666666,0.049776,0.0014026666666666664,0.004762666666666666,0.008090666666666666,0.024384,0.04964266666666666,0.00037866666666666664
2891734897,0.15564266666666668,0.25449066666666664,0.15606933333333334,0.3004906666666667,0.06459733333333334,3.2e-05,0.004650666666666666,0.014016,0.001557333333333333,0.044442666666666665,0.004010666666666667
2891736861,0.147872,0.19163733333333333,0.19541866666666666,0.32037866666666664,0.07381333333333331,5.333333333333334e-06,0.004224,0.01424,0.0007093333333333332,0.046928,0.0047733333333333326
2892360546,0.102224,0.004352,0.08502933333333333,0.560528,0.18029866666666666,0.0013866666666666667,2.133333333333333e-05,0.0004533333333333333,0.000848,0.056704,0.008154666666666666
2892422259,0.14962666666666666,0.21201066666666665,0.20303466666666667,0.3470453333333333,0.03898666666666666,3.733333333333333e-05,0.004864,0.022650666666666663,0.0007146666666666666,0.01961066666666666,0.0014186666666666664
2892429779,0.229056,0.11377066666666667,0.15143466666666666,0.375024,0.052117333333333335,0.00021333333333333333,0.005776,0.02206933333333333,0.001232,0.04664,0.0026666666666666666
2892440427,0.20020266666666667,0.052624,0.284912,0.319024,0.05706666666666666,8.533333333333334e-05,0.004522666666666667,0.02259733333333333,0.005157333333333333,0.049632,0.004176
2892442683,0.2336,0.06662933333333332,0.26104,0.2880693333333333,0.07399999999999998,0.0002293333333333333,0.004037333333333334,0.019514666666666663,0.0057066666666666654,0.04313066666666666,0.004042666666666667
2892449849,0.245088,0.130752,0.06271466666666667,0.3425653333333333,0.046170666666666665,0.00136,0.004373333333333333,0.008645333333333333,0.001168,0.15618666666666667,0.000976
2892564608,0.08850133333333332,0.12222933333333333,0.17666666666666667,0.38791466666666663,0.02666666666666667,0.0013653333333333336,0.005536,0.007546666666666666,0.11173866666666668,0.07173866666666667,9.6e-05
2892570408,0.11400533333333332,0.06873066666666665,0.166944,0.496416,0.03093333333333333,0.0009066666666666666,0.007146666666666666,0.003402666666666667,0.007136,0.10376533333333332,0.0006133333333333334
2892572570,0.11316266666666665,0.17813333333333334,0.14148266666666667,0.403536,0.04313066666666666,0.0014026666666666664,0.006234666666666667,0.013456,0.03158933333333333,0.067264,0.000608
2893265162,0.040965333333333326,0.26937066666666665,0.28597333333333336,0.1868,0.054709333333333325,0.00039466666666666665,0.011205333333333331,0.015744,0.001184,0.10101866666666667,0.03263466666666666
2893270900,0.10867733333333332,0.22265066666666666,0.2636693333333333,0.2444746666666667,0.031082666666666668,0.0004533333333333333,0.02375466666666667,0.019914666666666667,0.0022453333333333327,0.06475733333333332,0.01832
3193674717,0.07572266666666666,0.010746666666666668,0.2697386666666667,0.054416,0.318816,5.333333333333334e-06,0.0009653333333333332,0.00037866666666666664,9.6e-05,0.26689066666666666,0.002224
3193676809,0.08513066666666666,0.000128,0.03568533333333333,0.6234933333333333,0.22744,0.0,0.002544,0.0011786666666666664,5.333333333333334e-06,0.023888,0.0005066666666666666
3193677513,0.0384,0.007818666666666666,0.8505226666666666,0.02517333333333333,0.010069333333333331,0.032229333333333325,0.007893333333333334,0.0073866666666666655,0.013493333333333331,0.006213333333333335,0.0008
3193681281,0.16668266666666667,0.03352,0.2939573333333333,0.20333866666666667,0.221936,4.8e-05,0.0041066666666666665,0.00232,0.0010293333333333333,0.031136,0.041925333333333335
3193682233,0.4150613333333333,0.002954666666666666,0.07544,0.24552,0.08932266666666665,0.0,0.011018666666666666,0.008709333333333331,0.0006613333333333333,0.15117866666666666,0.00013333333333333334
3193683061,0.188624,0.003141333333333333,0.14052266666666666,0.31992,0.15685866666666667,0.0,0.020282666666666668,0.011253333333333334,0.0017066666666666669,0.15766933333333333,2.133333333333333e-05
3193685193,0.24352,0.047333333333333324,0.098688,0.330368,0.08224533333333332,0.0,0.009456,0.009237333333333332,0.001696,0.17602133333333336,0.0014346666666666668
3193686949,0.09296533333333333,0.006789333333333333,0.15957333333333334,0.2216,0.2316853333333333,1.6e-05,0.010901333333333334,0.0025386666666666665,0.0012586666666666664,0.26959466666666665,0.003077333333333333
3193688729,0.15405866666666668,0.014863999999999999,0.15446933333333332,0.42035733333333336,0.14723733333333333,0.00013333333333333334,0.0070293333333333345,0.0036586666666666664,0.001536,0.094224,0.002432
3193689373,0.11186666666666667,0.26,0.060576,0.3957386666666666,0.027370666666666668,0.0,0.008101333333333334,0.016037333333333334,0.00015466666666666667,0.11951466666666667,0.00064
3194517830,0.020992,0.005013333333333333,0.551504,0.018730666666666663,0.310256,0.010357333333333331,0.0023466666666666666,0.001424,0.00768,0.023226666666666663,0.048469333333333336
3194520304,0.027930666666666663,0.0017546666666666667,0.3484,0.256352,0.08073066666666667,2.666666666666667e-05,0.023861333333333328,0.0019199999999999998,0.001557333333333333,0.23682666666666666,0.02064
3194523092,0.01885333333333333,0.08563733333333333,0.061824,0.41378666666666664,0.08451733333333332,5.333333333333333e-05,0.06467733333333334,0.040885333333333336,0.0012746666666666664,0.22470933333333332,0.0037813333333333327
3194524660,0.23777066666666666,0.011653333333333332,0.10318933333333333,0.4549546666666666,0.06930666666666667,1.6e-05,0.008389333333333332,0.01978133333333333,0.0006773333333333333,0.09328533333333332,0.000976
3194525358,0.041904,0.19470933333333332,0.03925866666666666,0.454864,0.09985066666666668,1.6e-05,0.014773333333333331,0.038016,0.0004693333333333333,0.110496,0.005642666666666666
3197206887,0.08005405405405405,0.3918978978978979,0.00777177177177177,0.3141321321321321,0.17136936936936936,0.0,1.8018018018018016e-05,9.009009009009008e-05,0.0,0.01449249249249249,0.02017417417417417
3197208399,0.10088288288288287,0.029603603603603607,0.0967027027027027,0.7291771771771773,0.0037117117117117116,0.0005645645645645644,0.004366366366366366,0.00206006006006006,0.0072072072072072065,0.0195975975975976,0.006126126126126126
3197209447,0.13356156156156154,0.09553753753753752,0.06522522522522523,0.6314414414414414,0.0038378378378378375,0.0007087087087087087,0.007345345345345346,0.0012912912912912912,0.002774774774774775,0.0574054054054054,0.0008708708708708709
3197210759,0.2444804804804805,0.004108108108108109,0.16883483483483486,0.44772972972972974,0.00878078078078078,0.0,0.0016216216216216215,0.00046846846846846843,3.003003003003003e-05,0.1232072072072072,0.0007387387387387387
3198048964,0.007741741741741741,0.3484624624624625,0.03096696696696697,0.4040480480480481,0.16643843843843845,0.0,0.0,0.0,0.0,0.0038618618618618617,0.03848048048048048
3198050740,0.10030030030030028,0.2508348348348348,0.023189189189189188,0.4702582582582582,0.12909309309309308,0.0,0.00029429429429429435,0.0009729729729729728,6.006006006006007e-06,0.02505105105105105,0.0
3198054864,0.2864864864864865,0.06846246246246245,0.16667867867867867,0.34395195195195194,0.0015795795795795794,0.0022222222222222227,0.006432432432432433,0.00181981981981982,0.004336336336336336,0.117993993993994,3.603603603603604e-05
3207098091,0.5344084084084084,0.024762762762762763,0.2845285285285285,0.13043843843843844,0.02541141141141141,0.0,0.00010810810810810812,0.0003123123123123123,6.006006006006007e-06,1.2012012012012014e-05,1.2012012012012014e-05
3207111289,0.3405105105105105,0.15562162162162166,0.4741801801801802,0.0025585585585585586,0.027105105105105103,0.0,0.0,2.4024024024024028e-05,0.0,0.0,0.0
3207126857,0.2437297297297297,0.0,0.6694174174174174,0.06552552552552553,0.02132732732732733,0.0,0.0,0.0,0.0,0.0,0.0
3207142033,0.1033933933933934,0.0,0.776906906906907,0.0,0.04304504504504505,0.0005885885885885886,0.0,0.0,0.00021621621621621621,0.0,0.07584984984984985
3207167997,0.11961561561561562,0.0,0.7722462462462462,0.08560960960960962,0.022516516516516517,0.0,0.0,6.006006006006007e-06,6.006006006006007e-06,0.0,0.0
3207176655,0.39225225225225213,0.0,0.5446126126126126,0.048834834834834834,0.0143003003003003,0.0,0.0,0.0,0.0,0.0,0.0
3207183887,0.38422822822822816,0.0,0.5542882882882882,0.034996996996996994,0.026486486486486487,0.0,0.0,0.0,0.0,0.0,0.0
3207215247,0.2351231231231231,0.16631831831831834,0.569915915915916,0.013729729729729728,0.010660660660660659,0.0007867867867867867,0.00021621621621621621,0.0014714714714714715,0.0005045045045045045,0.0009549549549549551,0.0003183183183183183
3207232931,0.010048048048048049,0.0,0.9813693693693692,0.0075855855855855876,0.00029429429429429435,0.0,0.0006006006006006006,3.603603603603604e-05,4.204204204204204e-05,0.0,2.4024024024024028e-05
3207253225,0.189981981981982,0.02106306306306306,0.7333333333333331,0.04021021021021021,0.012762762762762765,8.408408408408409e-05,0.00038438438438438444,0.000882882882882883,0.0005165165165165165,0.00022822822822822822,0.0005525525525525524
3207950344,0.3026006006006007,0.0443063063063063,0.5762162162162162,0.060126126126126125,0.0164984984984985,0.0,0.0,0.00025225225225225225,0.0,0.0,0.0
3207964026,0.2400720720720721,0.06843243243243244,0.6092972972972973,0.03290090090090089,0.04927927927927928,0.0,0.0,1.8018018018018016e-05,0.0,0.0,0.0
3207995524,0.21338738738738736,0.0,0.7008528528528528,0.0731111111111111,0.012648648648648649,0.0,0.0,0.0,0.0,0.0,0.0
3208004720,0.35061861861861854,0.0,0.5793333333333334,0.041987987987987994,0.028060060060060055,0.0,0.0,0.0,0.0,0.0,0.0
3208070938,0.031411411411411405,0.0,0.9602762762762764,0.006606606606606606,0.0015255255255255257,0.0,8.408408408408409e-05,3.603603603603604e-05,4.8048048048048055e-05,0.0,1.2012012012012014e-05
3306546275,0.13867385444743935,0.3299083557951483,0.14696495956873315,0.2994986522911051,0.027477088948787063,0.0018436657681940704,0.0012183288409703505,0.000398921832884097,0.0008517520215633423,0.02569811320754717,0.027466307277628037
3306554623,0.055285333333333325,0.10122666666666667,0.16250666666666666,0.589344,0.02187733333333333,0.000992,0.00472,0.0003413333333333333,0.0020586666666666665,0.058816,0.002832
3306554937,0.1341212121212121,0.13325619834710745,0.4442314049586777,0.25948209366391184,0.0049035812672176314,6.611570247933886e-05,0.0040991735537190075,0.0002369146005509642,0.0001212121212121212,0.014396694214876032,0.005085399449035813
3306557491,0.15091056910569106,0.13696476964769647,0.4525365853658537,0.226840108401084,0.0020271002710027094,0.0,0.006910569105691057,9.75609756097561e-05,8.672086720867208e-05,0.02256368563685637,0.001062330623306233
3306558303,0.170747311827957,0.11977956989247313,0.33313978494623653,0.3380698924731183,0.0047741935483870965,0.00033870967741935485,0.008827956989247312,0.0006182795698924733,0.00011290322580645161,0.02122043010752688,0.002370967741935484
3306560227,0.2934089709762533,0.10379419525065962,0.33177836411609496,0.2426860158311345,0.014485488126649074,0.0,0.000754617414248021,0.0015883905013192613,5.804749340369395e-05,0.01116622691292876,0.0002796833773087072
3307387676,0.1325067385444744,0.13464150943396228,0.3612345013477089,0.3274231805929919,0.0025714285714285713,0.0,0.013191374663072776,0.0003288409703504043,1.0781671159029648e-05,0.027859838274932616,0.00023180592991913746
3307388490,0.10398387096774192,0.2245698924731183,0.2929247311827957,0.3059462365591398,0.025838709677419355,5.376344086021505e-06,0.0025483870967741933,0.00013978494623655913,1.075268817204301e-05,0.039333333333333324,0.004698924731182796
3307389598,0.16478048780487806,0.13886178861788614,0.3449918699186992,0.3132520325203252,0.007718157181571814,3.252032520325203e-05,0.0042439024390243905,0.0002981029810298103,7.046070460704608e-05,0.02068834688346884,0.0050623306233062325
3307390686,0.2923342175066313,0.10632891246684352,0.16282758620689655,0.38996286472148534,0.01978779840848806,0.0003978779840848807,0.004190981432360743,0.0015013262599469495,2.1220159151193635e-05,0.022122015915119364,0.0005251989389920425
3307391252,0.2637741935483871,0.09250537634408601,0.29278494623655915,0.3111827956989247,0.009026881720430107,0.0007096774193548388,0.004978494623655914,0.0025537634408602148,0.0004408602150537634,0.016741935483870967,0.005301075268817204
3307391506,0.282288,0.08765866666666665,0.235472,0.3532053333333333,0.025408,0.0,0.001536,0.003525333333333333,0.0002293333333333333,0.010544,0.00013333333333333334
3309899746,0.17210862619808304,0.16424281150159745,0.2264600638977636,0.34668370607028753,0.05544408945686901,2.5559105431309906e-05,0.0015527156549520766,0.0015271565495207668,7.667731629392971e-05,0.026779552715654957,0.0050990415335463255
3311249485,0.5051357340720222,0.0,0.0,0.4730526315789474,0.0,0.0,0.0,0.0,0.0,0.02181163434903047,0.0
3313758930,0.3284875346260388,0.0,0.0,0.5611301939058172,0.0,0.0,0.0,0.0,0.0,0.11038227146814404,0.0
3328278403,0.11770133333333335,0.040576,0.08994666666666665,0.58312,0.013930666666666666,5.333333333333334e-06,0.002,0.005274666666666667,0.002192,0.144608,0.0006453333333333334
3658453284,0.0002994350282485876,0.03338983050847458,0.0,0.006740112994350282,3.9548022598870056e-05,0.0,0.00028813559322033897,0.015920903954802258,0.0,0.943322033898305,0.0
4287904985,0.04542342342342343,0.0011531531531531532,0.11015015015015013,0.5979819819819819,0.2349249249249249,0.0,0.0001021021021021021,0.00014414414414414415,1.2012012012012014e-05,0.009711711711711712,0.00039639639639639637
4287905697,0.056822822822822826,0.0,0.2063903903903904,0.5938558558558559,0.1226126126126126,0.0,3.003003003003003e-05,7.807807807807808e-05,0.016756756756756756,0.0033393393393393394,0.00011411411411411411
4287906447,0.002960960960960961,0.002024024024024024,0.6600780780780781,0.14471471471471473,0.08580180180180179,0.0,0.0,0.0,0.0,0.10426426426426426,0.00015615615615615616
4287906793,0.0006546546546546547,0.009885885885885886,0.44187387387387383,0.2584024024024024,0.2644024024024024,0.0,3.003003003003003e-05,0.00012612612612612612,0.0,0.02458858858858859,3.603603603603604e-05
4287908119,0.027003003003003,0.032726726726726725,0.24436036036036035,0.601015015015015,0.04231831831831832,0.0,0.0008888888888888888,0.002600600600600601,0.0,0.04902102102102102,6.606606606606607e-05
4287911247,0.11796996996996995,0.012768768768768769,0.1901081081081081,0.5665045045045045,0.05678078078078079,0.0,0.00042642642642642644,0.0011711711711711714,1.8018018018018016e-05,0.05422822822822823,2.4024024024024028e-05
4287911697,0.19428228228228228,0.0,0.0196996996996997,0.7325585585585586,0.05345345345345345,0.0,0.0,6.006006006006007e-06,0.0,0.0,0.0
4288645128,0.08864264264264264,0.0,0.1278018018018018,0.4652972972972973,0.2985165165165165,0.0,8.408408408408409e-05,0.0,6.006006006006007e-06,0.015009009009009009,0.004642642642642642
4288645610,0.12967058823529412,0.0027529411764705878,0.10763529411764708,0.4649823529411765,0.28946470588235296,0.0,8.823529411764706e-05,1.764705882352941e-05,2.9411764705882354e-05,0.0025882352941176477,0.0027705882352941176
4288646080,0.08985585585585586,0.0,0.13607807807807806,0.4808648648648649,0.2888288288288288,0.0,0.0,0.0,0.0,0.00363963963963964,0.0007327327327327326
4288647036,0.005495495495495496,0.0,0.20094294294294293,0.591009009009009,0.20255255255255256,0.0,0.0,0.0,0.0,0.0,0.0
4288647764,0.008360360360360359,0.026744744744744742,0.24178978978978974,0.5002762762762762,0.15511711711711712,0.0,0.0007687687687687687,0.00025825825825825824,0.0,0.06667267267267267,1.2012012012012014e-05
4288648884,0.05954954954954955,0.00021021021021021022,0.0281021021021021,0.815183183183183,0.04616816816816817,1.2012012012012014e-05,0.0014534534534534536,9.009009009009008e-05,6.006006006006007e-06,0.04845045045045045,0.0007747747747747747
4288649304,0.04070870870870871,0.0,0.15225825825825826,0.6236936936936937,0.18333933933933932,0.0,0.0,0.0,0.0,0.0,0.0
4288652080,0.4203243243243243,0.037525525525525516,0.07316516516516515,0.3509369369369369,0.09883483483483485,0.0,0.00022822822822822822,0.0007867867867867867,0.0,0.0181981981981982,0.0
4382420643,0.001466666666666667,0.014277333333333331,0.02472,0.867616,0.015002666666666666,0.0,0.000176,0.0018026666666666664,5.333333333333334e-06,0.07493333333333335,0.0
4383183440,0.0012373333333333331,1.6e-05,0.031146666666666663,0.496768,0.470832,0.0,0.0,0.0,0.0,0.0,0.0
4401505185,0.001472,0.00020266666666666667,0.05176533333333333,0.21585066666666666,0.6761173333333333,0.0,0.0,0.0,0.0,0.050368,0.004224
4402266760,0.001024,0.00033066666666666666,0.015263999999999998,0.557056,0.386864,0.0,0.0,0.0,0.0,0.039456,5.333333333333334e-06
4409398014,0.001632,1.6e-05,0.018778666666666662,0.2375093333333333,0.6487146666666666,0.0,0.0,0.0,0.0,0.08956266666666665,0.0037866666666666665
4424697607,0.0038346666666666663,3.733333333333333e-05,0.016192,0.74072,0.23921066666666665,0.0,0.0,5.333333333333334e-06,0.0,0.0,0.0
4424707439,0.0015893333333333337,0.0,0.008784,0.712368,0.2772426666666667,0.0,0.0,0.0,0.0,1.6e-05,0.0
4424710395,0.00018133333333333331,1.0666666666666667e-05,0.010554666666666669,0.654288,0.3349653333333333,0.0,0.0,0.0,0.0,0.0,0.0
4425466928,0.0019253333333333332,0.0,0.010026666666666666,0.7196906666666667,0.2683573333333333,0.0,0.0,0.0,0.0,0.0,0.0
4425470286,0.0011626666666666669,5.333333333333334e-06,0.014298666666666666,0.67496,0.309568,0.0,0.0,0.0,0.0,5.333333333333334e-06,0.0
4426886553,0.00041066666666666666,0.0,0.026096,0.5207786666666666,0.45264,0.0,5.333333333333334e-06,6.4e-05,0.0,0.0,5.333333333333334e-06
4426896357,0.000976,0.0,0.028970666666666662,0.3998986666666666,0.569936,0.0,0.0,0.0,0.0,0.00021866666666666668,0.0
4426919197,0.0002613333333333333,0.0,0.3423253333333333,0.017866666666666666,0.595072,0.0,0.0,0.0,0.0,0.0003413333333333333,0.04413333333333333
4427653046,0.0012373333333333331,1.6e-05,0.031146666666666663,0.496768,0.470832,0.0,0.0,0.0,0.0,0.0,0.0
4427669570,0.0008106666666666666,1.0666666666666667e-05,0.015365333333333332,0.37633066666666665,0.5302026666666667,0.0,0.0,5.333333333333334e-06,0.0,0.07645333333333333,0.0008213333333333333
446147662,0.022992,0.024784,0.05309866666666666,0.6824853333333334,0.023642666666666663,0.0,0.0037653333333333328,0.0006613333333333333,2.666666666666667e-05,0.18850133333333333,4.266666666666666e-05
446153951,0.007749333333333333,0.01056,0.060464,0.699552,0.014624000000000002,0.0,0.0016853333333333336,0.0018186666666666663,3.2e-05,0.20349866666666666,1.6e-05
446163794,0.0022133333333333328,0.00072,0.247552,0.38239466666666666,0.15562666666666666,0.0,0.00024,0.00013866666666666666,5.333333333333334e-06,0.21105066666666664,5.8666666666666665e-05
446170751,0.00013866666666666666,1.6e-05,0.07427733333333332,0.6564,0.000304,0.0,0.21158933333333327,0.0013546666666666663,4.266666666666666e-05,0.05587733333333333,0.0
447166620,0.03997866666666666,0.06723733333333333,0.15251733333333334,0.5410293333333334,0.06392533333333332,5.333333333333334e-06,0.005178666666666666,0.0017333333333333333,0.0009066666666666666,0.127168,0.00032
447173845,0.0008319999999999998,5.333333333333334e-06,0.08536,0.8357386666666666,0.07763733333333332,0.0,6.4e-05,5.333333333333334e-06,0.0,0.000352,5.333333333333334e-06
447185224,0.252432,0.06653866666666665,0.065936,0.473552,0.08416533333333331,5.333333333333334e-06,0.006784,0.0018133333333333328,3.2e-05,0.048730666666666665,1.0666666666666667e-05
447185314,0.08864533333333334,0.045045333333333326,0.08559999999999998,0.5554346666666666,0.114032,0.0,0.004058666666666667,0.0012426666666666669,3.733333333333333e-05,0.10588800000000001,1.6e-05
447191477,3.733333333333333e-05,0.0,0.278464,0.5060053333333333,0.172336,0.0,0.004848,0.0,0.0,0.03616533333333333,0.002144
447212881,0.006192,0.02147733333333333,0.15529066666666666,0.556784,0.0023786666666666665,0.0,0.18293333333333334,0.03470933333333333,0.00015466666666666667,0.040064,1.6e-05
447220443,0.08451733333333332,0.06521066666666667,0.09579733333333332,0.666912,0.034986666666666666,1.6e-05,0.00352,0.037264,0.0028266666666666666,0.008928,2.133333333333333e-05
447248234,0.03586133333333333,0.017392,0.13296533333333332,0.272784,0.07607466666666665,0.0062453333333333345,0.07730666666666665,0.041882666666666665,0.00834133333333333,0.2618133333333333,0.06933333333333333
447248378,0.038789333333333335,0.017317333333333334,0.18907733333333326,0.18611733333333333,0.06732266666666667,0.002805333333333333,0.145616,0.04756266666666667,0.00608,0.236576,0.062736
447253591,0.06808533333333333,0.055861333333333325,0.11501866666666667,0.5655306666666666,0.091008,0.0,0.000816,0.0023626666666666666,0.00011733333333333333,0.10118400000000001,1.6e-05
447254085,0.03214933333333333,0.02767466666666667,0.2549653333333333,0.17656533333333332,0.131696,0.0006133333333333334,0.07898666666666665,0.03625066666666666,0.002645333333333333,0.14712533333333333,0.111328
476507546,0.25918072289156624,0.015969879518072286,0.1552710843373494,0.16862650602409635,0.32221686746987954,0.0,0.002,0.00031325301204819284,0.00013253012048192772,0.07626506024096386,2.4096385542168674e-05
476507678,0.16811343283582086,0.05792835820895523,0.09845970149253731,0.037373134328358204,0.5833194029850746,5.970149253731344e-06,0.0,8.955223880597014e-05,0.00029850746268656717,0.054405970149253725,5.970149253731344e-06
476508788,0.7722048192771085,0.0,0.0,0.2161265060240964,0.0,0.0,0.0,0.0,0.0,0.01166867469879518,0.0
476510760,0.18596978851963747,0.0,0.0,0.554797583081571,0.0,0.0,0.0,0.0,0.0,0.2592326283987915,0.0
476511044,0.4232252252252252,0.0,0.0,0.4190990990990991,0.0,0.0,0.0,0.0,0.0,0.15767567567567567,0.0
476518583,0.1342409638554217,0.02508433734939759,0.2847771084337349,0.1390602409638554,0.3765481927710843,0.0,0.0014819277108433734,2.4096385542168674e-05,0.0003855421686746988,0.03836746987951808,3.012048192771084e-05
476520187,0.7260602409638554,0.0,0.0,0.17365060240963856,0.0,0.0,0.0,0.0,0.0,0.10028915662650603,0.0
476521457,0.780423880597015,0.0,0.0,0.1925373134328358,0.0,0.0,0.0,0.0,0.0,0.02703880597014925,0.0
476521563,0.35204819277108435,0.0,0.0,0.4848253012048193,0.0,0.0,0.0,0.0,0.0,0.1631265060240964,0.0
476521675,0.2874468085106383,0.0,0.0,0.2685531914893617,0.0,0.0,0.0,0.0,0.0,0.444,0.0
476521787,0.1967005988023952,0.0,0.0,0.4615089820359282,0.0,0.0,0.0,0.0,0.0,0.34179041916167663,0.0
476522037,0.8295661375661376,0.0,0.0,0.15713756613756613,0.0,0.0,0.0,0.0,0.0,0.013296296296296296,0.0
476522149,0.8328603351955307,0.0,0.0,0.1311117318435754,0.0,0.0,0.0,0.0,0.0,0.036027932960893856,0.0
476877830,0.6576951219512194,0.0,0.0,0.2357012195121951,0.0,0.0,0.0,0.0,0.0,0.10660365853658536,0.0
476878108,0.5429759036144578,0.0,0.0,0.4306445783132529,0.0,0.0,0.0,0.0,0.0,0.026379518072289155,0.0
5300400531,0.3444264264264264,0.2333153153153153,0.2535855855855856,0.08458858858858857,0.013735735735735735,0.0015735735735735734,0.0005105105105105105,0.0023303303303303306,0.007753753753753755,0.017525525525525526,0.040654654654654655
5300406547,0.116990990990991,0.11724324324324326,0.5005945945945947,0.2255615615615616,0.024768768768768767,0.0,0.00012612612612612612,0.0006366366366366366,0.0012552552552552553,0.008792792792792792,0.00403003003003003
5300419005,0.14140540540540542,0.04343543543543543,0.5310630630630631,0.18051051051051048,0.027705705705705703,0.0010930930930930932,0.0009669669669669668,0.002354354354354355,0.001069069069069069,0.04762162162162162,0.022774774774774773
5301002552,0.21694294294294292,0.07693693693693696,0.21785585585585585,0.4208768768768769,0.003261261261261261,0.0,0.0008408408408408409,0.0003423423423423424,4.204204204204204e-05,0.06043243243243244,0.002468468468468469
5301004802,0.2443963963963964,0.027075075075075075,0.15405405405405406,0.4962582582582583,0.007135135135135135,0.00024624624624624625,0.005153153153153153,0.0024144144144144144,0.0006186186186186186,0.06051651651651652,0.002132132132132132
5301005480,0.17369747899159665,0.11147899159663864,0.19901680672268907,0.4006302521008404,0.021453781512605043,0.0021596638655462185,0.0015714285714285715,0.0009159663865546217,0.0021680672268907567,0.03743697478991597,0.04947058823529412
5301008932,0.01578978978978979,0.025867867867867867,0.20854054054054053,0.6317357357357357,0.0021621621621621626,0.00010810810810810812,0.004942942942942943,0.0012552552552552553,0.0017957957957957958,0.10314114114114116,0.004660660660660661
5301009992,0.04315315315315316,0.042852852852852855,0.2055795795795796,0.6223303303303304,0.007465465465465466,0.0002042042042042042,0.014078078078078078,0.0015135135135135136,0.0003183183183183183,0.060342342342342335,0.0021621621621621626
6886314022,0.022894586894586896,0.02769230769230769,0.2647350427350427,0.4104558404558405,0.12667236467236467,0.0,6.267806267806269e-05,0.00018803418803418803,0.001282051282051282,0.14588603988603988,0.00013105413105413106
6886314728,0.006277333333333334,0.07578133333333335,0.02138666666666666,0.845504,0.007050666666666666,0.0,0.0003413333333333333,0.0007839999999999998,0.0,0.042874666666666665,0.0
6886315482,0.03332249322493225,0.0009756097560975608,0.09177777777777776,0.16847154471544715,0.5189972899728997,0.0,0.00023848238482384825,5.420054200542005e-06,5.420054200542005e-06,0.18475338753387532,0.0014525745257452573
6886316262,0.0003253333333333333,0.0019146666666666667,0.12712,0.666064,0.11,0.0,0.00018666666666666666,5.333333333333334e-06,0.0,0.093408,0.000976
6886323848,0.104752,0.16607466666666668,0.158288,0.274144,0.010597333333333334,0.0004,0.03657066666666666,0.08328533333333332,0.07946666666666667,0.08069866666666667,0.005722666666666666
6886324094,0.471045045045045,0.07374774774774775,0.26300300300300306,0.07499099099099099,0.038768768768768766,0.00963963963963964,0.0031591591591591593,0.009693693693693694,0.005675675675675676,0.027273273273273276,0.023003003003003
6886325032,0.4429069069069069,0.05711111111111111,0.3674834834834835,0.055465465465465456,0.0292012012012012,0.00045645645645645645,0.002642642642642643,0.008108108108108109,0.0017657657657657656,0.025885885885885886,0.008972972972972974
7000905666,1.0666666666666667e-05,0.0,0.315328,0.18455466666666667,0.4994133333333333,0.0,0.0,0.0,0.0,0.0003893333333333333,0.000304
7032409059,0.01557622739018088,0.06538501291989664,0.04770542635658914,0.5188217054263566,0.2460981912144703,0.0,1.0335917312661501e-05,0.00012919896640826872,2.5839793281653746e-05,0.10577260981912144,0.000475452196382429
7032411113,0.09102994011976047,0.1775688622754491,0.17535928143712576,0.22601197604790416,0.04877844311377245,0.0026347305389221557,0.0009221556886227545,0.0006347305389221556,0.0008802395209580837,0.2269221556886228,0.049257485029940117
7032411801,0.04466502463054187,0.043428571428571434,0.06993103448275861,0.5833596059113301,0.08391625615763547,0.0,3.4482758620689657e-05,0.00014285714285714287,0.0,0.17451724137931035,4.926108374384237e-06
7032421177,0.559987987987988,0.07441441441441443,0.14147147147147146,0.06412612612612613,0.052696696696696695,0.0006546546546546547,0.004906906906906907,0.010966966966966966,0.003201201201201201,0.051189189189189195,0.036384384384384384
7032421503,0.5617237237237237,0.05116516516516517,0.291003003003003,0.043441441441441436,0.02492492492492493,0.0001381381381381381,0.0005765765765765766,0.002078078078078078,0.00015015015015015014,0.0195015015015015,0.0052972972972972964
7754466100,0.010676,0.003652,0.249352,0.530564,0.016608,1.6e-05,0.014804,0.003624,0.000736,0.169888,8e-05
7754466396,0.008945891783567134,0.0025490981963927854,0.038633266533066125,0.784697394789579,0.006208416833667334,0.0,0.012501002004008015,0.003743486973947896,0.0002044088176352705,0.14250901803607213,8.016032064128256e-06
7754466736,0.020016,0.011864,0.067868,0.774564,0.005076,7.999999999999998e-06,0.013272,0.005196,0.000308,0.101824,4e-06
7754467268,0.016272,0.010090666666666666,0.05717866666666666,0.7597546666666667,0.015525333333333334,0.0,0.014965333333333334,0.005082666666666666,0.0002506666666666667,0.12087466666666667,5.333333333333334e-06
7754467812,0.018378666666666668,0.007594666666666667,0.055488,0.862576,0.01979733333333333,1.0666666666666667e-05,0.00208,0.0019093333333333332,0.00013333333333333334,0.032032,0.0
7754468296,0.01399466666666667,0.004928,0.10474133333333334,0.7355466666666666,0.019994666666666668,5.333333333333334e-06,0.002848,0.001376,0.000176,0.11638933333333333,0.0
7754470042,0.003576,0.043424,0.101616,0.594352,0.007396,4e-06,0.069992,0.027792,0.001252,0.15054,5.6e-05
7754470490,0.008156,0.001612,0.075852,0.627548,0.038228,0.0,0.024428,0.000944,0.000136,0.22271999999999997,0.000376
7754471262,0.023258666666666667,0.003664,0.040624,0.668288,0.01254933333333333,0.0,0.013184,0.004170666666666665,0.00018666666666666666,0.2340693333333333,5.333333333333334e-06
7754471800,0.01904,0.0033493333333333326,0.053829333333333326,0.39614933333333335,0.006576,0.0,0.017648,0.004261333333333333,0.0003093333333333333,0.4988266666666666,1.0666666666666667e-05
7754472466,0.017237333333333334,0.009765333333333334,0.09475733333333332,0.6190293333333333,0.01881066666666667,0.0,0.025850666666666668,0.01496,0.0008106666666666666,0.19876266666666667,1.6e-05
7754472936,0.01416,0.006181333333333333,0.055589333333333324,0.7158933333333334,0.011573333333333331,0.0,0.013413333333333331,0.0046293333333333325,0.00042133333333333335,0.17813333333333334,5.333333333333334e-06
7754474014,0.00212,0.003228,0.051684,0.49604,0.025076,0.0,0.015908,0.00194,2.8000000000000003e-05,0.403872,0.000104
7754474506,0.005594666666666667,5.8666666666666665e-05,0.162128,0.382384,0.342032,1.6e-05,0.0004,1.0666666666666667e-05,0.000336,0.10344,0.0036
7754475108,0.00944,2.666666666666667e-05,0.19564266666666666,0.3919626666666666,0.19326933333333327,0.0,0.0008639999999999998,4.8e-05,0.000208,0.203968,0.004570666666666666
7948795526,0.01195770392749245,0.035812688821752266,0.00681570996978852,0.9380302114803626,0.006036253776435046,0.0,0.0,0.0,0.0,0.0013474320241691842,0.0
7948839448,0.008653465346534654,0.0,0.025273927392739277,0.955980198019802,0.010092409240924092,0.0,0.0,0.0,0.0,0.0,0.0
7948871370,0.016090634441087614,0.0,0.015214501510574019,0.9582658610271904,0.010429003021148036,0.0,0.0,0.0,0.0,0.0,0.0
7948888948,0.024332326283987914,5.4380664652567966e-05,0.005516616314199396,0.9627190332326284,0.007377643504531722,0.0,0.0,0.0,0.0,0.0,0.0
7948900922,0.033184290030211484,2.416918429003021e-05,0.027909365558912387,0.9256737160120846,0.013208459214501513,0.0,0.0,0.0,0.0,0.0,0.0
7948991128,0.040906344410876136,0.08822356495468278,0.078,0.7442175226586103,0.034622356495468284,0.0,1.2084592145015104e-05,1.812688821752266e-05,0.0,0.013987915407854984,1.2084592145015104e-05
7948998970,0.002501510574018127,0.030138972809667677,0.252380664652568,0.4601933534743202,0.076404833836858,0.0,0.0,6.042296072507552e-06,0.0,0.17792749244712994,0.00044712990936555887
7949006720,0.006253776435045317,0.015758308157099696,0.06680966767371602,0.8604954682779457,0.03548036253776435,0.0,0.0,0.0,0.0,0.015202416918429003,0.0
7949014264,0.003642424242424242,0.0008848484848484847,0.059,0.9246363636363636,0.01141818181818182,0.0,6.060606060606062e-06,0.0,0.0,0.00041212121212121214,0.0
7949049474,0.009625377643504532,0.012459214501510574,0.04012084592145016,0.9094743202416918,0.00861631419939577,0.0,0.0,1.812688821752266e-05,0.0,0.019679758308157096,6.042296072507552e-06
7949084638,0.0013841463414634143,0.00022560975609756093,0.19056707317073168,0.7815975609756098,0.025810975609756096,0.0,0.0,0.0,0.0,0.0003780487804878049,3.6585365853658535e-05
7949093624,0.003323262839879154,0.07666465256797582,0.018169184290030213,0.8682235649546829,0.011873111782477342,0.0,0.0,1.2084592145015104e-05,0.0,0.021734138972809663,0.0
7949101452,0.002066465256797583,0.03053776435045317,0.01945619335347432,0.9192386706948642,0.011377643504531722,0.0,3.625377643504532e-05,0.00013897280966767374,0.0,0.017148036253776436,0.0
7949109780,0.005438066465256798,0.06281570996978852,0.012459214501510574,0.8847432024169184,0.010483383685800604,0.0,4.833836858006042e-05,0.0003444108761329305,2.416918429003021e-05,0.023643504531722054,0.0
7949207892,0.00756043956043956,0.0,0.03487179487179487,0.9392967032967032,0.01827106227106227,0.0,0.0,0.0,0.0,0.0,0.0
7996639475,0.006879310344827586,0.0415,0.011574712643678159,0.2480862068965517,0.01916666666666666,0.0,0.003304597701149425,0.0014252873563218393,5.747126436781608e-06,0.6677471264367816,0.00031034482758620686
7996643779,0.04924561403508772,0.015,0.04383625730994152,0.7787602339181287,0.02876608187134503,0.0,0.0008245614035087719,0.007350877192982456,4.093567251461988e-05,0.07616374269005846,1.169590643274854e-05
7996647919,0.010191549295774649,0.007143661971830986,0.134456338028169,0.2860732394366197,0.05121690140845071,0.0,0.01180281690140845,0.0014140845070422536,5.070422535211268e-05,0.4795549295774648,0.01809577464788733
7996658306,0.006252307692307693,0.018923076923076924,0.02901538461538462,0.4643015384615385,0.022086153846153846,0.0,0.006153846153846154,0.00176,6.153846153846154e-06,0.4499938461538461,0.0015076923076923078
7996660780,0.049162921348314605,0.050342696629213486,0.06676404494382024,0.5718258426966292,0.0928988764044944,0.0,0.0028876404494382023,0.00801123595505618,0.0002415730337078652,0.15723033707865167,0.0006348314606741573
7996662243,0.01690419161676647,0.0018443113772455087,0.03863473053892216,0.3986706586826347,0.04094011976047905,0.0,0.012778443113772455,0.0017125748502994011,0.0,0.4831556886227545,0.005359281437125749
7996662856,0.07559064327485379,0.0010350877192982456,0.05528070175438597,0.6633508771929825,0.08002923976608185,1.169590643274854e-05,0.00691812865497076,0.003017543859649123,0.0001695906432748538,0.11276023391812864,0.0018362573099415208
7996664877,0.0213719512195122,0.02182317073170732,0.041597560975609765,0.4247743902439025,0.018914634146341463,0.0,0.008737804878048781,0.0012865853658536586,1.8292682926829268e-05,0.4606463414634146,0.0008292682926829268
7996665913,0.07444510385756675,0.0003916913946587537,0.07124629080118694,0.5327418397626112,0.2343679525222552,0.0,0.0016201780415430267,0.002367952522255193,0.00010089020771513355,0.08197626112759646,0.000741839762611276
7996675007,0.012965147453083112,0.007431635388739945,0.025490616621983916,0.7345522788203754,0.030573726541554963,0.0,0.012219839142091151,0.007109919571045576,5.898123324396784e-05,0.16901876675603214,0.000579088471849866
7996679491,0.01573913043478261,0.0048586956521739135,0.0555,0.2914945652173913,0.07117391304347825,0.0,0.007456521739130435,0.0014184782608695652,1.6304347826086955e-05,0.5490978260869566,0.0032445652173913038
7996680768,0.02094270833333333,0.0041875,0.05811979166666665,0.5966197916666666,0.09561458333333331,5.208333333333333e-06,0.009755208333333331,0.0025416666666666665,7.8125e-05,0.21013020833333332,0.002005208333333333
7996688696,0.01552694610778443,0.027203592814371257,0.008437125748502994,0.5296826347305389,0.014467065868263473,0.0,0.02816766467065868,0.01477245508982036,5.9880239520958085e-06,0.3616526946107784,8.383233532934131e-05
7996693101,0.014740947075208913,0.0019387186629526464,0.07561559888579387,0.4466908077994429,0.091025069637883,0.0,0.02009470752089136,0.007175487465181058,0.0003342618384401114,0.33710863509749306,0.005275766016713092
7996702146,0.022527859237536658,0.0019824046920821113,0.06500879765395895,0.4396950146627566,0.03979472140762464,0.0,0.008457478005865101,0.0018064516129032253,3.519061583577713e-05,0.4146275659824047,0.006064516129032258
8974607384,0.007221333333333333,0.000512,0.141648,0.6526453333333333,0.07088533333333333,0.0,0.0007893333333333333,1.6e-05,0.0,0.12591466666666667,0.000368
8974608162,0.019285285285285284,0.0007027027027027027,0.302984984984985,0.3744684684684685,0.22866066066066065,0.0,0.0004924924924924925,0.00042642642642642644,3.003003003003003e-05,0.07246246246246246,0.0004864864864864865
