1001205877,0.111184,0.107216,0.09466666666666665,0.3071893333333333,0.0009706666666666666,0.0008853333333333332,0.007637333333333333,0.033632,0.00021333333333333333,0.3302933333333333,0.006112
10263149134,0.11626666666666667,0.027312,0.10748266666666667,0.11989333333333335,0.22405866666666666,0.002325333333333333,0.010352,0.0037813333333333327,0.00816,0.370704,0.009664
10530998866,0.068896,0.21980266666666667,0.30795733333333336,0.09136533333333334,0.08409066666666665,0.001696,0.00328,0.0005973333333333333,0.0028426666666666665,0.20996266666666666,0.009509333333333331
10531062644,0.039568,0.04672533333333333,0.4515253333333333,0.2321013333333333,0.07136,2.666666666666667e-05,0.023424,0.001072,0.001936,0.125936,0.006325333333333333
10920862756,0.15926933333333335,0.056597333333333326,0.26005333333333336,0.39764266666666653,0.021498666666666662,0.0,0.0061386666666666655,0.009552,0.0016586666666666664,0.08739733333333331,0.000192
10920918066,0.17557142857142854,0.292352380952381,0.18457619047619048,0.08864761904761903,0.021752380952380957,0.00011904761904761905,0.05572857142857143,0.0060904761904761896,0.0035523809523809523,0.15276666666666666,0.018842857142857144
10957217386,0.029173333333333325,0.26194133333333336,0.5224906666666665,0.018693333333333333,0.02303466666666666,0.02294933333333333,0.012949333333333334,0.0026933333333333327,0.011082666666666666,0.054432,0.04056
11217134334,0.215296,0.142224,0.09165333333333331,0.4417973333333333,0.000704,0.0,0.0011466666666666667,0.00042133333333333335,6.933333333333333e-05,0.10512,0.001568
11217146714,0.28189253731343283,0.13534328358208955,0.10183880597014926,0.18184477611940295,0.026782089552238802,0.0,0.0005791044776119403,0.0006865671641791045,5.970149253731344e-06,0.26508059701492537,0.005946268656716418
11217243163,0.09577066666666668,0.000928,0.17018666666666668,0.2998293333333333,0.026351999999999997,0.0,0.0007466666666666666,0.002298666666666667,5.333333333333333e-05,0.38417066666666666,0.019664
11446206564,0.12140697674418605,0.4123895348837209,0.10925581395348838,0.2757616279069767,0.05012790697674418,0.0001744186046511628,0.00011046511627906975,0.00043604651162790697,0.00016860465116279067,0.00552906976744186,0.024639534883720927
11446356953,0.1205,0.01995,0.22601999999999997,0.557675,0.023095,0.0,0.002645,0.00296,7.499999999999998e-05,0.04688,0.0002
12282925203,0.2123622448979592,0.06751530612244898,0.02120408163265306,0.21320918367346936,0.033352040816326534,0.0001683673469387755,0.00993877551020408,0.015530612244897959,0.002209183673469388,0.4241122448979592,0.0003979591836734693
12283189364,0.2183109756097561,0.3503780487804877,0.14134146341463413,0.09391463414634145,0.010134146341463415,1.2195121951219513e-05,0.02460365853658537,0.0008841463414634147,0.002,0.15815243902439025,0.0002682926829268293
12473400545,0.16880874316939887,0.2977704918032787,0.042721311475409834,0.18001639344262296,0.0017978142076502735,0.0,0.0025737704918032786,0.0013606557377049179,7.650273224043714e-05,0.30240437158469946,0.002469945355191257
12473411905,0.198221635883905,0.003065963060686016,0.26181530343007914,0.4133825857519789,0.005345646437994722,0.0,0.006722955145118733,0.004686015831134565,0.001150395778364116,0.10558839050131927,2.1108179419525063e-05
1427731029,0.2016996996996997,0.3572072072072072,0.04673873873873874,0.22475075075075074,0.07815615615615616,0.0012672672672672672,0.00439039039039039,0.00566966966966967,0.0021621621621621626,0.057909909909909914,0.020048048048048047
1427731797,0.25435542168674696,0.190710843373494,0.021897590361445785,0.33518072289156625,0.040518072289156624,0.0,0.0007048192771084337,0.003349397590361446,0.0002831325301204819,0.14877710843373493,0.00422289156626506
1427733463,0.17344578313253012,0.3234457831325301,0.09212650602409639,0.3499096385542169,0.01982530120481928,7.228915662650602e-05,0.0021144578313253013,0.0031325301204819275,0.00019277108433734936,0.034060240963855425,0.001674698795180723
1427736291,0.22164670658682634,0.19820359281437125,0.043988023952095806,0.37573652694610776,0.017994011976047903,7.185628742514969e-05,0.002682634730538922,0.004191616766467066,8.982035928143712e-05,0.13378443113772456,0.0016107784431137724
1427823233,0.11430722891566265,0.09495783132530121,0.13719879518072287,0.4814759036144578,0.033415662650602404,5.421686746987952e-05,0.001072289156626506,0.0013373493975903615,1.8072289156626505e-05,0.13075903614457832,0.005403614457831325
1428450809,0.047357142857142855,0.23380357142857144,0.049642857142857134,0.5598869047619047,0.011214285714285715,0.0,0.006035714285714286,0.017732142857142856,0.0004345238095238095,0.07355952380952381,0.0003333333333333333
1428452253,0.08511111111111111,0.01863663663663664,0.17407807807807807,0.20954354354354354,0.08314714714714713,0.0003603603603603604,0.0106006006006006,0.017933933933933933,0.001903903903903904,0.3763543543543544,0.022330330330330328
1428611460,0.22843843843843845,0.15678078078078078,0.08055855855855856,0.37817417417417415,0.01132132132132132,0.0,0.00042042042042042044,0.003423423423423424,3.603603603603604e-05,0.14072072072072073,0.00012612612612612612
1428614380,0.2259159159159159,0.3290570570570571,0.029141141141141143,0.24781981981981985,0.02231831831831832,0.0,0.0014894894894894894,0.0036456456456456453,0.00013213213213213214,0.1396156156156156,0.0008648648648648649
1428622784,0.320059880239521,0.002377245508982036,0.19591616766467065,0.2579580838323353,0.03577245508982036,0.0034251497005988022,0.04252694610778443,0.0312874251497006,0.003,0.10368862275449102,0.00398802395209581
1428699474,0.11457057057057055,0.21282882882882884,0.03245045045045045,0.29344744744744744,0.049159159159159166,0.0,0.0005885885885885886,0.003357357357357357,0.0,0.29273873873873874,0.0008588588588588589
1429326778,0.03935735735735736,0.27587387387387385,0.2248048048048048,0.25177777777777777,0.019459459459459455,5.4054054054054054e-05,0.11431231231231233,0.0030510510510510513,0.00023423423423423422,0.06702702702702702,0.004048048048048049
1429327146,0.21617417417417414,0.11094294294294296,0.034096096096096096,0.32396996996997,0.04765165165165165,0.0,0.0006786786786786785,0.0037537537537537533,0.0,0.2621561561561562,0.0005765765765765766
1808089009,0.15166966966966966,0.02854054054054054,0.18992792792792795,0.08106906906906905,0.2521081081081081,0.007345345345345346,0.1567987987987988,0.07875675675675675,0.006036036036036036,0.02009009009009009,0.027657657657657656
1861196106,0.39014414414414417,0.012234234234234236,0.06823423423423423,0.3285945945945946,0.044294294294294295,0.0,6.006006006006007e-06,0.0014654654654654654,0.0,0.15502102102102105,6.006006006006007e-06
1861199892,0.10203003003003004,0.01721921921921922,0.1816936936936937,0.44459459459459455,0.03621021021021021,0.00042642642642642644,0.005975975975975976,0.00609009009009009,0.0,0.19428828828828829,0.011471471471471472
2056098764,0.18632,0.4850293333333333,0.088832,0.151664,0.010293333333333331,0.0007786666666666665,0.005866666666666666,0.000416,0.001930666666666667,0.04992,0.01894933333333333
2078747989,0.36308266666666666,5.8666666666666665e-05,0.17166933333333334,2.666666666666667e-05,0.00048,0.13078933333333334,1.0666666666666667e-05,4.266666666666666e-05,0.01981333333333333,0.0008906666666666666,0.313136
2129443949,0.01390933333333333,0.056517333333333336,0.36255466666666664,0.012624,0.002458666666666667,0.10202133333333334,0.12045333333333333,0.12689066666666668,0.06949333333333334,0.12086400000000001,0.012213333333333331
2177842235,3.2e-05,0.9199146666666665,0.00304,0.033408,0.0022293333333333327,0.00136,0.02064,0.012869333333333332,8e-05,0.001952,0.004474666666666667
2177843201,0.896848,0.00023466666666666666,0.039690666666666666,4.8e-05,0.002624,0.049349333333333335,7.466666666666666e-05,0.0021386666666666668,0.00648,5.8666666666666665e-05,0.002453333333333333
2177851937,0.2900426666666667,0.016474666666666662,0.15388800000000002,0.36106133333333335,0.08420266666666665,0.0,0.008352,0.012901333333333334,0.00018666666666666666,0.07284799999999998,4.266666666666666e-05
2177984271,0.09861866666666666,0.032266666666666666,0.19016,0.46912,0.07987733333333331,3.733333333333333e-05,0.006234666666666667,0.013429333333333331,0.00021333333333333333,0.1032,0.006842666666666667
2177988767,0.08525866666666665,0.013317333333333334,0.06516266666666666,0.610944,0.095136,0.0,0.02117866666666666,0.029744,0.0002453333333333333,0.07899733333333332,1.6e-05
2177993607,0.2649066666666667,0.003104,0.07955733333333331,0.2322613333333333,0.099392,1.0666666666666667e-05,0.005904,0.0018613333333333331,0.0003733333333333333,0.310352,0.0022773333333333326
2178005961,0.11666666666666667,0.08359466666666665,0.042693333333333326,0.536448,0.05183466666666666,0.0,0.01824533333333333,0.005664,0.0012693333333333333,0.14342933333333333,0.00015466666666666667
2178009779,0.19088,0.274048,0.07028266666666666,0.22861866666666664,0.065888,0.0,0.014378666666666666,0.005232,0.000896,0.148768,0.001008
2178021481,0.165024,0.03224,0.055445333333333326,0.6761013333333333,0.018122666666666662,4.266666666666666e-05,0.00896,0.02803733333333333,0.001648,0.013301333333333332,0.0010773333333333334
2178639350,0.286544,0.29063466666666665,0.11771733333333333,0.16941333333333333,0.03823466666666666,0.0,0.0062453333333333345,0.039408,0.004501333333333334,0.04729066666666666,1.0666666666666667e-05
2178640974,0.19774933333333333,0.248656,0.12131199999999999,0.22341333333333327,0.029216,4.8e-05,0.004192,0.03375466666666667,0.008613333333333334,0.133024,2.133333333333333e-05
2178785292,0.450832,0.11673066666666665,0.09379733333333333,0.014608,0.058096,0.0,0.0005333333333333334,0.000448,0.00018666666666666666,0.2639413333333333,0.0008266666666666666
2178789974,0.06840533333333333,0.001648,0.006608,0.5713973333333333,0.0032906666666666666,3.733333333333333e-05,0.007338666666666667,0.0005066666666666666,0.0011253333333333334,0.3396373333333333,5.333333333333334e-06
2178791446,0.05006933333333333,0.018085333333333328,0.006730666666666666,0.7033173333333333,0.02254933333333333,5.333333333333334e-06,0.0048,0.009573333333333331,0.000336,0.18405866666666668,0.0004746666666666666
2178794132,0.12372266666666665,0.18469333333333326,0.08915199999999998,0.3531093333333333,0.02723733333333333,6.933333333333333e-05,0.0061653333333333326,0.00456,0.0009493333333333332,0.21011733333333327,0.00022400000000000002
2372101423,0.4997578475336322,0.15627354260089685,0.1215560538116592,0.029928251121076232,0.03143497757847533,0.02042600896860986,0.009565022421524664,0.03939461883408072,0.03780269058295964,0.033753363228699554,0.020107623318385646
2372116625,0.2868284023668639,0.0,0.020065088757396446,0.2814497041420118,7.10059171597633e-05,0.0,0.002514792899408284,0.0,0.0,0.4090710059171597,0.0
2492112736,0.3038373493975904,0.0005240963855421688,0.24797590361445784,0.005421686746987953,0.003253012048192771,0.00013253012048192772,0.004939759036144578,0.0002710843373493976,0.0007650602409638553,0.3490120481927711,0.08386746987951807
2492113392,0.30248192771084337,0.2282349397590361,0.029518072289156625,0.08564457831325299,0.010463855421686749,0.016439759036144582,0.04522289156626506,0.05915060240963856,0.0050662650602409645,0.1936144578313253,0.02416265060240964
2548783943,0.16490666666666667,0.26798933333333336,0.002298666666666667,0.44192,0.043312,0.0,0.00011200000000000001,0.00034666666666666667,0.0,0.07907733333333332,3.733333333333333e-05
2548794557,0.108592,0.016224,0.059717333333333324,0.5491466666666666,0.053269333333333335,0.0,0.002416,0.0008693333333333333,0.00021866666666666668,0.20954666666666666,0.0
2548799221,0.13253333333333334,0.016741333333333334,0.059658666666666665,0.5705226666666666,0.03291733333333333,0.0,0.001888,0.0033013333333333328,4.266666666666666e-05,0.18239466666666668,0.0
2548817981,0.2304053333333333,0.25783466666666666,0.049936,0.21426666666666666,0.08973333333333333,6.933333333333333e-05,0.008122666666666667,0.0006666666666666666,0.00036266666666666663,0.145024,0.003578666666666666
2549540656,0.2785493333333333,0.5058293333333334,0.02095466666666667,0.07625066666666665,0.063408,8.533333333333334e-05,0.0030453333333333326,0.002208,0.000912,0.046928,0.0018293333333333332
2549546418,0.13031466666666666,5.8666666666666665e-05,0.36052266666666666,0.199984,0.10108266666666668,0.0,0.008138666666666667,0.0006986666666666666,5.333333333333334e-06,0.18872,0.010474666666666669
2549558326,0.200144,0.431328,0.003152,0.17837866666666666,0.08483733333333332,1.0666666666666667e-05,0.0013813333333333336,0.002490666666666666,9.066666666666667e-05,0.09808533333333333,0.00010133333333333332
2549593192,0.21407466666666666,0.06637866666666667,0.0018293333333333332,0.395728,0.055125333333333325,0.0,0.002016,0.004864,0.00019733333333333327,0.2597866666666667,0.0
2549597842,0.285072,0.143104,0.003082666666666667,0.18143466666666666,0.06716800000000002,2.666666666666667e-05,0.0003573333333333333,0.002688,0.0006826666666666667,0.31632,6.4e-05
2982903155,0.0947733333333333,0.059824,0.16741333333333333,0.5277066666666665,0.026736,0.0036426666666666664,0.019232,0.00224,0.0071253333333333325,0.08158933333333332,0.009717333333333331
2982903253,0.07864533333333333,0.024058666666666662,0.006293333333333333,0.5916533333333334,0.10468266666666666,0.01835733333333333,0.010314666666666666,0.03610666666666666,0.017296,0.104736,0.007856
2982903349,0.11661333333333332,0.13209066666666666,0.044277333333333335,0.6123626666666667,0.07977066666666667,0.0,0.0007626666666666668,0.0031893333333333326,0.0,0.010656,0.0002773333333333333
2982903439,0.2765813333333333,0.04578666666666667,0.10545066666666666,0.17941866666666667,0.085648,0.0,0.004917333333333334,0.006992,1.0666666666666667e-05,0.2888853333333333,0.006309333333333334
2983758892,0.3015573333333333,0.2511893333333333,0.015829333333333334,0.226096,0.06358933333333333,0.0,0.00015466666666666667,0.0013066666666666667,0.00016533333333333333,0.13994133333333333,0.00017066666666666668
2983759370,0.07972266666666665,0.008944,0.17002666666666666,0.4611253333333333,0.04911466666666666,0.0,0.032037333333333334,0.013333333333333334,5.8666666666666665e-05,0.177728,0.007909333333333334
2983759898,0.138176,0.05660266666666666,0.283264,0.13315733333333332,0.07285333333333335,5.333333333333334e-06,0.009568,0.004624,8e-05,0.2695146666666667,0.032154666666666665
2983760000,0.13787733333333332,0.029418666666666662,0.21541333333333332,0.19042666666666666,0.05592,0.0,0.007274666666666665,0.0038133333333333335,0.00011733333333333333,0.34780266666666665,0.011936
2983760098,0.14082133333333333,0.11417066666666667,0.032976,0.5836106666666667,0.060352,0.0,0.000608,0.004037333333333334,0.0,0.06309333333333333,0.00033066666666666666
3126115510,0.15866666666666668,0.0,0.07624822695035462,0.0,7.801418439716312e-05,0.3952978723404255,7.092198581560285e-06,7.092198581560285e-06,0.3517730496453901,0.00024113475177304965,0.017680851063829786
3127265065,0.1500709219858156,0.0,0.04856028368794326,0.0,8.510638297872341e-05,0.356354609929078,0.0,7.092198581560285e-06,0.4199858156028369,0.0,0.024936170212765958
3160445133,0.3865177304964538,0.066,0.07375886524822695,0.3516595744680851,0.01417730496453901,0.0,0.00149645390070922,0.00025531914893617015,0.0004397163120567376,0.10542553191489362,0.0002695035460992908
3160486773,0.4765957446808511,0.025078014184397163,0.032730496453900706,0.4385531914893617,0.020446808510638296,0.0,0.00023404255319148937,0.0006382978723404255,0.0,0.005723404255319149,0.0
3160497097,0.5142127659574468,0.07098581560283689,0.0589290780141844,0.2909432624113475,0.02073758865248227,0.0,0.0013049645390070927,0.0007801418439716311,7.092198581560285e-06,0.04209929078014185,0.0
3160589431,0.4039858156028369,0.037652482269503545,0.17434042553191487,0.3143758865248227,0.00124822695035461,0.020567375886524818,0.010234042553191491,0.0017234042553191488,0.005567375886524823,0.021354609929078013,0.008950354609929078
3160663901,0.2719078014184397,0.15631205673758866,0.09165248226950355,0.4115035460992908,0.008595744680851062,0.00024822695035460994,0.0018581560283687944,0.0015957446808510635,0.0002269503546099291,0.055780141843971634,0.00031914893617021275
3161360166,0.4870992907801418,0.02032624113475177,0.01278014184397163,0.42589361702127654,0.004354609929078013,0.0,0.0005390070921985817,0.0006950354609929077,2.127659574468085e-05,0.048290780141843966,0.0
3161412996,0.3794964539007093,0.06897872340425533,0.0515177304964539,0.4754893617021276,0.014843971631205675,0.0,0.00036170212765957447,0.00024113475177304965,2.127659574468085e-05,0.009049645390070922,0.0
3161449482,0.2786241134751773,0.11773049645390073,0.09273758865248227,0.2551205673758865,0.023411347517730496,0.026120567375886524,0.01970921985815603,0.001276595744680851,0.013624113475177306,0.1574609929078014,0.014184397163120569
3579356292,0.2723697916666667,0.00016666666666666666,0.2979739583333333,0.3357291666666667,0.022557291666666663,0.014828125,0.01697916666666667,0.02314583333333333,0.011890625,0.0038489583333333327,0.0005104166666666666
3599903709,0.07215204678362573,0.061005847953216376,0.08007017543859647,0.2451111111111111,0.17746198830409354,0.0006549707602339181,0.003684210526315789,0.0003976608187134503,0.0010643274853801169,0.3353216374269006,0.02307602339181286
3599904015,0.15845325779036828,0.06775070821529745,0.05925212464589235,0.2544759206798867,0.21780169971671387,0.04863456090651558,0.009949008498583569,0.00824929178470255,0.004407932011331445,0.15869121813031162,0.0123342776203966
3599904413,0.036164772727272726,0.005806818181818182,0.01090909090909091,0.21929545454545452,0.5003806818181818,0.12001136363636365,0.008914772727272726,0.0026818181818181815,0.0001818181818181818,0.08596590909090909,0.009687500000000002
3600714270,0.18535135135135136,0.3336516516516517,0.018348348348348347,0.30259459459459453,0.05290690690690691,0.014888888888888887,0.012792792792792792,0.004186186186186186,0.02141141141141141,0.04278078078078078,0.011087087087087086
3600714776,0.00019318181818181817,0.02657386363636364,0.028340909090909087,0.0363125,0.3612727272727273,0.04675,0.0035965909090909095,0.0,1.7045454545454543e-05,0.4670340909090909,0.029909090909090906
3600715214,0.1287245508982036,0.10733532934131736,0.07373652694610777,0.25096407185628744,0.04679041916167664,0.007580838323353294,0.0011856287425149699,8.383233532934131e-05,0.002437125748502994,0.3738023952095809,0.007359281437125747
3600715880,0.18771171171171167,0.0066906906906906895,0.019441441441441443,0.3743483483483484,0.00021621621621621621,0.0004924924924924925,0.0016216216216216215,7.207207207207206e-05,9.009009009009008e-05,0.408012012012012,0.0013033033033033033
4500230381,0.156592,0.169712,0.036453333333333324,0.343008,0.065168,0.002672,0.015738666666666668,0.027344,0.023514666666666663,0.14515733333333333,0.01464
4500254889,0.17168533333333333,0.4343093333333333,0.004298666666666667,0.22237866666666667,0.048624,5.333333333333334e-06,0.001930666666666667,0.010789333333333331,0.00011200000000000001,0.104528,0.0013386666666666664
4500261541,0.38145066666666666,0.157152,0.006837333333333332,0.377888,0.02610133333333333,2.133333333333333e-05,0.0017066666666666669,0.028736,0.003136,0.01672533333333333,0.0002453333333333333
4500267985,0.12580266666666667,0.26394666666666666,0.0036,0.5413973333333333,0.014149333333333331,5.333333333333334e-06,0.0028586666666666665,0.014544,0.0002666666666666667,0.032362666666666665,0.0010666666666666667
4500270931,0.096768,0.20370666666666667,0.01085866666666667,0.5746773333333334,0.0144,5.333333333333334e-06,0.010218666666666666,0.026122666666666662,0.001408,0.060752,0.0010826666666666669
4500281027,0.267456,0.417488,0.004442666666666667,0.100016,0.042138666666666665,0.0,2.666666666666667e-05,0.009301333333333332,0.00014933333333333332,0.15820266666666666,0.0007786666666666665
4500284439,0.2312106666666667,0.4742453333333334,0.0006186666666666666,0.149072,0.014810666666666666,0.0,5.333333333333334e-06,0.002464,1.0666666666666667e-05,0.127552,1.0666666666666667e-05
4500879888,0.37369066666666667,0.00013333333333333334,0.2756106666666667,0.0,0.002938666666666667,0.05671466666666665,0.0,0.047162666666666665,0.238416,0.0,0.005333333333333333
4500883066,0.330752,0.08848533333333332,0.13678933333333335,0.156272,0.21461866666666668,2.133333333333333e-05,1.0666666666666667e-05,0.025184,0.004325333333333333,0.03442666666666667,0.009114666666666665
4500886454,0.11474666666666665,0.39213866666666664,0.024816,0.20808533333333332,0.056384,0.00010666666666666668,0.0025866666666666672,0.011173333333333334,0.000528,0.18019733333333326,0.009237333333333332
4500892932,0.03984533333333334,0.3954933333333333,0.00022400000000000002,0.473152,0.022474666666666667,0.0,0.00018666666666666666,0.004789333333333333,0.00013866666666666666,0.06316266666666667,0.0005333333333333334
4500899156,0.245552,0.5327093333333334,0.009328,0.142832,0.01738666666666667,2.133333333333333e-05,0.000256,0.005573333333333333,0.0002613333333333333,0.04583466666666666,0.0002453333333333333
4500909144,0.152496,0.27637866666666666,0.04639466666666666,0.38066133333333335,0.07572266666666666,0.0008533333333333333,0.005744,0.0056,0.0017333333333333333,0.05274666666666666,0.0016693333333333336
4500912784,0.09614933333333331,0.28353066666666665,0.023488,0.3192586666666667,0.073936,0.0009973333333333331,0.0023786666666666665,0.013824,0.0008266666666666666,0.17373866666666668,0.011872
4500925666,0.212432,0.41662933333333335,0.023344,0.16150933333333334,0.06511466666666667,0.0012746666666666664,0.004848,0.017904,0.004666666666666667,0.08882133333333332,0.003456
4514773719,0.053735735735735736,0.028834834834834837,0.114012012012012,0.15606606606606607,0.2544924924924925,0.0006006006006006006,0.00046846846846846843,0.002600600600600601,0.00013213213213213214,0.14681681681681685,0.24224024024024024
4515411642,0.05814414414414415,0.04756756756756757,0.13914114114114115,0.24735735735735734,0.19521921921921925,0.00045645645645645645,0.0019579579579579575,0.008660660660660659,0.0004084084084084084,0.14548948948948948,0.1555975975975976
4635284819,0.3212693333333333,0.296064,0.004970666666666666,0.3153653333333333,0.060912,0.0,1.0666666666666667e-05,0.000416,0.0,0.000992,0.0
4635286539,0.20556266666666667,0.10918399999999999,0.004037333333333334,0.396896,0.11537066666666665,2.133333333333333e-05,0.0020906666666666665,0.0051733333333333345,0.0002453333333333333,0.15984533333333334,0.0015733333333333333
4635289199,0.2846933333333333,0.047392,0.0028533333333333327,0.2991733333333333,0.05236266666666666,0.0,0.00010666666666666668,0.0004586666666666666,2.666666666666667e-05,0.3126986666666667,0.00023466666666666666
4635291903,0.19910933333333333,0.236208,0.005397333333333333,0.2856533333333333,0.11453333333333332,0.0,0.0038133333333333335,0.005610666666666666,0.000384,0.14322666666666667,0.006064
4635292975,0.3408053333333333,0.093456,0.02352,0.4851466666666666,0.024656,0.0,1.0666666666666667e-05,0.001152,0.0,0.031253333333333334,0.0
4635293649,0.17710933333333334,0.008554666666666667,0.005418666666666665,0.7027573333333333,0.010730666666666666,1.6e-05,0.000496,0.00010666666666666668,0.0,0.09276266666666666,0.002048
4635890000,0.242992,0.10902933333333334,0.02222933333333333,0.6030666666666666,0.021088,0.0,2.666666666666667e-05,0.0009546666666666668,0.0,0.0006133333333333334,0.0
4635892272,0.2853333333333333,0.18710933333333327,0.00992,0.30111466666666664,0.00648,0.001744,0.004522666666666667,0.00152,3.2e-05,0.195776,0.006448
4635892626,0.14067733333333332,0.212304,0.003258666666666667,0.3471253333333333,0.16026666666666667,2.666666666666667e-05,0.0016533333333333333,0.0050293333333333344,0.000336,0.128624,0.0006986666666666666
4635894400,0.2392213333333333,0.034304,0.0061386666666666655,0.3929973333333333,0.12347733333333333,0.0,0.0012586666666666664,0.008165333333333333,0.0008426666666666667,0.19275733333333334,0.0008373333333333334
4635895062,0.20594133333333334,0.082176,0.005632,0.33465066666666665,0.13309866666666667,1.6e-05,0.0010613333333333334,0.003328,0.0005226666666666666,0.233168,0.0004053333333333333
4635896462,0.270224,4.266666666666666e-05,0.2430613333333333,0.2737386666666667,0.02330133333333333,0.0017546666666666667,0.011893333333333334,0.005722666666666666,0.003546666666666667,0.16548800000000002,0.0012266666666666667
4635896774,0.17576533333333333,0.007690666666666666,0.004416,0.6426186666666666,0.020266666666666662,0.0,0.0011413333333333336,0.001248,0.0,0.146624,0.0002293333333333333
4635897572,0.617184,0.057072,0.01696,0.063616,0.011637333333333331,0.0,0.0047093333333333345,0.0009066666666666666,0.00018133333333333331,0.22388266666666667,0.0038506666666666663
4635897960,0.342176,0.001466666666666667,0.00013866666666666666,0.434608,0.007504,0.0,0.00043733333333333336,0.00018666666666666666,0.0,0.213184,0.00029866666666666664
4636373298,0.08598484848484847,0.0,0.5030681818181818,0.0020909090909090908,0.001840909090909091,0.06717424242424243,0.02125757575757576,0.0002272727272727273,0.00035606060606060605,0.13437878787878788,0.18362121212121213
4650156771,0.13126126126126125,0.003933933933933934,0.3708948948948949,0.4023903903903904,0.03132132132132132,0.0,0.004,0.015753753753753753,0.0,0.014942942942942943,0.025501501501501503
4650183745,0.18571171171171166,0.07209009009009007,0.06568768768768769,0.18127327327327328,0.2558858858858859,0.02097897897897898,0.09093093093093091,0.02037237237237237,0.016546546546546546,0.08129129129129127,0.009231231231231232
4650275407,0.11536936936936935,0.016438438438438438,0.02484084084084084,0.3232072072072072,0.00806006006006006,0.00012612612612612612,0.029759759759759762,0.00554954954954955,1.8018018018018016e-05,0.4756456456456457,0.000984984984984985
4650277985,0.2584924924924925,0.017249249249249254,0.5242762762762762,0.03497297297297297,0.02759159159159159,0.01983183183183183,0.028294294294294295,0.007087087087087087,0.0281981981981982,0.035291291291291285,0.018714714714714715
4650289561,0.02036636636636636,0.0,0.5605585585585585,0.3748588588588588,0.00043843843843843837,0.03977177177177177,0.00016216216216216215,1.8018018018018016e-05,9.009009009009008e-05,0.00014414414414414415,0.003591591591591592
4650294043,0.19500300300300294,0.0,0.6054054054054054,0.022174174174174173,0.0005765765765765766,0.17184384384384385,0.0010630630630630632,2.4024024024024028e-05,0.001987987987987988,0.0,0.0019219219219219214
4650302883,0.013255255255255257,0.040654654654654655,0.6301141141141141,0.1994894894894895,0.05492492492492493,1.8018018018018016e-05,0.009471471471471472,0.0010570570570570571,0.0007807807807807806,0.04406606606606606,0.0061681681681681685
4650317765,0.07054054054054056,0.15488288288288288,0.05505705705705706,0.7097297297297297,0.009507507507507508,0.0,1.8018018018018016e-05,0.0002042042042042042,0.0,6.006006006006006e-05,0.0
4650777700,0.1891711711711712,0.0002882882882882883,0.5,0.2404084084084084,0.030924924924924924,2.4024024024024028e-05,0.011657657657657658,0.0036756756756756758,5.4054054054054054e-05,0.012102102102102105,0.011693693693693694
4650828018,0.09846246246246244,0.1148048048048048,0.01963963963963964,0.1849369369369369,0.17545945945945945,9.009009009009008e-05,0.024648648648648647,0.011747747747747748,0.0010030030030030027,0.3567447447447448,0.012462462462462465
4650844346,0.13305705705705706,0.3281561561561562,0.06500300300300302,0.35224624624624623,0.02600600600600601,0.0014414414414414415,0.02666666666666667,0.02300900900900901,0.00221021021021021,0.02590990990990991,0.016294294294294298
4650852656,0.052102102102102095,0.001051051051051051,0.11284084084084085,0.718018018018018,0.03138738738738739,0.00027627627627627627,0.028660660660660656,0.010078078078078078,0.0016576576576576574,0.0343963963963964,0.009531531531531532
4650900590,0.080006006006006,0.00018018018018018016,0.15604204204204206,0.7127147147147147,0.004048048048048049,0.0,0.0023303303303303306,0.00030630630630630633,0.00018018018018018016,0.04395195195195195,0.00024024024024024023
4650903186,0.3230870870870871,3.003003003003003e-05,0.04634234234234234,0.6001441441441442,0.019051051051051048,0.0,0.0017177177177177176,0.0006126126126126127,8.408408408408409e-05,0.008552552552552552,0.0003783783783783784
4650951362,0.10034834834834837,0.07562162162162162,0.022018018018018014,0.13733333333333336,0.1996996996996997,0.0005285285285285286,0.024882882882882883,0.01603603603603604,0.0031951951951951947,0.36218018018018017,0.058156156156156165
4702121243,0.27663466666666664,0.2633173333333333,0.01817066666666667,0.11102933333333333,0.2310346666666667,0.00010666666666666668,0.000656,0.0009333333333333332,0.00031466666666666665,0.09689066666666665,0.000912
4702122163,0.18353271028037385,0.2721433021806853,0.0192398753894081,0.18285981308411212,0.1731214953271028,1.869158878504673e-05,0.0005607476635514019,0.0038130841121495327,0.0014517133956386296,0.1631152647975078,0.00014330218068535827
4702122807,0.3409608540925267,0.13472597864768684,0.042113879003558716,0.1453523131672598,0.15039857651245553,0.00013523131672597865,0.0012526690391459075,0.0015231316725978648,0.000804270462633452,0.18196441281138787,0.0007686832740213523
4702756294,0.3091413333333333,0.32975466666666664,0.036629333333333326,0.12322133333333335,0.062293333333333326,7.466666666666666e-05,0.0013066666666666667,0.003061333333333333,0.014453333333333334,0.118608,0.001456
4702788468,0.18812328767123287,0.07986986301369862,0.01563698630136986,0.2649109589041096,0.3076164383561644,0.00016438356164383562,0.00163013698630137,0.0016369863013698633,0.00042465753424657536,0.1396164383561644,0.00036986301369863007
4738035332,0.09830409356725145,0.08977777777777778,0.1731111111111111,0.3249239766081871,0.14018713450292394,0.016888888888888887,0.01726315789473684,0.00104093567251462,0.0011345029239766082,0.08636257309941521,0.05100584795321637
4760826277,0.09697897897897896,0.0,0.5126846846846846,0.1714834834834835,0.0065405405405405395,0.12107507507507508,0.0,6.006006006006007e-06,7.207207207207206e-05,0.0,0.09115915915915916
4760826641,0.33667313915857605,0.0,0.0,0.6187508090614887,0.0,0.0,0.0,0.0,0.0,0.04457605177993528,0.0
4760827205,0.5183603603603604,0.0,0.0,0.2803483483483484,0.0,0.0,0.0,0.0,0.0,0.20129129129129128,0.0
4760827501,0.35231831831831834,0.0,0.0,0.12973573573573574,0.0,0.0,0.0,0.0,0.0,0.5179459459459459,0.0
4760827875,0.4205105105105105,0.0,0.0,0.325003003003003,0.0,0.0,0.0,0.0,0.0,0.2544864864864865,0.0
4760828391,0.2701921921921922,0.0,0.2328168168168168,0.2616936936936937,0.009801801801801801,0.05972972972972972,0.0007327327327327326,6.006006006006007e-06,0.004324324324324325,0.023183183183183183,0.13751951951951952
4760828679,0.32702102102102104,0.07687687687687686,0.1746006006006006,0.2187927927927928,0.001915915915915916,0.04398198198198199,0.004192192192192192,1.2012012012012014e-05,0.003009009009009009,0.11302102102102103,0.03657657657657658
4760829137,0.283945945945946,0.037717717717717716,0.2816936936936937,0.09656456456456457,0.0009129129129129127,0.04733933933933934,0.007801801801801802,3.603603603603604e-05,0.0022582582582582576,0.22696096096096094,0.014768768768768769
4760829367,0.161981981981982,0.3631171171171171,0.00018618618618618615,0.030174174174174177,0.0,0.0,0.03556156156156156,0.06784984984984985,0.0,0.3411231231231231,6.006006006006007e-06
4761460388,0.24082882882882886,0.0,0.0,0.4713393393393394,0.0,0.0,0.0,0.0,0.0,0.2878318318318318,0.0
4769080240,0.003850746268656717,0.5013074626865671,0.02217313432835821,0.2740597014925373,0.01620298507462687,0.000925373134328358,0.0014149253731343286,1.1940298507462685e-05,3.582089552238807e-05,0.17071641791044775,0.009301492537313431
487241138,0.4995466666666666,0.043045333333333324,0.020992,0.16863466666666665,0.013888,0.0,0.000432,0.0037653333333333328,0.00010666666666666668,0.249568,2.133333333333333e-05
487275790,0.067776,0.3725973333333333,0.1676,0.128368,0.19159466666666666,6.933333333333333e-05,0.005258666666666666,0.0004426666666666666,0.0007626666666666668,0.0016373333333333333,0.06389333333333333
487334435,0.07236266666666667,0.130112,0.040848,0.3648213333333333,0.213568,4.8e-05,0.003098666666666667,0.00022400000000000002,0.00032,0.129664,0.044933333333333325
487509630,0.26586666666666664,0.006090666666666667,0.016405333333333334,0.43756266666666666,0.016341333333333333,6.4e-05,0.0007839999999999998,0.004026666666666665,0.0017120000000000002,0.2509173333333333,0.0002293333333333333
487608986,0.567664,0.004501333333333334,0.21195733333333333,0.0022613333333333326,0.027296,0.00036266666666666663,0.0004533333333333333,0.00168,0.0003573333333333333,0.004469333333333333,0.17899733333333334
487613500,0.6798453333333333,0.001024,0.269248,0.00046399999999999995,0.016325333333333334,0.00926933333333333,9.066666666666667e-05,0.0004586666666666666,0.00017066666666666668,0.0007839999999999998,0.02232
487637593,0.4720853333333334,0.0021653333333333333,0.26125866666666664,0.0026986666666666665,0.02899733333333333,0.002208,0.000352,0.0010453333333333332,0.0004906666666666667,0.013914666666666669,0.214784
487638965,0.34263466666666664,0.0,0.5732,0.0,0.024938666666666668,0.017296,4.8e-05,4.8e-05,0.00013333333333333334,0.00016,0.041541333333333326
487643341,0.15901866666666667,0.0,0.489568,0.0,0.003605333333333333,0.089296,0.0,0.000176,0.000384,0.0,0.257952
487649798,0.10286400000000001,0.0004426666666666666,0.4638346666666666,0.3311253333333333,0.02448533333333333,0.007936,0.002576,0.004,0.00016533333333333333,0.004256,0.05831466666666666
487658962,0.2452213333333333,0.0011466666666666667,0.2818506666666667,0.00019733333333333327,0.005333333333333333,0.036688,7.466666666666666e-05,7.466666666666666e-05,0.00017066666666666668,0.0008746666666666667,0.428368
487666298,0.18455466666666667,0.0,0.2682826666666667,0.0,0.006746666666666666,0.014176,0.0,5.333333333333333e-05,0.00013866666666666666,0.0,0.526048
487688433,0.28564266666666666,0.0,0.2462773333333333,1.0666666666666667e-05,0.00896,0.017189333333333334,1.0666666666666667e-05,0.0002506666666666667,0.000528,0.0002666666666666667,0.440864
487692023,0.154224,0.0,0.3360586666666667,0.0,0.008709333333333331,0.029983999999999997,0.0,5.8666666666666665e-05,0.00021866666666666668,0.0,0.4707466666666666
487693101,0.07510933333333332,0.0,0.2693333333333333,0.0,0.0017333333333333333,0.073744,0.0,0.00015466666666666667,0.00033066666666666666,0.0,0.5795946666666667
5109414335,0.2784853333333333,0.018554666666666667,0.010853333333333331,0.2338613333333333,0.080016,1.0666666666666667e-05,0.0003573333333333333,0.002352,0.004176,0.37050133333333335,0.0008319999999999998
5109416237,0.2799893333333333,0.02289066666666667,0.014725333333333332,0.355712,0.08905066666666665,0.0,0.00023466666666666666,0.0022346666666666665,0.006944,0.2277706666666667,0.000448
5109420685,0.195584,0.654016,0.0010186666666666666,0.14638933333333334,0.0028853333333333326,0.0,0.0,4.266666666666666e-05,0.0,6.4e-05,0.0
5109561257,0.26669866666666664,0.022506666666666668,0.04969066666666666,0.34247466666666665,0.019434666666666663,0.00013333333333333334,0.003904,0.0003253333333333333,0.0014186666666666664,0.29341333333333336,0.0
5109583657,0.293504,0.2983306666666667,0.007104,0.3903573333333333,0.008224,5.333333333333334e-06,5.333333333333333e-05,0.00013333333333333334,1.6e-05,0.0022666666666666673,5.333333333333334e-06
5109590703,0.17205333333333336,0.3571733333333333,0.01843733333333333,0.2957493333333333,0.013290666666666666,0.0,0.00023466666666666666,0.0011573333333333331,0.013775999999999998,0.12810133333333334,2.666666666666667e-05
5110017396,0.2902293333333333,0.01946133333333333,0.015184,0.383056,0.08227733333333331,0.0,0.00010666666666666668,0.002704,0.010992,0.194672,0.0013173333333333331
5110019082,0.2374133333333333,0.02914133333333333,0.01126933333333333,0.3548,0.09629333333333331,0.0,0.00012266666666666668,0.001568,0.00912,0.2592426666666667,0.0010293333333333333
5110021878,0.2454613333333333,0.0054613333333333345,0.018554666666666667,0.6781226666666667,0.006528,0.0,8.533333333333334e-05,0.008864,0.035397333333333336,0.0015253333333333336,0.0
5110023680,0.3286933333333333,0.001941333333333333,0.011418666666666669,0.5758453333333333,0.004576,0.0,0.00312,0.000256,0.0,0.07414933333333333,0.0
5110026998,0.2269973333333333,0.18900266666666668,0.004037333333333334,0.3917386666666666,0.0027146666666666673,0.0,1.6e-05,0.0036,0.012538666666666668,0.16935466666666665,0.0
5110028554,0.18256533333333333,0.171552,0.003077333333333333,0.3410133333333333,0.002965333333333333,0.0,7.466666666666666e-05,0.001168,0.006773333333333334,0.29081066666666666,0.0
5110162700,0.157152,0.0003733333333333333,0.02881066666666666,0.748048,0.008682666666666665,0.0041066666666666665,0.017637333333333338,0.00043733333333333336,0.01,0.024752,0.0
5110169706,0.244592,0.17575466666666667,0.019978666666666662,0.476048,0.010506666666666666,0.0,0.0026773333333333328,0.005082666666666666,0.004218666666666667,0.061141333333333325,0.0
5110192818,0.173968,6.4e-05,0.02080533333333333,0.7959413333333331,0.0068533333333333345,0.0,2.666666666666667e-05,0.00144,0.0,0.0009013333333333332,0.0
534510578,0.18753066666666668,0.017072,0.06480533333333334,0.2721013333333333,0.2360373333333333,5.333333333333333e-05,0.03433066666666667,0.02978133333333333,0.0005813333333333333,0.15430933333333333,0.003397333333333333
534636361,0.112848,0.07854933333333332,0.04792,0.16186666666666666,0.23052266666666665,0.000256,0.04178133333333333,0.011941333333333332,0.0008586666666666666,0.2962826666666667,0.017173333333333332
534636363,0.16173866666666667,0.07605866666666665,0.034176,0.17685333333333333,0.304704,5.333333333333334e-06,0.051728,0.009610666666666665,0.0006506666666666666,0.17224,0.012234666666666666
5408453349,0.036714714714714713,0.5631711711711712,0.09591591591591593,0.02045045045045045,0.033723723723723724,0.0,8.408408408408409e-05,0.00042042042042042044,1.2012012012012014e-05,0.04226426426426426,0.20724324324324325
5642396911,0.2761066666666667,0.3157653333333333,0.05210666666666666,0.10614933333333333,0.19595733333333332,5.333333333333334e-06,0.00096,0.00088,0.00019733333333333327,0.038293333333333325,0.013578666666666666
5642397251,0.3057508896797153,0.19687544483985764,0.03868327402135231,0.16741637010676155,0.2401494661921708,4.270462633451957e-05,0.000811387900355872,0.0021423487544483984,2.8469750889679717e-05,0.04177935943060498,0.006320284697508897
5642967706,0.3164373333333333,0.18177066666666666,0.02338666666666667,0.11578133333333332,0.31673066666666666,2.133333333333333e-05,0.00022400000000000002,0.0007839999999999998,5.333333333333333e-05,0.024138666666666662,0.020672
6092892474,0.20393066666666668,0.2427413333333333,0.07680533333333332,0.091408,0.13958933333333334,1.6e-05,0.007136,0.008704,0.0004426666666666666,0.22749866666666665,0.001728
6955807024,0.2243543543543544,0.32505705705705706,0.10345945945945946,0.1552972972972973,0.08984984984984985,0.0009729729729729728,0.003309309309309309,0.004426426426426426,0.0014294294294294296,0.029615615615615612,0.06222822822822824
6955954692,0.1025045045045045,0.15603603603603602,0.052366366366366365,0.4489249249249249,0.017285285285285286,0.0,0.002678678678678679,0.0030510510510510513,0.0001021021021021021,0.21703903903903904,1.2012012012012014e-05
6955958934,0.15592192192192192,0.004858858858858858,0.08535135135135136,0.29837237237237235,0.013195195195195195,0.0,0.010054054054054054,0.0011591591591591593,3.003003003003003e-05,0.430948948948949,0.00010810810810810812
7102027213,0.16806006006006005,0.005273273273273272,0.08369369369369371,0.285015015015015,0.012954954954954957,0.0,0.014750750750750753,0.0004924924924924925,0.00021021021021021022,0.4292912912912913,0.00025825825825825824
7102031927,0.2782942942942943,0.35142942942942945,0.08819819819819821,0.14795795795795794,0.06645645645645645,0.0004984984984984984,0.0035375375375375365,0.002504504504504505,0.004180180180180179,0.028528528528528524,0.02841441441441441
7354538864,0.014942148760330582,0.08512396694214874,0.16334986225895318,0.12711845730027546,0.20195592286501374,0.004898071625344352,0.06259504132231405,0.050077134986225895,0.04793388429752066,0.2413223140495868,0.0006831955922865014
7943346658,0.06671176470588236,0.1062235294117647,0.10882352941176472,0.2548470588235294,0.1761529411764706,0.001488235294117647,0.028505882352941176,0.045476470588235285,0.05716470588235295,0.1546,5.882352941176471e-06
7948664278,0.03820178041543026,0.25719881305637987,0.06363204747774481,0.04175667655786351,0.1076439169139466,0.009471810089020772,0.04994065281899109,0.15850445103857566,0.02713353115727003,0.2381364985163205,0.008379821958456973
7969115056,0.05366381766381766,0.16614245014245013,0.10764102564102564,0.34111680911680914,0.1227065527065527,0.0012136752136752134,0.04489458689458689,0.03945868945868946,0.11870655270655273,0.0044558404558404565,0.0
7969160832,0.12754954954954956,0.15286486486486486,0.10974174174174174,0.1581201201201201,0.20336336336336336,0.0004624624624624624,0.03318318318318318,0.10108708708708708,0.07723723723723724,0.036390390390390395,0.0
7970026090,0.004180790960451978,0.1616327683615819,0.05857062146892656,0.09328248587570621,0.15777966101694915,0.01871186440677966,0.15896045197740113,0.0006101694915254236,0.07070056497175141,0.2754915254237288,7.909604519774011e-05
7978948686,0.017056451612903225,0.01722983870967742,0.07090725806451613,0.04945564516129032,0.15495564516129032,0.019245967741935485,0.07966532258064515,0.0006088709677419355,0.03448790322580645,0.5447298387096774,0.011657258064516129
7978950805,0.08407558139534883,0.08988953488372092,0.13712790697674418,0.15978488372093022,0.2631918604651163,0.006063953488372093,0.05173837209302325,0.007558139534883722,0.18438372093023256,0.015982558139534885,0.0002034883720930233
7979783298,0.13284457478005865,0.14519061583577714,0.1420234604105572,0.09734310850439881,0.2304398826979472,0.006750733137829912,0.04706744868035191,0.0065747800586510256,0.08423460410557183,0.10685630498533724,0.0006744868035190616
7979791238,0.020353982300884955,0.07812979351032448,0.1143952802359882,0.06550442477876105,0.23114454277286134,0.03261946902654868,0.12690265486725666,0.0005486725663716814,0.10983480825958702,0.21941592920353986,0.001150442477876106
7979796403,0.05584771573604061,0.012182741116751269,0.17241624365482233,0.2229086294416244,0.35691370558375635,0.009538071065989848,0.03140101522842639,0.0006294416243654823,0.10452791878172588,0.031624365482233505,0.0020101522842639595
7979801351,0.09093175074183976,0.2745637982195845,0.0472106824925816,0.15864688427299706,0.11188724035608308,0.007353115727002966,0.04251038575667656,0.023537091988130563,0.11491394658753708,0.12832047477744807,0.00012462908011869436
7979807123,0.043471264367816086,0.213632183908046,0.07187931034482758,0.0450919540229885,0.193132183908046,0.030275862068965518,0.08929885057471264,0.003988505747126437,0.07054022988505747,0.2374367816091954,0.0012528735632183908
7979813277,0.0566840579710145,0.046950724637681164,0.19874202898550725,0.061692753623188414,0.3537217391304348,0.01136231884057971,0.020388405797101446,0.04803478260869565,0.09768695652173914,0.08736231884057971,0.01737391304347826
7982316941,0.07231609195402297,0.04820114942528736,0.12436206896551726,0.2035632183908046,0.20553448275862068,0.0022183908045977007,0.04397701149425288,0.009844827586206896,0.03231609195402299,0.2570862068965517,0.0005804597701149425
8021565580,0.10514133333333334,0.03525866666666667,0.03184,0.325376,0.21472,0.0,8e-05,0.0007413333333333333,0.00014933333333333332,0.28647466666666666,0.00021866666666666668
8108861827,0.2472853333333333,0.044512,0.05259199999999999,0.14525866666666667,0.179904,0.0,0.000432,0.0002453333333333333,8.533333333333334e-05,0.3291146666666667,0.0005706666666666668
8207582553,0.2634666666666667,5.333333333333334e-06,0.21196266666666666,2.133333333333333e-05,0.0007786666666666665,0.3358506666666667,0.00020266666666666667,0.0002826666666666667,0.048944,0.002144,0.13634133333333334
8207582957,0.02112,0.0,0.06398933333333333,0.0,0.0,0.7607946666666666,0.0,0.0,0.04489066666666666,0.0,0.10920533333333332
8207583119,0.27552,1.6e-05,0.2570613333333333,0.004938666666666666,0.010885333333333334,0.0032,0.0017333333333333333,0.001008,0.0006026666666666667,0.047578666666666665,0.397456
8207583449,0.14598933333333333,1.6e-05,0.6927413333333333,1.6e-05,0.0022026666666666666,0.0,0.0,0.002016,4.266666666666666e-05,0.0,0.156976
8207583813,0.6418506666666666,0.000256,0.21228266666666668,0.000192,0.006133333333333334,0.00046399999999999995,0.00015466666666666667,0.0006666666666666666,0.0025386666666666665,0.0007146666666666666,0.13474666666666665
8207583991,0.584048,0.0011306666666666668,0.198768,0.0009866666666666667,0.06602666666666665,0.00020266666666666667,0.0006773333333333333,0.0017493333333333336,0.0018293333333333332,0.004042666666666667,0.14053866666666667
8207584161,0.290304,0.00017066666666666668,0.4827733333333333,0.0008373333333333334,0.029168,0.056890666666666666,0.00368,0.0003413333333333333,0.02621333333333333,0.005088,0.10453333333333334
8208673480,0.4523466666666666,5.333333333333334e-06,0.07373866666666665,3.733333333333333e-05,0.00011200000000000001,0.345792,0.0003573333333333333,0.00011200000000000001,0.025936,0.0013653333333333336,0.10019733333333332
8208673982,0.3085226666666667,0.001296,0.205248,0.008128,0.004362666666666667,0.012245333333333334,0.003696,0.00264,0.00472,0.005978666666666666,0.44316266666666665
8208674316,0.11677333333333335,1.0666666666666667e-05,0.8109493333333333,3.2e-05,0.001376,0.0,0.0,0.003408,1.0666666666666667e-05,0.0,0.06744
8239290674,0.466896,0.0004533333333333333,0.2844373333333333,0.001136,0.010192,0.0044266666666666656,0.0002506666666666667,0.0004586666666666666,0.00037866666666666664,0.0005706666666666668,0.2308
8247196215,0.03423423423423423,0.004990990990990992,0.15897897897897895,0.7502822822822822,0.00016216216216216215,4.204204204204204e-05,0.029945945945945945,3.003003003003003e-05,6.006006006006006e-05,0.021231231231231232,4.204204204204204e-05
8314752968,0.6884518072289157,0.0,0.0,0.23281325301204814,0.0,0.0,0.0,0.0,0.0,0.07873493975903614,0.0
8314754328,0.5689578313253012,0.0,0.0,0.26563253012048194,0.0,0.0,0.0,0.0,0.0,0.16540963855421684,0.0
8314754994,0.5728493975903615,0.0,0.0,0.2429457831325301,0.0,0.0,0.0,0.0,0.0,0.18420481927710844,0.0
8372890201,0.1935975975975976,0.009279279279279282,0.02888288288288288,0.5026006006006006,0.01960960960960961,0.0,0.001009009009009009,0.0016096096096096097,0.0002702702702702703,0.24224624624624624,0.0008948948948948948
8372892473,0.2005105105105105,0.12132132132132133,0.013945945945945946,0.45603003003003,0.037327327327327325,0.0001021021021021021,0.0010450450450450448,0.0043543543543543535,0.0005885885885885886,0.16381381381381382,0.0009609609609609607
8372895075,0.18272672672672674,0.0022942942942942943,0.026186186186186185,0.6114954954954955,0.006456456456456456,0.0,0.004996996996996997,0.0011411411411411411,1.2012012012012014e-05,0.1646906906906907,0.0
8372898521,0.2549369369369369,0.03259459459459459,0.04097897897897898,0.3661381381381381,0.006354354354354354,0.0,0.010354354354354356,0.00975975975975976,9.609609609609608e-05,0.2787867867867868,0.0
8372902693,0.2051591591591592,0.003501501501501501,0.02653453453453453,0.6262522522522522,0.0076636636636636625,0.0,0.007753753753753755,0.0008228228228228228,1.2012012012012014e-05,0.12228228228228227,1.8018018018018016e-05
8372909199,0.10763363363363364,0.00221021021021021,0.032414414414414415,0.8288948948948947,0.007147147147147147,0.0,0.0025645645645645644,0.0006066066066066065,1.2012012012012014e-05,0.018516516516516517,0.0
8372916849,0.11649249249249248,0.005567567567567568,0.03186786786786787,0.5616636636636637,0.005177177177177177,0.0,0.001951951951951952,0.001051051051051051,0.0,0.27622822822822823,0.0
8372935057,0.0616936936936937,0.033063063063063065,0.031303303303303304,0.13053453453453456,0.4623723723723724,3.603603603603604e-05,0.009573573573573574,0.007363363363363362,0.0002042042042042042,0.2267027027027027,0.03715315315315315
8372943371,0.1855075075075075,0.4823123123123123,0.06088888888888889,0.10974174174174174,0.03951951951951952,0.00025225225225225225,0.007495495495495494,0.0076636636636636625,0.0023903903903903906,0.10284084084084084,0.0013873873873873875
8373978560,0.13401801801801802,0.15306306306306305,0.09902702702702702,0.3056096096096096,0.008414414414414415,0.0,0.00196996996996997,0.0015375375375375375,1.2012012012012014e-05,0.2963363363363363,1.2012012012012014e-05
8373983796,0.11390990990990993,0.005525525525525526,0.03788588588588589,0.6618258258258258,0.008096096096096099,0.0,0.011087087087087086,0.0014654654654654654,4.204204204204204e-05,0.16016216216216214,0.0
8373986714,0.17718318318318318,0.012054054054054054,0.13614414414414416,0.4125885885885886,0.010174174174174173,0.0,0.0012972972972972972,0.0023903903903903906,1.2012012012012014e-05,0.2478738738738739,0.0002822822822822822
8373991722,0.07085285285285285,0.0008588588588588589,0.002168168168168168,0.8936276276276276,0.0005945945945945945,0.0,0.0023903903903903906,0.0008348348348348348,0.0,0.028672672672672674,0.0
8374000518,0.13181381381381382,0.043405405405405405,0.013975975975975977,0.7100660660660661,0.008378378378378378,0.0,0.002156156156156157,0.006966966966966967,6.006006006006007e-06,0.08312312312312313,0.00010810810810810812
8374013216,0.2282162162162162,0.22248648648648647,0.025285285285285286,0.36864264264264257,0.030018018018018018,1.2012012012012014e-05,0.0017057057057057055,0.0056996996996997,0.00409009009009009,0.10747147147147147,0.006372372372372373
8997877055,0.06166366366366367,0.004018018018018018,0.28496096096096096,0.0008528528528528529,0.0008108108108108108,0.4891711711711712,0.005837837837837838,0.0335975975975976,0.02762762762762763,0.021657657657657658,0.0698018018018018
9035177083,0.09178978978978977,0.04244444444444445,0.03442042042042042,0.3132852852852853,0.2578618618618619,2.4024024024024028e-05,0.003993993993993993,0.004192192192192192,0.0006666666666666666,0.249957957957958,0.0013633633633633633
9035190459,0.11527927927927928,0.0795975975975976,0.18445045045045044,0.5078318318318318,0.04343543543543543,0.0009609609609609607,0.0075615615615615625,0.005423423423423422,0.003105105105105105,0.047705705705705696,0.0046486486486486496
9037390000,0.1496936936936937,0.049813813813813806,0.08932732732732733,0.2497897897897898,0.19113513513513514,0.0004984984984984984,0.007903903903903902,0.006906906906906907,0.0011531531531531532,0.2467987987987988,0.006978978978978978
9037392252,0.14324324324324325,0.011657657657657658,0.10167567567567568,0.4093213213213213,0.18031231231231232,0.00024024024024024023,0.0024804804804804807,0.002570570570570571,0.0010450450450450448,0.14646846846846848,0.000984984984984985
9037424112,0.18448048048048046,0.02251051051051051,0.08264264264264262,0.44941141141141133,0.09254654654654657,7.207207207207206e-05,0.0010810810810810813,0.0011231231231231232,0.0011591591591591593,0.16463663663663666,0.0003363363363363364
9037431690,0.12166366366366364,0.03366966966966966,0.08216816816816817,0.3602102102102102,0.19327927927927926,3.003003003003003e-05,0.0010810810810810813,0.0013633633633633633,0.00042042042042042044,0.20536936936936934,0.0007447447447447447
9040624435,0.10693693693693694,0.0570990990990991,0.07729729729729731,0.2887147147147147,0.05847447447447447,4.8048048048048055e-05,0.002588588588588589,0.0023963963963963965,0.0003603603603603604,0.4053933933933935,0.0006906906906906907
9040628097,0.1609009009009009,0.06123123123123124,0.19242642642642646,0.2765645645645646,0.13206006006006005,0.00027627627627627627,0.004468468468468469,0.004336336336336336,0.004936936936936936,0.14648648648648646,0.016312312312312314
9040630137,0.18414414414414412,0.023447447447447447,0.12171171171171173,0.27183183183183185,0.1344984984984985,0.00019219219219219217,0.0045405405405405394,0.004702702702702703,0.0037297297297297295,0.2411951951951952,0.010006006006006006
9042841404,0.1404270462633452,0.015103202846975087,0.08276156583629891,0.3556227758007117,0.21066192170818504,5.6939501779359435e-05,0.0057508896797153035,0.002512455516014235,0.0022348754448398575,0.1834306049822064,0.0014377224199288257
9042848062,0.10033633633633632,0.08493693693693692,0.08770570570570571,0.3743003003003003,0.061267267267267264,0.00021021021021021022,0.008054054054054054,0.005891891891891893,0.0011051051051051053,0.27335135135135136,0.002840840840840841
9042919527,0.6128888888888889,0.07196396396396397,0.13774774774774776,0.0578918918918919,0.02311111111111111,0.010594594594594595,0.0158978978978979,0.026072072072072072,0.014924924924924926,0.02082882882882883,0.008078078078078076
9045137136,0.14609009009009008,0.00014414414414414415,0.40413813813813815,0.4198798798798799,0.014636636636636637,0.0015135135135135136,0.00024024024024024023,0.0004084084084084084,0.00015615615615615616,0.0061381381381381385,0.006654654654654655
9045172142,0.11165765765765766,0.027921921921921927,0.04769969969969969,0.759081081081081,0.04816216216216216,0.0,0.0012012012012012011,0.0025945945945945945,0.0002822822822822822,0.0013513513513513516,4.8048048048048055e-05
9159992325,0.00020588235294117648,0.0,0.25960294117647054,0.01663235294117647,0.0,0.0008823529411764705,0.33791911764705884,0.002816176470588235,0.0012352941176470588,0.3668235294117647,0.013882352941176472
9162227202,0.07455855855855856,0.4677747747747748,0.05584684684684685,0.19927027027027028,0.00011711711711711711,0.015549549549549548,0.034891891891891895,0.02543243243243243,0.0007387387387387387,0.06743243243243244,0.058387387387387385
9290448311,0.02623913043478261,0.006017391304347826,0.08724347826086956,0.11250434782608697,0.00643913043478261,0.0007652173913043479,0.19674782608695648,0.04695217391304348,0.004682608695652174,0.5115217391304347,0.0008869565217391305
9290463533,0.02669078947368421,1.3157894736842104e-05,0.3361513157894737,0.008822368421052629,1.9736842105263158e-05,1.9736842105263158e-05,0.23132236842105264,0.04759868421052632,0.02932894736842105,0.3129013157894737,0.00713157894736842
9290473707,0.027039772727272728,0.0075056818181818185,0.07745454545454546,0.053017045454545456,0.00609090909090909,0.0,0.44510795454545454,0.03892045454545454,0.019465909090909086,0.32330681818181817,0.0020909090909090908
9290476889,0.02546046511627907,0.008767441860465117,0.021093023255813952,0.08846511627906976,0.059232558139534874,0.0005162790697674418,0.24413488372093026,0.05779069767441861,0.0036,0.4800697674418605,0.010869767441860466
9293179792,0.011218045112781957,3.759398496240601e-05,0.14823308270676694,0.10281203007518797,0.0,0.0,0.3364436090225564,0.06303007518796992,0.00012781954887218044,0.33809774436090223,0.0
9293189132,0.05464406779661017,0.011638418079096043,0.011259887005649718,0.08289265536723164,0.0068192090395480225,0.0,0.2527909604519774,0.12335028248587572,0.00023163841807909605,0.4558361581920904,0.0005367231638418079
9293191212,0.04062680412371134,0.003509278350515464,0.02862680412371134,0.09185567010309278,0.007105154639175258,0.0,0.3752164948453609,0.15840412371134022,0.0005649484536082473,0.2940247422680413,6.597938144329897e-05
9293203524,0.0067523510971786846,1.8808777429467086e-05,0.07612539184952978,0.024006269592476488,6.269592476489027e-06,0.0,0.4699373040752351,0.029297805642633224,0.0010094043887147336,0.3927774294670847,6.896551724137931e-05
9293207026,0.08980338983050848,0.0,0.19633220338983048,0.06743728813559322,0.0,0.0,0.17229830508474575,0.07465762711864406,0.0010372881355932204,0.3984271186440678,6.779661016949153e-06
9293211842,0.01703067484662576,0.0075153374233128825,0.0411840490797546,0.06868098159509202,0.008067484662576686,1.8404907975460126e-05,0.3370122699386503,0.11424539877300613,9.202453987730062e-05,0.40471779141104297,0.0014355828220858895
9293215044,0.010213114754098359,1.639344262295082e-05,0.2722704918032787,0.011934426229508195,0.0,0.0,0.3022622950819672,0.06992622950819673,0.00016803278688524593,0.32980737704918034,0.003401639344262295
9293222286,0.010435754189944134,8.93854748603352e-05,0.2776759776536313,0.004491620111731843,0.0,0.0,0.29650837988826817,0.06563128491620111,0.02146927374301676,0.3227150837988827,0.000983240223463687
9293227686,0.013817543859649124,4.912280701754386e-05,0.1277684210526316,0.03536842105263158,0.0,0.0,0.4136210526315789,0.08555789473684211,0.0006666666666666666,0.3231368421052632,1.4035087719298246e-05
945294245,0.158656,0.384928,0.030895999999999996,0.21522666666666668,0.073648,0.0,0.0006133333333333334,0.002773333333333333,0.0004,0.13186133333333333,0.0009973333333333331
945298663,0.101584,0.27112,0.09434666666666665,0.3389066666666667,0.040181333333333326,0.002768,0.0053866666666666655,0.004810666666666667,0.0015786666666666664,0.11802666666666667,0.021290666666666663
945313861,0.15677866666666668,0.13792533333333334,0.029632,0.278144,0.070048,2.666666666666667e-05,0.0019199999999999998,0.003562666666666667,0.00020266666666666667,0.3205653333333333,0.0011946666666666664
945319185,0.210944,0.11302933333333333,0.22150933333333334,0.22642666666666664,0.11636800000000001,1.6e-05,0.005893333333333335,0.002304,0.0004693333333333333,0.07765866666666665,0.02538133333333333
946152386,0.15653333333333333,0.208,0.02686933333333333,0.240544,0.10799466666666667,0.00021866666666666668,0.002634666666666667,0.004197333333333332,0.0022826666666666672,0.2428853333333333,0.007839999999999998
946157314,0.1156,0.126624,0.04949333333333333,0.21990933333333332,0.16184533333333334,3.2e-05,0.0015893333333333337,0.001962666666666667,0.000336,0.3207466666666667,0.0018613333333333331
9792654495,0.08217793594306051,0.0,0.8469395017793595,0.04666903914590748,0.02093238434163701,0.0,2.8469750889679717e-05,0.000405693950177936,0.0,0.00017081850533807828,0.002676156583629893
9792661515,0.10261921708185054,2.1352313167259786e-05,0.5055658362989324,0.15161565836298932,0.21640569395017795,0.0,0.006156583629893239,0.00012811387900355873,3.558718861209965e-05,0.013665480427046264,0.0037864768683274017
9792663515,0.21551601423487546,0.07777935943060499,0.5446334519572954,0.015451957295373662,0.10313167259786477,0.0006405693950177936,0.00017081850533807828,0.0004697508896797152,1.4234875444839855e-05,0.004441281138790036,0.037750889679715294
9792667384,0.5722135231316726,0.0067686832740213535,0.18459786476868328,0.010683274021352314,0.014953736654804269,2.1352313167259786e-05,0.0009822064056939502,0.002427046263345196,0.0006405693950177936,0.0070889679715302484,0.19962277580071172
9792709704,0.5631103202846977,0.004846975088967972,0.20040569395017796,0.06958007117437723,0.0582846975088968,0.0006690391459074733,0.004234875444839858,0.004277580071174378,0.001181494661921708,0.022455516014234875,0.07095373665480427
9792727203,0.5570462633451957,0.049416370106761566,0.11601423487544485,0.035686832740213524,0.006740213523131673,0.00010676156583629892,0.00045551601423487537,0.002704626334519573,0.0004697508896797152,0.014597864768683275,0.21676156583629894
9792757385,0.14876156583629893,4.270462633451957e-05,0.7875160142348755,0.006412811387900356,0.02488256227758007,2.8469750889679717e-05,9.252669039145908e-05,0.0002918149466192171,0.00018505338078291813,0.008078291814946618,0.023708185053380786
9792763474,0.2516227758007117,0.040519572953736656,0.3639003558718861,0.2416654804270463,0.040548042704626336,0.020526690391459074,9.252669039145908e-05,0.0006619217081850533,0.0005836298932384342,0.024733096085409245,0.015145907473309609
9792770765,0.3814092526690391,0.0004341637010676156,0.3702419928825623,0.0008612099644128114,0.06803558718861209,0.0,0.0,0.00011387900355871887,1.4234875444839855e-05,0.00012099644128113879,0.17876868327402134
9792784116,0.4289679715302491,0.030170818505338082,0.3739288256227758,0.06698932384341637,0.052647686832740216,0.0008825622775800711,0.0015871886120996444,0.001487544483985765,0.0007473309608540925,0.018462633451957297,0.02412811387900356
9792785886,0.2660996441281139,0.055786476868327405,0.4765124555160142,0.055330960854092524,0.07419928825622776,0.000811387900355872,0.00099644128113879,0.0016868327402135232,0.00034875444839857646,0.024334519572953732,0.04389323843416369
9792811116,0.35130249110320283,0.0003772241992882562,0.3883274021352313,0.0009679715302491103,0.07054092526690392,0.0,0.0,0.0001494661921708185,1.4234875444839855e-05,9.964412811387901e-05,0.18822064056939505
9792813893,0.6220355871886121,0.011807829181494662,0.12436298932384343,0.03102491103202847,0.158932384341637,0.0028896797153024913,0.003950177935943061,0.0033523131672597863,0.00044128113879003564,0.028604982206405692,0.012597864768683274
9793508173,0.2571672597864769,0.0,0.43639145907473303,0.0004199288256227758,0.0522846975088968,0.0,0.0,2.8469750889679717e-05,0.0,0.0,0.2537081850533808
9809868413,0.4981494661921708,0.001274021352313167,0.29750889679715303,0.08426334519572953,0.08600711743772241,0.00021352313167259787,0.0007686832740213523,0.0012455516014234875,0.0011459074733096086,0.018448398576512457,0.01097508896797153
