12281305945,0.11509333333333335,0.3240746666666667,0.45296,0.027514666666666663,0.006986666666666667,0.004666666666666667,0.0013386666666666664,0.0006293333333333333,0.001136,0.003562666666666667,0.062037333333333326
12281316245,0.11994133333333333,0.17129066666666667,0.4270933333333333,0.09109333333333332,0.033301333333333336,0.031904,0.005152,0.0025493333333333327,0.002437333333333333,0.015616,0.09962133333333334
12281415823,0.04362666666666666,0.2390933333333333,0.4891306666666666,0.09981866666666665,0.05666666666666665,0.001002666666666667,0.0034933333333333327,0.0008266666666666666,3.2e-05,0.013568,0.052741333333333335
12281473513,0.19616533333333333,0.2428053333333333,0.42097066666666666,0.051493333333333335,0.017584,0.0004906666666666667,0.001002666666666667,0.0007413333333333333,5.8666666666666665e-05,0.003872,0.064816
12281698394,0.137392,0.009488000000000002,0.3029333333333333,0.36123733333333335,0.0004586666666666666,0.00029866666666666664,0.011914666666666669,0.0012373333333333331,0.000368,0.17253866666666667,0.002133333333333333
12281705194,0.051184,0.2887413333333333,0.560464,0.051456,0.019232,3.2e-05,0.000912,5.8666666666666665e-05,3.2e-05,0.002981333333333333,0.024906666666666667
12281712244,0.070368,0.20928533333333327,0.5777653333333334,0.04881066666666666,0.01954133333333333,0.001648,0.0005173333333333333,0.0002666666666666667,2.133333333333333e-05,0.0016533333333333333,0.07012266666666667
12281761964,0.050245333333333336,0.10698133333333333,0.6985333333333333,0.09125866666666665,0.011978666666666669,1.6e-05,0.0004426666666666666,5.333333333333334e-06,5.333333333333334e-06,0.0041653333333333325,0.036368
12281863776,0.03521066666666667,0.22119466666666668,0.681216,0.033344,0.011626666666666669,1.6e-05,0.00016533333333333333,5.333333333333334e-06,0.0,0.001264,0.015957333333333334
12281878306,0.2408,0.17186133333333334,0.431248,0.078768,0.020938666666666668,1.0666666666666667e-05,0.002032,0.000288,2.133333333333333e-05,0.015290666666666666,0.038741333333333336
12288746955,0.2684213333333333,0.10530133333333333,0.43273066666666665,0.03264,0.00592,0.0,0.000992,2.666666666666667e-05,2.133333333333333e-05,0.006394666666666666,0.147552
12288757945,0.06010666666666666,0.18982933333333327,0.5986026666666666,0.029088,0.011776,2.666666666666667e-05,0.0005226666666666666,3.2e-05,2.666666666666667e-05,0.0053866666666666655,0.10460266666666666
12288777555,0.2590666666666667,4.8e-05,0.4843413333333334,0.12964266666666666,0.06877866666666667,1.0666666666666667e-05,0.002688,0.000176,0.00013866666666666666,0.012389333333333334,0.04272
12288788105,0.05512,0.15881066666666666,0.4541546666666666,0.09979733333333331,0.034549333333333335,0.006,0.005130666666666667,0.001013333333333333,0.11045333333333332,0.019370666666666668,0.0556
12289151284,0.21814933333333333,0.17406933333333333,0.41225066666666665,0.044469333333333326,0.08336,0.0031733333333333327,0.0011893333333333333,0.0005813333333333333,0.00023466666666666666,0.004885333333333334,0.057637333333333325
169892499,0.035461333333333324,0.14530133333333334,0.4691413333333334,0.06184,0.08537066666666665,0.0,0.006133333333333334,0.0011253333333333334,0.0,0.154912,0.04071466666666667
169892598,0.02181333333333333,0.08445866666666665,0.6256373333333334,0.03417066666666667,0.18205333333333332,1.0666666666666667e-05,0.002416,0.0013866666666666667,0.0002293333333333333,0.010464,0.03736
169892994,0.007909333333333334,2.666666666666667e-05,0.009845333333333331,0.6077546666666666,0.015685333333333332,0.0,0.001296,5.333333333333333e-05,0.0,0.3567626666666667,0.0006666666666666666
169893105,0.02425066666666667,3.2e-05,0.628688,0.19302933333333333,0.0012693333333333333,0.0,0.012517333333333332,0.012826666666666669,0.004645333333333333,0.12196266666666665,0.0007786666666666665
169893197,0.015829333333333334,0.0,0.6817013333333334,0.008501333333333333,0.0,0.014133333333333331,0.016485333333333334,0.0005493333333333333,0.09778133333333332,0.12052266666666668,0.044496
169893485,0.008975999999999998,0.000128,0.6849973333333333,0.05983466666666666,0.0005066666666666666,1.6e-05,0.03405866666666667,0.006554666666666667,0.004618666666666666,0.197792,0.002517333333333333
169893635,0.087712,0.0012586666666666664,0.062245333333333326,0.4184213333333333,0.0026773333333333328,0.0,0.0021493333333333334,0.07534933333333335,0.0,0.350096,9.066666666666667e-05
169893849,0.017253333333333332,0.003082666666666667,0.731136,0.08069333333333335,0.049888,3.733333333333333e-05,0.011530666666666665,0.0052106666666666655,0.0006133333333333334,0.06878933333333333,0.03176533333333333
169893920,0.0020853333333333327,0.0004533333333333333,0.7176426666666667,0.08989866666666665,0.02067733333333333,5.333333333333334e-06,0.014250666666666668,0.004453333333333333,0.000448,0.14192,0.008165333333333333
169893971,0.0024213333333333326,0.0,0.573072,0.134016,0.0045653333333333344,9.066666666666667e-05,0.027114666666666662,0.002778666666666667,4.8e-05,0.13290133333333334,0.122992
169894219,0.1688,3.733333333333333e-05,0.719664,0.046325333333333336,0.014480000000000002,2.133333333333333e-05,0.011184,0.001984,0.0008053333333333332,0.005552,0.031146666666666663
169894272,0.0023946666666666665,0.022,0.6580106666666666,0.01872533333333333,0.059776,0.000176,0.010229333333333332,0.002048,0.002938666666666667,0.16532266666666667,0.05837866666666666
169894508,0.005109333333333333,0.005136,0.3869493333333333,0.508128,0.015466666666666668,0.0,0.01781866666666667,0.002101333333333333,3.2e-05,0.058869333333333336,0.0003893333333333333
169894832,0.017381333333333332,0.00544,0.16662933333333332,0.6226346666666666,0.0011306666666666668,0.0,0.011829333333333334,0.04932266666666666,0.07657066666666665,0.048165333333333324,0.000896
169894963,0.04065066666666666,0.000288,0.548272,0.29456,0.03436800000000001,0.0,0.014650666666666666,0.02196266666666666,0.000704,0.04333866666666666,0.0012053333333333336
176086917,0.011632,0.030048,0.007616,0.11679466666666667,0.2740213333333333,0.0,0.017232,0.17811733333333332,0.15194133333333334,0.2108853333333333,0.0017120000000000002
176086987,0.11445866666666668,0.16208533333333333,0.020725333333333328,0.028586666666666663,0.625072,3.2e-05,0.001872,0.0006773333333333333,5.333333333333334e-06,0.038944,0.007541333333333333
176087097,0.19573333333333331,0.03091733333333333,0.0047093333333333345,0.5745813333333334,0.036928,0.0,0.007178666666666666,0.014005333333333331,0.0,0.13314666666666666,0.0028
176087209,0.2742186666666667,0.2773973333333333,0.09141866666666665,0.23874666666666666,0.021333333333333333,0.00304,0.00664,0.014906666666666669,0.007872,0.05116266666666666,0.013263999999999998
176087321,0.31893866666666665,0.05827733333333333,0.25716266666666665,0.228928,0.0016693333333333336,0.003616,0.02021333333333333,0.03943466666666666,0.012442666666666666,0.05861866666666666,0.0006986666666666666
176087446,0.3723141993957704,0.06329305135951661,0.195607250755287,0.3090815709969789,0.02783081570996979,4.229607250755287e-05,0.0008821752265861028,0.00649546827794562,0.00029003021148036256,0.01131117824773414,0.012851963746223565
176087515,0.0,0.043978666666666666,0.04620266666666667,0.680112,0.035338666666666664,0.13481066666666666,0.03843733333333333,0.001376,0.017088,5.333333333333334e-06,0.0026506666666666666
176087622,0.04878933333333333,0.0004426666666666666,0.007258666666666666,0.05157866666666666,0.853824,0.02459733333333333,0.0010346666666666666,0.0002933333333333333,0.002448,0.007978666666666667,0.0017546666666666667
176087779,0.06829333333333333,0.3144266666666667,0.2585973333333333,0.10800533333333333,0.07560533333333333,9.066666666666667e-05,0.002928,0.0047466666666666655,0.0008319999999999998,0.163616,0.0028586666666666665
176087870,0.3808693333333333,0.19496,0.002464,0.157776,0.003232,0.0,3.2e-05,0.008106666666666665,1.6e-05,0.252544,0.0
176088060,0.07334933333333332,0.225376,0.1891253333333333,0.19805333333333333,0.21395733333333333,0.0,0.018816,0.018528,0.000368,0.043408,0.019018666666666663
176088141,0.127216,0.33954666666666666,0.16498666666666667,0.11868266666666667,0.027024,0.0038666666666666663,0.001312,0.002762666666666667,0.005146666666666666,0.20273066666666667,0.006725333333333333
176088331,0.06353066666666667,0.023552,0.03601066666666667,0.47016,0.274784,0.015824,0.04127466666666666,0.02075733333333333,0.007781333333333333,0.045685333333333335,0.00064
176088507,0.322976,0.411216,0.009893333333333332,0.04936,0.08072,0.001024,0.007877333333333333,0.004384,0.002032,0.092928,0.017589333333333332
176088623,0.144704,0.1963413333333333,0.14780266666666667,0.18510933333333326,0.054549333333333325,1.6e-05,0.0023466666666666666,0.012064,0.0038666666666666663,0.25305066666666665,0.00014933333333333332
2165733023,0.26723131672597866,0.0,0.0,0.693202846975089,0.0,0.0,0.0,0.0,0.0,0.03956583629893239,0.0
2165736745,0.21303466666666668,0.0,0.0,0.701088,0.0,0.0,0.0,0.0,0.0,0.08587733333333332,0.0
2165740695,0.3863413333333333,0.0,0.0,0.44426666666666653,0.0,0.0,0.0,0.0,0.0,0.169392,0.0
2165746891,0.3002506666666667,0.0,0.0,0.55264,0.0,0.0,0.0,0.0,0.0,0.14710933333333334,0.0
2165879901,0.19841066666666668,0.0025066666666666666,0.20210133333333333,0.231264,0.0002933333333333333,5.333333333333334e-06,0.35978666666666664,0.0020373333333333333,0.0019253333333333332,0.0016693333333333336,0.0
2166529822,0.2541209964412812,0.0,0.0,0.5868185053380783,0.0,0.0,0.0,0.0,0.0,0.15906049822064056,0.0
2166530664,0.25962989323843416,0.0,0.0,0.5882135231316726,0.0,0.0,0.0,0.0,0.0,0.15215658362989326,0.0
2166535100,0.039376,0.11775466666666665,0.114944,0.644976,0.039856,0.00020266666666666667,0.017418666666666666,5.333333333333333e-05,0.0002773333333333333,0.022096,0.0030453333333333326
2166538070,0.10607466666666666,0.0,0.0,0.8525866666666667,0.0,0.0,0.0,0.0,0.0,0.04133866666666666,0.0
2166540244,0.33197866666666664,0.0,0.0,0.5527146666666666,0.0,0.0,0.0,0.0,0.0,0.11530666666666667,0.0
2166542014,0.316832,0.0,0.0,0.5961226666666666,0.0,0.0,0.0,0.0,0.0,0.08704533333333332,0.0
2166638306,0.060149333333333325,0.5297493333333333,0.11695466666666668,0.20463466666666666,0.043824,0.0006933333333333333,0.00024,0.0008906666666666666,0.0004853333333333333,0.002250666666666667,0.040128
2166640208,0.062101333333333335,0.011536,0.03161066666666667,0.8755573333333333,0.010112,0.0,0.003376,0.00088,0.00019733333333333327,0.004592,3.733333333333333e-05
2166654104,0.13933866666666667,0.32345066666666666,0.141344,0.2450773333333333,0.050448,0.0,3.733333333333333e-05,0.002117333333333333,5.333333333333334e-06,0.09618666666666667,0.0019946666666666667
2166655500,0.14634666666666668,0.19708266666666666,0.190368,0.164784,0.03564266666666667,0.0,1.0666666666666667e-05,0.0002826666666666667,0.0,0.2617973333333333,0.003685333333333333
2197756325,0.085744,1.6e-05,0.3166773333333333,0.008810666666666666,0.3268586666666667,0.003264,2.133333333333333e-05,5.333333333333334e-06,0.00018133333333333331,0.012341333333333331,0.24608
2198535282,0.2627413333333333,0.0015946666666666668,0.4268053333333333,0.227264,0.019344,0.00010133333333333332,0.0015093333333333332,0.002821333333333333,4.266666666666666e-05,0.030288,0.027488
2198535954,0.0012213333333333336,0.002133333333333333,0.8090133333333333,0.051776,0.00032,0.052496,0.042165333333333326,0.012304,0.0024266666666666672,0.005013333333333333,0.021130666666666662
2198543144,0.12712,0.0,0.400592,0.0,0.06974933333333333,5.333333333333333e-05,0.0,0.0,5.333333333333334e-06,0.0,0.40248
2201679053,0.01178666666666667,0.36161066666666664,0.12883733333333333,0.12148266666666667,0.005344,0.0,0.0005706666666666668,0.002602666666666667,5.333333333333334e-06,0.36773866666666666,2.133333333333333e-05
2201687285,0.03162096774193548,0.4669838709677419,0.10058064516129032,0.06180645161290323,0.006193548387096774,0.0,0.000467741935483871,0.002217741935483871,0.0,0.3301290322580645,0.0
2201690867,0.07913151364764268,0.4021439205955335,0.03743920595533498,0.09003473945409429,0.006133995037220843,0.0002977667493796526,0.1636079404466501,0.04136476426799007,0.15449627791563275,0.025186104218362284,0.00016377171215880892
2202466998,0.17831466666666668,0.47272,0.02686933333333333,0.149184,0.013157333333333332,0.0,0.00016,0.007365333333333333,0.0,0.15222933333333333,0.0
2202467548,0.10763733333333332,0.5007733333333333,0.134864,0.069456,0.012890666666666668,0.0,0.0003253333333333333,0.003258666666666667,0.0,0.170752,4.266666666666666e-05
2202470452,0.051701333333333335,0.190464,0.08633066666666665,0.15455466666666667,0.007744,0.0,0.00032,0.001552,0.0,0.5072853333333334,4.8e-05
2202481442,0.056202666666666665,0.049344,0.4388213333333333,0.21560533333333332,1.6e-05,0.06674666666666665,0.009626666666666669,0.07004266666666667,0.0021973333333333333,0.08769066666666665,0.0037066666666666663
2209780543,0.005214285714285714,0.005166666666666666,0.04116666666666666,0.6600357142857143,0.017886904761904764,0.00021428571428571427,0.04528571428571428,0.003708333333333333,0.005875,0.2147559523809524,0.0006904761904761906
2209829725,0.11619540229885054,0.8151149425287357,0.012758620689655172,0.03579310344827586,0.0066379310344827575,0.0,1.7241379310344828e-05,0.004166666666666667,0.0,0.009316091954022988,0.0
2213925341,0.041968,0.27836266666666665,0.026330666666666662,0.051941333333333325,0.3815786666666667,0.0005546666666666666,0.013359999999999999,0.045632,0.002357333333333333,0.138528,0.01938666666666667
2213953177,0.03677808219178082,0.3980438356164384,0.00741917808219178,0.3605205479452055,0.05007671232876712,0.0,0.00032328767123287664,0.0001589041095890411,2.7397260273972603e-05,0.1085808219178082,0.038071232876712324
2219711553,0.0028586666666666665,0.0,0.7404266666666666,0.0,0.0,0.2387893333333333,0.0002666666666666667,0.0,0.0037866666666666665,0.0,0.013872
2234610680,0.152656,0.18878933333333334,0.2643413333333333,0.16757333333333332,0.033904,0.0,6.933333333333333e-05,0.007594666666666667,5.333333333333334e-06,0.18506666666666666,0.0
2348425577,0.6158186666666666,0.065824,0.07773866666666665,0.03109333333333333,0.05138133333333333,0.0,0.0002293333333333333,0.0006773333333333333,1.0666666666666667e-05,0.15693333333333334,0.0002933333333333333
2348426989,0.11446400000000001,0.003488,0.17366933333333334,0.43801066666666666,0.15655466666666668,0.0,0.0044586666666666655,0.0034346666666666666,4.266666666666666e-05,0.105296,0.0005813333333333333
2349256820,0.11408533333333333,3.733333333333333e-05,0.2271413333333333,0.24868266666666666,0.11369066666666665,0.02189333333333333,0.00015466666666666667,4.8e-05,0.010165333333333334,0.18601066666666666,0.07809066666666667
2349257988,0.18233066666666667,0.138224,0.023344,0.4648853333333333,0.044901333333333335,0.0,0.0019146666666666667,0.013237333333333334,2.133333333333333e-05,0.131136,5.333333333333334e-06
2349259180,0.08964266666666665,0.11154666666666667,0.32748266666666664,0.150432,0.05738666666666666,0.0,0.0006026666666666667,0.002309333333333333,7.466666666666666e-05,0.252592,0.007930666666666667
2349262408,0.03844266666666666,0.05085866666666667,0.5119786666666666,0.13324266666666668,0.008474666666666665,0.037664,0.05217066666666666,0.010138666666666669,0.02936533333333333,0.05817066666666666,0.06949333333333334
2349263684,0.3244693333333333,0.05628266666666666,0.07433066666666667,0.336752,0.01032,0.00010133333333333332,0.00744,0.037936,0.037946666666666656,0.11426666666666667,0.00015466666666666667
2349265024,0.08780266666666665,0.145392,0.021125333333333333,0.352288,0.04191466666666667,0.0,0.000432,0.0002453333333333333,0.0,0.3507626666666667,3.733333333333333e-05
2350076995,0.05348266666666666,0.143184,0.050208,0.316064,0.01832,0.0,0.0009226666666666668,0.001264,5.333333333333334e-06,0.41635200000000006,0.00019733333333333327
2366407579,0.19430030030030027,0.0010570570570570571,0.2883003003003003,0.16466666666666666,0.02766966966966967,0.000882882882882883,0.07825825825825827,0.003531531531531531,0.0036516516516516525,0.22903903903903905,0.008642642642642643
2366418145,0.06242042042042041,0.38694294294294296,0.19977777777777775,0.2338738738738739,0.04072072072072072,9.009009009009008e-05,0.048114114114114113,0.001309309309309309,0.001009009009009009,0.02384984984984985,0.001891891891891892
2366421011,0.21264864864864866,0.003807807807807808,0.5424504504504505,0.14846246246246247,0.015111111111111113,0.0012072072072072072,0.006654654654654655,0.00236036036036036,0.0006606606606606607,0.06642042042042041,0.00021621621621621621
2366425799,0.318,0.0002642642642642643,0.0605045045045045,0.6123483483483484,0.005621621621621622,0.0,0.0003903903903903904,0.0003123123123123123,1.8018018018018016e-05,0.002540540540540541,0.0
2366427623,0.255951951951952,0.0,0.6843303303303303,0.041297297297297295,0.018414414414414413,0.0,6.006006006006007e-06,0.0,0.0,0.0,0.0
2366432827,0.062414414414414414,0.11161561561561563,0.44948348348348344,0.1737177177177177,0.04337537537537538,0.0005705705705705706,0.08447447447447448,0.001933933933933934,0.007753753753753755,0.0588048048048048,0.005855855855855856
2366435935,0.2404324324324324,0.18768168168168167,0.28497297297297297,0.17327927927927927,0.03024024024024024,4.8048048048048055e-05,0.0495975975975976,0.0011231231231231232,0.001309309309309309,0.03005405405405405,0.0012612612612612614
2366439529,0.1705165165165165,0.009489489489489487,0.3884744744744745,0.3636996996996997,0.024948948948948946,6.006006006006007e-06,0.029297297297297294,0.0017357357357357358,0.0003183183183183183,0.010888888888888887,0.0006246246246246248
2366447323,0.0607987987987988,0.06421021021021021,0.4852972972972973,0.3247687687687688,0.04407207207207208,5.4054054054054054e-05,0.012924924924924927,0.0009429429429429428,0.0017237237237237235,0.004444444444444445,0.0007627627627627627
2366452247,0.09627627627627629,0.17064264264264264,0.4276576576576577,0.22242642642642646,0.027705705705705703,6.606606606606607e-05,0.042240240240240236,0.0009729729729729728,0.0019219219219219214,0.009147147147147145,0.0009429429429429428
2366464007,0.4427387387387388,1.2012012012012014e-05,0.3391711711711712,0.08174774774774775,0.019681681681681683,0.0001021021021021021,0.07342342342342342,0.0002222222222222222,0.002528528528528529,0.038726726726726717,0.0016456456456456455
2367250226,0.22428828828828828,0.09385585585585586,0.2251711711711712,0.1826006006006006,0.024852852852852853,0.0005525525525525524,0.040132132132132126,0.006054054054054054,0.0017117117117117118,0.19746546546546548,0.0033153153153153148
2367255788,0.07744144144144144,0.22133333333333333,0.4022282282282281,0.2356036036036036,0.038936936936936936,0.0,0.015549549549549548,0.0003603603603603604,0.0006306306306306306,0.00655855855855856,0.0013573573573573573
2367257762,0.9430930930930932,0.0025525525525525524,0.008984984984984986,0.014528528528528529,0.00206006006006006,0.0,2.4024024024024028e-05,0.0013213213213213214,0.0,0.02743543543543544,0.0
2367293672,0.047813813813813805,0.3878858858858859,0.2869429429429429,0.2096936936936937,0.031105105105105106,5.4054054054054054e-05,0.021501501501501503,0.0012372372372372372,0.002762762762762763,0.009915915915915915,0.0010870870870870874
3170777731,0.02733333333333333,0.4913633633633634,0.3769009009009009,0.07305705705705705,0.023885885885885885,3.003003003003003e-05,0.0005165165165165165,0.00021021021021021022,2.4024024024024028e-05,0.00034834834834834833,0.006330330330330329
3170784389,0.2270870870870871,0.005645645645645646,0.16881681681681682,0.08803603603603603,0.023993993993993996,0.0005825825825825825,0.0009969969969969969,0.0003603603603603604,0.00033033033033033035,0.4531591591591592,0.030990990990990987
3170787943,0.12363963963963966,0.06537537537537537,0.3403243243243243,0.05578378378378378,0.02691891891891892,0.005057057057057057,0.0023783783783783785,0.0001381381381381381,7.807807807807808e-05,0.34193993993993993,0.03836636636636637
3171611896,0.02711111111111111,0.3908288288288289,0.3865885885885886,0.03828228228228228,0.037807807807807806,0.0002042042042042042,0.0016156156156156155,3.603603603603604e-05,9.609609609609608e-05,0.0007327327327327326,0.1166966966966967
3171621504,0.08765765765765766,0.28323123123123123,0.4155015015015015,0.04064864864864865,0.016672672672672674,0.0007567567567567568,0.000984984984984985,0.0003003003003003003,0.00011411411411411411,0.14644444444444446,0.007687687687687686
3178664767,0.2215675675675676,0.0001021021021021021,0.4756936936936937,4.204204204204204e-05,0.0613093093093093,0.16443843843843844,0.0014474474474474475,6.006006006006006e-05,0.034,0.004186186186186186,0.03715315315315315
3178666113,0.32776576576576577,0.338978978978979,0.03836636636636637,0.1092012012012012,0.07156156156156156,6.606606606606607e-05,0.013825825825825826,0.0018378378378378375,0.00046846846846846843,0.09705105105105104,0.0008768768768768767
3178666743,0.5316036036036036,0.13870870870870872,0.03453453453453453,0.07212012012012012,0.12154354354354355,0.00033033033033033035,0.00409009009009009,0.0014294294294294296,0.0003363363363363364,0.09187987987987987,0.003423423423423424
3178668469,0.13174774774774775,0.5133093093093093,0.06020420420420421,0.03836036036036036,0.2313933933933934,0.00033033033033033035,0.0037117117117117116,0.0012612612612612614,0.00018018018018018016,0.015249249249249247,0.004252252252252253
3178669733,0.19453453453453454,0.1392132132132132,0.06905105105105105,0.08273273273273275,0.2858438438438439,0.00010810810810810812,0.010024024024024024,0.0005285285285285286,0.0001381381381381381,0.19094294294294292,0.02688288288288288
3178671427,0.5369009009009009,0.02995195195195195,0.010162162162162165,0.03383183183183183,0.3416936936936937,2.4024024024024028e-05,0.0017237237237237235,0.002822822822822823,0.00013213213213213214,0.03142942942942943,0.011327327327327328
3179502436,0.2317177177177177,0.0007387387387387387,0.3931171171171171,9.009009009009008e-05,0.07898498498498499,0.13851651651651653,0.005441441441441442,0.0018498498498498495,0.08569369369369367,0.007087087087087087,0.056762762762762764
3179502664,0.3136876876876877,0.16861861861861865,0.00851051051051051,0.019255255255255257,0.2301201201201201,0.0,0.0007087087087087087,0.0022402402402402397,1.8018018018018016e-05,0.2566486486486487,0.00019219219219219217
3179505860,0.2018078078078078,0.40457657657657653,0.06535735735735736,0.02714114114114114,0.2691471471471472,0.0003903903903903904,0.004918918918918919,0.0008528528528528529,0.0003183183183183183,0.01683483483483483,0.008654654654654655
3179508884,0.2317237237237237,0.267957957957958,0.08144744744744743,0.07992192192192192,0.2916996996996997,0.00015615615615615616,0.002792792792792793,0.001393393393393393,0.00043243243243243243,0.02803603603603604,0.014438438438438438
3238907655,0.043493333333333335,0.0,0.8709386666666666,8e-05,0.01674666666666667,0.0,8.533333333333334e-05,0.0,0.0,0.000624,0.068032
3238935053,0.007893333333333334,2.133333333333333e-05,0.18285866666666667,0.003856,0.2373333333333333,0.0007306666666666666,0.0071253333333333325,0.00010666666666666668,0.0002933333333333333,0.3482293333333333,0.211552
3238944669,0.03748266666666666,0.3117653333333333,0.20808533333333332,0.194096,0.05098133333333333,0.0006933333333333333,0.004373333333333333,0.02802666666666666,0.000976,0.13895466666666667,0.02456533333333333
3239776630,0.061765333333333325,0.12893866666666667,0.307184,0.030442666666666663,0.3190613333333333,0.0004746666666666666,0.0018613333333333331,0.002053333333333333,0.0012053333333333336,0.109696,0.03731733333333333
3239779492,0.039568,0.0002666666666666667,0.10754666666666668,0.5832373333333334,0.115888,0.000416,0.031109333333333333,0.0028106666666666666,0.001104,0.11511466666666667,0.002938666666666667
3239781062,0.028106666666666662,0.0005546666666666666,0.04639466666666666,0.6989386666666667,0.14403733333333332,0.0,0.014362666666666666,0.0034666666666666665,0.00036266666666666663,0.06288000000000002,0.000896
3239781990,0.031733333333333336,0.00011733333333333333,0.08857066666666667,0.616656,0.16011199999999998,0.00012266666666666668,0.025264,0.002576,0.0005386666666666666,0.07341333333333333,0.000896
3239783180,0.013669333333333334,0.0017973333333333333,0.2406453333333333,0.012277333333333331,0.287744,0.0002773333333333333,0.0007733333333333333,6.933333333333333e-05,0.0002933333333333333,0.4299253333333333,0.012528
3239785078,0.006613333333333333,0.0012906666666666667,0.2625173333333333,0.06882133333333333,0.43049066666666663,0.001264,0.04007466666666666,0.0019253333333333332,0.0023786666666666665,0.1432,0.041424
3239788122,0.0010186666666666666,2.133333333333333e-05,0.38776,0.10865066666666667,0.037392,0.006970666666666666,0.14100266666666667,0.0021706666666666667,0.0005706666666666668,0.2496053333333333,0.06483733333333333
3255539607,0.00017307692307692307,0.19592307692307687,0.0866346153846154,0.0056346153846153855,0.011326923076923076,0.045942307692307685,0.004923076923076922,0.0015576923076923075,0.0,0.27134615384615385,0.3765384615384616
3255618721,0.04875075075075074,0.0,0.7064024024024024,0.01636036036036036,0.009543543543543543,0.0150990990990991,0.11512912912912912,0.002048048048048048,0.0003243243243243243,0.035147147147147145,0.05119519519519519
3255623987,0.004864864864864865,0.3880600600600601,0.17877477477477474,0.09858258258258258,0.02077477477477477,0.01887687687687688,0.02359159159159159,0.04807207207207208,0.0018018018018018016,0.032504504504504504,0.18409609609609606
3255625935,0.03305105105105105,0.05987387387387388,0.13324924924924925,0.07581981981981982,0.10003003003003004,0.11687687687687688,0.15636636636636636,0.016558558558558558,0.12777177177177176,0.17577777777777778,0.004624624624624625
3256442764,0.012516516516516515,0.2284804804804805,0.34984984984984985,0.31615615615615617,0.03290090090090089,0.0001381381381381381,0.00439039039039039,0.0014954954954954954,0.0002702702702702703,0.034594594594594595,0.01920720720720721
3352292923,0.3881866666666666,0.02861333333333333,0.06521066666666667,0.27537066666666665,0.013461333333333334,0.009349333333333331,0.067824,0.028288,0.004128,0.118992,0.000576
3352295829,0.2950506666666667,0.2734666666666667,0.014474666666666669,0.328864,0.029184,5.333333333333334e-06,0.0003733333333333333,0.00368,0.00010666666666666668,0.05477333333333333,2.133333333333333e-05
3352301331,0.2533333333333333,0.19277866666666665,0.002101333333333333,0.379104,0.030794666666666668,0.0,0.0027093333333333327,0.031552,0.00012266666666666668,0.10742933333333334,7.466666666666666e-05
3353112066,0.2680853333333333,0.4992426666666666,0.016992,0.11339733333333335,0.013301333333333332,0.0032,0.023952,0.020192,0.028650666666666668,0.012986666666666669,0.0
3353114684,0.20075733333333332,0.276016,0.0031626666666666665,0.431264,0.02576,0.0,0.011264,0.02509866666666666,0.00022400000000000002,0.026192,0.0002613333333333333
3353122928,0.13936,0.4862506666666666,0.0009226666666666668,0.237936,0.004693333333333333,5.333333333333334e-06,0.002608,0.03192,3.733333333333333e-05,0.096176,9.066666666666667e-05
3410022211,0.40280533333333335,0.52512,0.006506666666666666,0.007152,0.0027146666666666673,5.333333333333334e-06,0.00020266666666666667,0.005264,0.0004746666666666666,0.04962133333333334,0.00013333333333333334
3410032345,0.10682666666666668,0.215408,0.157536,0.229136,0.031178666666666667,3.733333333333333e-05,0.007786666666666666,0.026282666666666663,0.002384,0.22317866666666664,0.0002453333333333333
3410044181,0.12669333333333332,0.012288,0.06129066666666666,0.43738666666666665,0.13456,0.0002826666666666667,0.002688,0.07584,0.00368,0.14466666666666667,0.000624
3410052743,0.17400533333333335,0.0064,0.05204266666666666,0.373136,0.04285866666666667,0.0,0.001344,0.048256,0.003285333333333333,0.29864,3.2e-05
3410058939,0.218192,0.10269333333333333,0.15728533333333333,0.18966933333333333,0.032048,0.0,3.2e-05,0.011333333333333334,0.000128,0.2880373333333333,0.0005813333333333333
3410857260,0.13834133333333334,0.006346666666666665,0.059456,0.363632,0.09469333333333331,2.133333333333333e-05,0.002256,0.04874666666666666,0.001984,0.28408533333333336,0.00043733333333333336
3410860242,0.11971733333333333,0.02722133333333333,0.054389333333333324,0.554896,0.04565333333333333,0.0,0.0051413333333333346,0.039621333333333335,0.002618666666666667,0.120752,0.02998933333333333
3410866204,0.160832,0.0029973333333333328,0.07316266666666665,0.654352,0.050736,1.6e-05,0.003573333333333333,0.040181333333333326,0.00096,0.007808,0.005381333333333334
3410872336,0.18088,0.451552,0.039488,0.2404746666666667,0.015632,0.0,3.2e-05,0.008432,0.0002293333333333333,0.06232000000000001,0.00096
3939810977,0.13752,0.3482773333333333,0.01988266666666667,0.374096,0.02741333333333333,2.666666666666667e-05,0.001408,0.004373333333333333,0.000992,0.07994133333333332,0.0060693333333333346
3940589120,0.2973866666666667,0.053813333333333324,0.04530666666666666,0.2422506666666667,0.03945066666666666,8e-05,0.018650666666666663,0.001568,0.0010293333333333333,0.2751093333333333,0.025354666666666668
3940590124,0.002949333333333333,0.007248,0.02438933333333333,0.655536,0.0075626666666666655,0.0,0.02390933333333333,0.030448,0.011333333333333334,0.2327093333333333,0.003914666666666667
3940591306,0.12810666666666667,0.162096,0.172256,0.114896,0.12122133333333332,0.0019466666666666664,0.008442666666666666,0.001392,0.0008586666666666666,0.2481066666666667,0.040677333333333336
3952870058,0.0027006651884700665,0.23887361419068734,0.17391130820399114,0.03822616407982261,0.06297117516629712,0.021108647450110863,0.026847006651884702,0.010993348115299334,0.2096053215077605,0.046501108647450114,0.16826164079822614
3952873534,0.049088,0.09173866666666665,0.19925866666666667,0.10066666666666667,0.3646133333333333,0.009098666666666666,0.015130666666666669,0.007333333333333333,0.030527999999999996,0.11882133333333332,0.013722666666666666
4062567643,0.13154133333333334,0.043493333333333335,0.006698666666666667,0.5423413333333333,0.014826666666666669,0.0,0.01806933333333333,0.02238933333333333,0.0,0.21844266666666667,0.0021973333333333333
4062568003,0.10628266666666666,0.062288,0.015018666666666666,0.4368,0.009808,0.0,0.017264,0.02622933333333333,5.333333333333334e-06,0.322496,0.003808
4062568401,0.04607466666666666,0.004869333333333333,0.03288,0.7775466666666667,0.008064,1.0666666666666667e-05,0.024906666666666667,0.02260266666666667,3.2e-05,0.08258666666666667,0.00042666666666666667
4062568869,0.17439466666666667,0.009973333333333334,0.042224,0.625456,0.018666666666666668,0.0,0.014032,0.03177066666666667,7.466666666666666e-05,0.08147733333333332,0.001930666666666667
4062569249,0.192432,0.021914666666666662,0.039888,0.32505066666666665,0.02168533333333333,0.0,0.003445333333333333,0.048928,0.000288,0.3424586666666667,0.003909333333333333
4062569581,0.2443733333333333,0.023728,0.0037066666666666663,0.6205493333333333,0.041344,0.0,0.0015893333333333337,0.010064,0.0,0.05441066666666667,0.00023466666666666666
4062570069,0.14636266666666667,0.009738666666666666,0.021856,0.602912,0.030661333333333325,0.0,0.035205333333333325,0.02068266666666666,0.0,0.12234133333333333,0.01024
4062571667,0.047888,0.0017973333333333333,0.05692266666666668,0.02382933333333333,0.6289866666666666,0.0,5.333333333333334e-06,0.0011093333333333333,1.0666666666666667e-05,0.0010346666666666666,0.238416
4062572643,0.21277866666666667,0.017109333333333334,0.022864,0.5061546666666666,0.10966933333333333,0.0,0.003984,0.036016,0.0007519999999999998,0.08967466666666665,0.0009973333333333331
4062572949,0.4693813333333333,0.011402666666666669,0.09587200000000001,0.012133333333333331,0.3092106666666667,0.000688,0.0011306666666666668,0.008693333333333334,0.004725333333333333,0.002314666666666667,0.08444799999999998
4063318122,0.09883733333333332,0.018384,0.022064,0.601984,0.031994666666666664,1.0666666666666667e-05,0.012885333333333334,0.019946666666666668,0.0,0.18744533333333327,0.006448
4063318506,0.05656,0.00034666666666666667,0.17866666666666667,0.09029866666666665,0.5800853333333333,0.0,0.0,0.003061333333333333,1.6e-05,2.133333333333333e-05,0.090944
4063318914,0.039296,0.0004906666666666667,0.18010133333333336,0.08580266666666665,0.562,0.0,8.533333333333334e-05,0.0050933333333333325,0.00022400000000000002,0.0036,0.12330666666666665
4063319588,0.4972053333333333,0.0030133333333333327,0.12555733333333333,0.015263999999999998,0.3098613333333333,3.2e-05,1.6e-05,0.002992,0.00048,0.0,0.04557866666666667
4063319920,0.3353333333333333,0.021376,0.13149866666666668,0.040154666666666665,0.35141333333333336,0.0010826666666666669,0.000928,0.009514666666666666,0.00033066666666666666,0.023802666666666663,0.08456533333333334
4288613239,0.15558620689655173,0.028386206896551726,0.15733793103448274,0.2029379310344828,0.06643448275862067,0.056337931034482765,0.06013793103448276,0.01655172413793104,0.03667586206896552,0.18450344827586207,0.03511034482758621
4295926845,0.111376,0.006117333333333333,0.04561066666666666,0.33127466666666666,0.018762666666666667,0.0010346666666666666,0.017973333333333334,0.021344,0.020352,0.42596266666666666,0.000192
4295953433,0.16461333333333333,0.076624,0.204432,0.2677333333333333,0.042042666666666666,0.016768,0.01810666666666667,0.04429333333333333,0.103136,0.032597333333333325,0.02965333333333333
4296665684,0.015921465968586387,0.3345235602094241,0.015005235602094241,0.03312041884816754,0.026198952879581152,0.013214659685863876,0.013712041884816754,0.06617801047120417,0.0011727748691099475,0.32300523560209426,0.15794764397905758
4296690952,0.02885333333333333,0.40888,0.008117333333333334,0.523856,0.006181333333333333,0.0,0.0009653333333333332,0.0008639999999999998,0.0,0.021370666666666663,0.000912
4296697498,0.18405866666666668,0.08263466666666665,0.177168,0.21245333333333333,0.05613866666666667,0.01686933333333333,0.007024,0.03511466666666667,0.14485333333333333,0.020234666666666668,0.06345066666666667
4296700092,0.071072,0.16949333333333333,0.15829333333333334,0.16927466666666666,0.03642666666666667,0.053317333333333335,0.033248,0.062256,0.07106666666666667,0.10510933333333332,0.07044266666666667
4296701698,0.20144533333333334,0.19126933333333332,0.10045333333333334,0.20424533333333333,0.086512,0.016336,0.02763733333333333,0.021914666666666662,0.025104,0.06517866666666665,0.059904
4318799700,0.08603703703703702,0.0019259259259259262,0.029977777777777773,0.037044444444444435,0.018162962962962964,0.06978518518518519,0.001562962962962963,0.0010962962962962964,0.017296296296296296,0.718362962962963,0.018748148148148146
4636247391,0.06183734939759036,0.0,0.3703855421686747,0.17198795180722892,0.002915662650602409,0.003415662650602409,0.14357831325301204,0.00012048192771084335,0.0032710843373493976,0.2345722891566265,0.00791566265060241
4636268953,0.08321637426900584,0.003017543859649123,0.05580116959064328,0.5104561403508772,0.159953216374269,0.0003742690058479533,0.011269005847953215,0.0003567251461988304,2.9239766081871343e-05,0.1729356725146199,0.0025906432748538013
4636860280,0.05532530120481928,4.216867469879517e-05,0.4301626506024097,0.10759036144578313,0.004987951807228916,0.007313253012048192,0.08781325301204819,6.024096385542168e-05,0.003391566265060241,0.2853253012048193,0.017987951807228914
4640150206,0.08209638554216869,0.12547590361445782,0.022554216867469883,0.321710843373494,0.06881325301204819,6.0240963855421675e-06,0.001216867469879518,5.421686746987952e-05,6.0240963855421675e-06,0.3268433734939759,0.051222891566265055
4683477697,0.4420853333333333,0.04853866666666666,0.128,0.2978613333333333,0.004954666666666665,5.333333333333334e-06,0.001184,0.02596266666666666,0.000416,0.050325333333333326,0.0006666666666666666
4683478763,0.2412,0.022197333333333333,0.11521066666666667,0.22154666666666667,0.22272533333333333,0.000896,0.012202666666666669,0.0008693333333333333,5.333333333333334e-06,0.14344533333333334,0.01970133333333333
4683480527,0.09407466666666665,0.211168,0.009658666666666666,0.336256,0.00016,0.0,0.07465066666666667,0.08118933333333332,0.0011146666666666666,0.19171733333333327,1.0666666666666667e-05
4683653489,0.018122666666666662,0.362288,0.4693546666666666,0.07231999999999998,0.066592,0.0,0.009365333333333331,5.333333333333334e-06,8e-05,0.0003573333333333333,0.0015146666666666668
4683689501,0.02509333333333333,0.036448,0.17506133333333335,0.715056,0.026768,0.0,0.0,0.0,0.0,0.008576,0.012997333333333331
4683693853,0.226976,0.052965333333333336,0.187856,0.172928,0.22489066666666666,3.733333333333333e-05,0.01915733333333333,0.00039466666666666665,0.0,0.09048,0.02431466666666666
4684071566,0.169824,4.266666666666666e-05,0.16744,0.017690666666666667,0.152464,0.007914666666666667,0.0,8.533333333333334e-05,2.666666666666667e-05,0.05616,0.428352
4684074762,0.16004266666666667,0.027066666666666662,0.10801066666666667,0.31755733333333336,0.3250666666666667,0.0,7.466666666666666e-05,0.000128,0.0,0.060512,0.0015413333333333336
4684078516,0.13741333333333333,0.00022400000000000002,0.364144,0.2989973333333333,0.00019733333333333327,0.010357333333333331,0.036784,0.005306666666666667,0.0025706666666666673,0.11892266666666665,0.025082666666666663
4684078910,0.023658666666666668,0.014341333333333331,0.28930666666666666,0.6513813333333334,0.001392,0.00042666666666666667,0.000672,0.0011466666666666667,5.333333333333334e-06,0.016848,0.0008213333333333333
4684082900,0.8520746666666666,0.001616,0.08310399999999998,0.017856,0.012597333333333334,0.0,9.6e-05,0.0,0.0,0.029226666666666668,0.003429333333333333
4684098372,0.10584533333333332,0.041248,0.09535466666666668,0.69504,0.0042826666666666655,0.0,0.0022453333333333327,0.04744,0.008437333333333333,7.466666666666666e-05,3.2e-05
4684103230,0.2572373333333333,0.002224,0.639392,0.039541333333333324,0.00011733333333333333,0.020570666666666668,0.0034826666666666665,0.013418666666666669,0.014357333333333331,0.009104,0.0005546666666666666
4684246156,0.136032,0.010896,0.3627573333333333,0.319248,0.10139733333333334,5.333333333333334e-06,0.03250666666666667,0.00013333333333333334,4.8e-05,0.03527466666666667,0.0017013333333333331
4684325374,0.21564266666666668,0.011248,0.076976,0.4629493333333333,0.14407466666666666,0.0,0.000144,0.0008906666666666666,0.0,0.08768533333333332,0.0003893333333333333
4707151533,0.08133866666666667,0.338688,0.3519893333333333,0.09707733333333331,0.105248,0.0,0.012682666666666668,0.0014026666666666664,5.333333333333334e-06,0.0031893333333333326,0.008378666666666666
4707151545,0.056912,0.25400533333333336,0.2419893333333333,0.2801813333333333,0.08900266666666666,0.0,0.019072,0.007258666666666666,0.00017066666666666668,0.04527466666666666,0.006133333333333334
4707151551,0.038421333333333335,0.35164266666666666,0.346176,0.054272,0.09206933333333331,0.000144,0.011205333333333331,0.001648,0.00013333333333333334,0.017445333333333334,0.08684266666666665
4707151559,0.2490826666666667,0.0009386666666666666,0.010186666666666669,0.7114613333333333,0.0043146666666666654,0.0002506666666666667,0.000368,0.0009706666666666666,0.0,0.020944,0.0014826666666666664
4707179953,0.04775466666666666,0.031424,0.5570933333333333,0.21237866666666666,0.02109866666666667,0.0040746666666666665,0.007146666666666666,0.00896,3.2e-05,0.07881599999999998,0.03122133333333333
4707179957,0.069648,0.24218666666666666,0.228528,0.20883733333333332,0.13571733333333333,5.333333333333334e-06,0.010112,0.005744,0.00017066666666666668,0.062976,0.036074666666666665
4707179963,0.15386133333333332,0.010325333333333334,0.17674133333333333,0.2630346666666667,0.2272853333333333,4.8e-05,0.014341333333333331,0.007722666666666666,6.4e-05,0.11762133333333333,0.02895466666666667
4707179969,0.046805333333333324,0.28890666666666664,0.321872,0.10077866666666667,0.21322666666666668,0.0,0.001584,0.0003893333333333333,0.0,0.002608,0.02382933333333333
4707179979,0.14523733333333333,0.12827733333333333,0.320672,0.15753066666666668,0.07678933333333332,5.8666666666666665e-05,0.005050666666666666,0.006650666666666666,4.266666666666666e-05,0.13254933333333332,0.02714133333333333
4707179983,0.107648,0.12234133333333333,0.19050666666666666,0.2870986666666667,0.18543466666666664,0.0,0.015392,0.010010666666666666,0.00013866666666666666,0.056965333333333326,0.024464
4707775918,0.041477333333333324,0.2662346666666667,0.025552,0.355104,0.2324693333333333,0.0,0.008335999999999998,0.006096,5.333333333333334e-06,0.063856,0.0008693333333333333
4707775920,0.064176,0.18833066666666667,0.088768,0.2772693333333333,0.2819733333333333,0.0003253333333333333,0.010288,0.006373333333333332,0.0047093333333333345,0.07211733333333335,0.005669333333333334
4707775922,0.20336533333333331,0.434432,0.06268266666666665,0.11194133333333334,0.16327466666666668,0.0,0.009093333333333332,0.0063893333333333345,1.6e-05,0.00648,0.002325333333333333
4707775924,0.3888,0.013290666666666666,0.08536,0.22314666666666666,0.126752,0.008106666666666665,0.002112,0.010117333333333334,0.0027306666666666673,0.116128,0.023456
4707839004,0.079344,0.22688000000000003,0.22291733333333333,0.2171573333333333,0.149888,2.133333333333333e-05,0.017317333333333334,0.007514666666666667,3.2e-05,0.053381333333333336,0.025546666666666662
4822517891,0.032853333333333325,0.2674293333333333,0.4996053333333334,0.06688533333333334,0.12198933333333335,0.0,0.001808,0.0002773333333333333,0.00013866666666666666,0.004352,0.004661333333333332
4822519631,0.07411199999999998,0.284896,0.30529066666666665,0.19223466666666664,0.11986133333333332,5.333333333333334e-06,0.0009653333333333332,0.000912,5.333333333333334e-06,0.008293333333333333,0.013424
4822521655,0.027312,0.0024053333333333327,0.284592,0.605856,0.021296,0.0,0.002757333333333333,0.0014933333333333333,0.00018133333333333331,0.05176533333333333,0.002341333333333333
4822522725,0.5069813333333333,0.11906666666666668,0.06670933333333333,0.10602133333333333,0.06320533333333334,1.0666666666666667e-05,0.005221333333333333,0.003632,5.333333333333333e-05,0.11297066666666665,0.016128
4822523027,0.2330133333333333,0.004944,0.10670933333333334,0.28047466666666665,0.11762133333333333,3.2e-05,0.008757333333333334,0.004016,3.2e-05,0.19557866666666668,0.048821333333333335
4822523565,0.286112,0.10401600000000001,0.16677866666666666,0.2122453333333333,0.036112,0.002784,0.029856,0.004741333333333334,0.007744,0.14559466666666668,0.004016
4822524241,0.3800053333333333,0.15898666666666667,0.08025066666666665,0.15492266666666665,0.11551466666666667,0.0,0.006608,0.002922666666666667,2.133333333333333e-05,0.08149333333333332,0.019274666666666662
4822526915,0.14716266666666666,0.21828266666666668,0.197456,0.11727466666666668,0.2526346666666667,0.0006293333333333333,0.0005813333333333333,0.007434666666666666,0.00024,0.046581333333333336,0.011722666666666666
4823132978,0.42745066666666665,0.16168533333333332,0.034,0.185584,0.09818666666666669,0.0,0.00029866666666666664,0.0015786666666666664,5.333333333333334e-06,0.09116266666666667,4.8e-05
4823133798,0.2562613333333333,0.18685333333333332,0.123968,0.2576,0.112032,0.0,0.00042666666666666667,0.002341333333333333,9.6e-05,0.05840533333333332,0.002016
4823134114,0.3079253333333333,0.078848,0.16810666666666665,0.30378666666666665,0.052597333333333336,2.666666666666667e-05,0.0009546666666666668,0.0060693333333333346,0.000272,0.07449066666666665,0.0069226666666666655
4823138672,0.01973333333333333,0.027568,0.677696,0.237584,0.02339733333333333,0.0,0.0007786666666666665,0.0010346666666666666,0.00014933333333333332,0.007274666666666665,0.004784
4823139220,0.2840693333333333,0.04098666666666666,0.13472,0.20880533333333332,0.0967573333333333,0.0,0.007194666666666666,0.004730666666666666,0.00013866666666666666,0.215632,0.006965333333333333
4823142584,0.37952,0.0096,0.413792,0.14304533333333333,0.018816,0.0002933333333333333,0.002458666666666667,0.00232,0.0027093333333333327,0.021104,0.0063413333333333325
4823143418,0.11844266666666667,0.2293973333333333,0.360688,0.069296,0.15261333333333332,3.733333333333333e-05,0.000656,0.0019146666666666667,0.00017066666666666668,0.03197866666666667,0.034805333333333334
4854719231,0.04314133333333333,0.0,0.9473866666666668,0.001744,0.004928,1.6e-05,0.0023786666666666665,9.6e-05,3.733333333333333e-05,0.0,0.000272
4854719689,0.084272,0.0,0.9031786666666668,0.00031466666666666665,0.004442666666666667,0.003397333333333333,0.003418666666666666,2.133333333333333e-05,0.0002293333333333333,1.0666666666666667e-05,0.0007146666666666666
4854720307,0.3427946666666667,0.013669333333333334,0.2935626666666667,0.082656,0.05335466666666666,2.133333333333333e-05,0.0308,0.009674666666666666,0.0004586666666666666,0.15587733333333334,0.017130666666666666
4854723355,0.16477866666666666,0.19241066666666667,0.4596533333333334,0.099984,0.073424,0.00010133333333333332,0.001248,0.0013066666666666667,0.00023466666666666666,0.0011253333333333334,0.0057333333333333325
4854728955,0.09293333333333334,0.313776,0.42061866666666653,0.041392,0.129728,5.333333333333334e-06,5.8666666666666665e-05,0.000208,0.00011200000000000001,0.0004533333333333333,0.0007146666666666666
4854733283,0.24637866666666666,0.3973973333333333,0.16330133333333333,0.081152,0.10066666666666667,0.0,0.00010666666666666668,0.0002773333333333333,4.266666666666666e-05,0.010613333333333334,6.4e-05
4854740737,0.16392533333333334,0.18430933333333333,0.43206400000000006,0.10432533333333334,0.10320533333333333,5.8666666666666665e-05,0.000624,0.0006453333333333334,0.000576,0.009024,0.0012426666666666669
4854742011,0.408784,0.0011573333333333331,0.206944,0.18946133333333331,0.13712533333333332,3.733333333333333e-05,0.014863999999999999,0.004261333333333333,0.000448,0.020288,0.016629333333333333
4854744441,0.049104,0.0,0.4654773333333334,0.04957333333333333,0.053504,0.19188266666666667,0.001088,4.266666666666666e-05,0.024288,0.03293333333333333,0.13210666666666668
4854744915,0.14398933333333333,0.08445333333333335,0.41835200000000006,0.08734933333333332,0.14591466666666664,2.666666666666667e-05,0.013503999999999999,0.008586666666666666,0.010469333333333334,0.08625066666666667,0.001104
4855336608,0.20838933333333332,0.2923786666666667,0.29650666666666664,0.021989333333333333,0.16682133333333332,0.0002293333333333333,0.0008746666666666667,0.00042666666666666667,0.0008213333333333333,0.007258666666666666,0.004304
4855337804,0.4883893333333333,0.009445333333333332,0.02848533333333333,0.20630933333333332,0.090928,5.333333333333333e-05,0.0013173333333333331,0.0030026666666666665,4.8e-05,0.16970666666666667,0.002314666666666667
4855356012,0.10528533333333333,0.190672,0.52936,0.040288,0.12818666666666667,0.0,0.0007306666666666666,0.00010666666666666668,1.0666666666666667e-05,0.0010453333333333332,0.0043146666666666654
4855359798,0.08378133333333332,0.18579733333333331,0.458912,0.133072,0.13065066666666664,0.0,0.000496,0.000208,1.6e-05,0.005802666666666666,0.001264
4855362442,0.38009066666666663,0.00072,0.22045333333333333,0.20267733333333326,0.171776,0.0,0.007184,0.0017760000000000002,0.00036266666666666663,0.005808,0.009152
5392682851,0.14646385542168674,0.0005120481927710842,0.41331927710843375,0.18467469879518075,0.07782530120481926,0.0006144578313253012,0.040819277108433735,0.00016265060240963855,0.003192771084337349,0.12239156626506024,0.010024096385542169
5394091593,0.08333734939759035,0.2269879518072289,0.08476506024096385,0.2980421686746988,0.09918072289156625,7.83132530120482e-05,0.004921686746987952,3.614457831325301e-05,1.2048192771084335e-05,0.18615060240963852,0.016487951807228916
5394098311,0.04231325301204819,0.2477289156626506,0.11977710843373494,0.1992048192771084,0.06969277108433734,9.638554216867468e-05,0.007716867469879517,4.216867469879517e-05,1.8072289156626505e-05,0.28663855421686746,0.0267710843373494
5394107561,0.05389759036144578,0.3069277108433735,0.09052409638554217,0.1864578313253012,0.12212048192771086,0.00012650602409638553,0.012024096385542169,4.819277108433735e-05,4.819277108433735e-05,0.20193373493975905,0.02589156626506024
5394159515,0.082,0.025150602409638557,0.11146987951807227,0.3789518072289157,0.19536746987951809,0.00025301204819277106,0.01441566265060241,8.433734939759034e-05,6.626506024096386e-05,0.16889759036144578,0.023343373493975902
5394167331,0.0988150289017341,0.13403468208092487,0.033468208092485546,0.3902023121387283,0.04770520231213873,0.00020231213872832368,0.03810404624277457,0.007138728323699422,0.002115606936416185,0.24745664739884396,0.0007572254335260116
5394235281,0.1710963855421687,1.2048192771084335e-05,0.21219277108433732,0.3360301204819277,0.1927469879518072,6.0240963855421675e-06,0.0018975903614457832,6.626506024096386e-05,0.000536144578313253,0.07599397590361445,0.009421686746987951
5394651400,0.16138554216867473,0.0009518072289156625,0.05384939759036145,0.1718253012048193,0.3127530120481928,0.0,0.004728915662650602,0.0002048192771084337,3.012048192771084e-05,0.18971686746987954,0.10455421686746988
5394682068,0.013650602409638555,0.569710843373494,0.01372289156626506,0.3321024096385542,0.0055180722891566255,0.00011445783132530119,0.003957831325301205,0.0009638554216867468,0.00013253012048192772,0.05990361445783132,0.00022289156626506025
5394720638,0.14528313253012048,0.06377710843373494,0.039228915662650604,0.3502590361445783,0.15212048192771085,4.216867469879517e-05,0.006590361445783133,5.421686746987952e-05,0.0,0.2306746987951807,0.011969879518072287
5394728194,0.08783132530120481,0.2902650602409639,0.20630120481927713,0.08236746987951807,0.26722289156626505,2.4096385542168674e-05,0.005644578313253012,0.00013253012048192772,0.0003493975903614458,0.03236746987951807,0.027493975903614458
5394734130,0.14912048192771085,0.12816867469879514,0.05727710843373494,0.30130722891566264,0.14811445783132526,3.012048192771084e-05,0.007259036144578314,1.8072289156626505e-05,0.0,0.1967409638554217,0.011963855421686749
5394740646,0.228210843373494,0.01413855421686747,0.2299036144578313,0.2299518072289157,0.14194578313253012,0.0004036144578313253,0.009987951807228916,1.8072289156626505e-05,0.0004819277108433735,0.1366566265060241,0.00830120481927711
5394787364,0.05865060240963856,0.006048192771084337,0.1243132530120482,0.10989156626506023,0.26437951807228915,0.0040421686746987965,0.01616265060240964,0.00012048192771084335,0.001072289156626506,0.35536144578313256,0.05995783132530121
5394801336,0.04074698795180722,4.819277108433735e-05,0.4709759036144578,0.057644578313253016,0.2269879518072289,0.011885542168674698,0.01083734939759036,9.036144578313252e-05,0.002469879518072289,0.035915662650602406,0.14239759036144578
5865970925,0.22099099099099095,0.19603603603603606,0.11955555555555555,0.26863663663663667,0.18491891891891893,0.0,0.003603603603603604,0.0016876876876876874,3.603603603603604e-05,0.0033873873873873873,0.0011471471471471472
5865973377,0.024624624624624624,0.0,0.3361381381381381,0.1443843843843844,0.0023423423423423427,1.8018018018018016e-05,0.18913513513513516,0.0,3.603603603603604e-05,0.30303303303303303,0.0002882882882882883
5865998709,0.2389189189189189,0.000882882882882883,0.3636216216216217,0.10717117117117116,0.1485885885885886,3.603603603603604e-05,0.028288288288288287,0.0055915915915915925,0.0015615615615615615,0.07593993993993994,0.0293993993993994
5865999403,0.14284684684684684,0.002810810810810811,0.21684084084084085,0.21427627627627627,0.02111711711711712,0.001963963963963964,0.04577777777777778,0.01581981981981982,0.0008348348348348348,0.32302102102102104,0.014690690690690691
5866518700,0.04625825825825826,0.18771771771771767,0.4852612612612612,0.0992012012012012,0.04804804804804805,0.0005105105105105105,0.04702702702702703,0.0017657657657657656,0.004480480480480479,0.04767567567567568,0.03205405405405405
5866527166,0.05063663663663664,0.03604804804804805,0.20657057057057054,0.6914594594594594,7.807807807807808e-05,0.0004504504504504505,0.0011411411411411411,0.005975975975975976,0.007033033033033033,0.0006066066066066065,0.0
5866528554,0.07586786786786785,0.0016096096096096097,0.5244924924924925,0.05568168168168168,0.002954954954954955,0.0005825825825825825,0.09347147147147149,0.0032912912912912914,0.0005525525525525524,0.2381081081081081,0.0033873873873873873
5866529014,0.0808948948948949,0.003261261261261261,0.5407147147147146,0.07267267267267268,0.002408408408408409,0.0003243243243243243,0.0899039039039039,0.0035615615615615616,0.0006846846846846848,0.20367567567567568,0.0018978978978978977
5866538178,0.3599339339339339,6.006006006006007e-06,0.5732792792792792,0.04551351351351352,0.00578978978978979,0.005975975975975976,0.0011411411411411411,1.8018018018018016e-05,2.4024024024024028e-05,0.0012072072072072072,0.007111111111111112
5866544574,0.07980180180180178,0.10545945945945946,0.525069069069069,0.12954354354354355,0.12048648648648648,0.0003003003003003003,0.013585585585585586,0.0005945945945945945,0.0009249249249249248,0.018192192192192192,0.006042042042042042
5866549144,0.036390390390390395,0.06332132132132133,0.6103063063063063,0.11413213213213215,0.013585585585585586,0.0013393393393393393,0.060072072072072075,0.0041681681681681685,0.006456456456456456,0.07936936936936936,0.010858858858858858
5866554618,0.2223903903903904,0.04234234234234234,0.06592792792792793,0.5287627627627628,0.00023423423423423422,0.0,0.015657657657657656,0.0321981981981982,0.0023843843843843844,0.09009609609609608,6.006006006006007e-06
5866559996,0.09912312312312313,0.04745945945945946,0.2929789789789789,0.4338198198198199,7.207207207207206e-05,2.4024024024024028e-05,0.0066306306306306295,0.06460060060060062,0.011585585585585586,0.04370570570570571,0.0
5866561430,0.15055255255255254,0.09052852852852851,0.401987987987988,0.2154174174174174,0.0005285285285285286,0.023927927927927927,0.009165165165165164,0.03353153153153153,0.017555555555555557,0.05419219219219219,0.002612612612612613
5866561812,0.10424624624624623,0.0331951951951952,0.15962162162162166,0.4217297297297297,1.2012012012012014e-05,0.00015615615615615616,0.07572372372372371,0.02532732732732733,0.00012612612612612612,0.17971771771771772,0.00014414414414414415
8684202263,0.05482634730538922,0.2652694610778443,0.4950958083832335,0.04844910179640719,0.02218562874251497,0.0006047904191616766,0.011694610778443113,0.00014371257485029938,0.0002634730538922156,0.026053892215568863,0.07541317365269459
8684204191,0.06908383233532935,0.27773652694610773,0.21546706586826347,0.046610778443113766,0.11497604790419162,0.0010479041916167664,0.016305389221556887,0.0013712574850299401,0.0018502994011976048,0.16922155688622756,0.08632934131736526
8684212773,0.024646706586826345,0.2976826347305389,0.4147964071856288,0.0810059880239521,0.02674251497005988,0.0625688622754491,0.008287425149700598,0.0005449101796407185,0.001622754491017964,0.056455089820359274,0.025646706586826343
8685319514,0.13820359281437125,0.21968862275449105,0.24764071856287426,0.11792814371257485,0.03430538922155689,0.00010179640718562876,0.01694011976047904,0.001065868263473054,5.988023952095808e-05,0.16905988023952095,0.055005988023952096
8685321724,0.0760059880239521,0.16546107784431138,0.35003592814371254,0.06764670658682635,0.06258083832335329,0.0015928143712574847,0.017395209580838324,0.00030538922155688616,0.0003473053892215569,0.054185628742514966,0.20444311377245508
8686233240,0.030281437125748507,0.20819161676646705,0.5930718562874252,0.09995209580838324,0.03688622754491018,0.00020359281437125747,0.0003832335329341317,0.00018562874251497005,0.00019760479041916167,0.00010778443113772453,0.030538922155688618
8688472757,0.05135329341317365,0.2352574850299401,0.18363473053892213,0.19238922155688626,0.049341317365269456,0.010658682634730538,0.00967065868263473,0.00027544910179640717,0.17952694610778444,0.08570658682634731,0.0021856287425149694
8688480101,0.04904790419161677,0.09565868263473055,0.22128143712574846,0.12474251497005988,0.09550299401197604,0.0020479041916167664,0.0294251497005988,0.0014670658682634733,0.0018922155688622755,0.3217065868263473,0.05722754491017964
8688489893,0.05116766467065868,5.988023952095808e-05,0.32516766467065866,0.3971197604790419,0.022083832335329345,0.09502994011976047,0.009592814371257485,5.9880239520958085e-06,0.0003473053892215569,0.09607185628742516,0.003353293413173653
8688502535,0.11003592814371256,0.13860479041916168,0.2502455089820359,0.24743712574850296,0.07129341317365269,0.00032335329341317366,0.02612574850299401,0.0005089820359281438,0.0010059880239520957,0.14546706586826347,0.008952095808383234
8688529819,0.017754491017964072,1.1976047904191615e-05,0.759317365269461,0.012191616766467066,0.0005508982035928143,0.1252694610778443,0.023467065868263474,0.0002275449101796407,0.01402994011976048,0.00055688622754491,0.04662275449101797
8689601588,0.049275449101796404,0.2402035928143713,0.34394011976047906,0.06317964071856287,0.07509580838323354,0.0013233532934131735,0.009766467065868265,0.0001317365269461078,0.00018562874251497005,0.02291616766467066,0.19398203592814373
8689639898,0.10706367041198503,0.15469662921348315,0.4032434456928839,0.22658426966292136,0.05595505617977528,8.239700374531835e-05,0.009730337078651686,0.0005767790262172285,0.0005842696629213485,0.03400749063670412,0.007475655430711609
8693891765,0.19774251497005987,0.1998802395209581,0.14877844311377245,0.23237125748502996,0.19874251497005987,0.0,0.0013652694610778444,0.006191616766467066,0.0,0.012239520958083831,0.002688622754491018
8695014192,0.17851497005988026,0.0967185628742515,0.21783832335329345,0.22594011976047906,0.17574251497005988,0.00040718562874251493,0.00355688622754491,0.01222754491017964,0.002,0.07308982035928144,0.013964071856287423
9027337533,0.025783783783783785,0.07899099099099098,0.5642282282282282,0.09221021021021021,0.0251951951951952,0.0006546546546546547,0.028342342342342345,0.0023003003003003,0.004930930930930931,0.16472072072072072,0.012642642642642643
9027365431,0.019855855855855857,0.00012012012012012012,0.6964624624624625,0.0183003003003003,0.04452252252252252,0.03145945945945946,0.003945945945945945,0.00019219219219219217,0.0052612612612612615,0.008168168168168169,0.17171171171171173
9027372941,0.011807807807807809,0.2886966966966967,0.475033033033033,0.054324324324324325,0.07765165165165165,0.0004444444444444444,0.017825825825825824,0.0023123123123123127,0.002852852852852853,0.04234234234234234,0.02670870870870871
9027397731,0.015411411411411412,0.0,0.8406846846846846,0.09484684684684686,0.017057057057057057,4.8048048048048055e-05,0.01810810810810811,0.0002702702702702703,0.006246246246246246,0.005777777777777778,0.0015495495495495494
9027414519,0.0589009009009009,0.4705285285285286,0.218018018018018,0.010942942942942943,0.017951951951951952,0.002036036036036036,0.0023243243243243248,0.002978978978978979,0.006618618618618618,0.20736336336336336,0.0023363363363363364
9027425329,0.0628948948948949,0.002774774774774775,0.4622762762762762,0.13657057057057054,0.13610210210210213,0.007465465465465466,0.027453453453453455,0.003945945945945945,0.002792792792792793,0.12023423423423425,0.037489489489489485
9027464697,0.164006006006006,0.18658258258258256,0.33702102102102094,0.07218018018018017,0.09624624624624624,0.0018258258258258254,0.07621021021021021,0.02156756756756757,0.01031831831831832,0.033297297297297294,0.0007447447447447447
9029558726,0.02037837837837838,0.3878558558558559,0.4221921921921922,0.002228228228228228,0.0025945945945945945,0.004552552552552553,0.0005645645645645644,0.0006906906906906907,0.0045405405405405394,0.13047447447447447,0.023927927927927927
9029610152,0.022648648648648646,0.2362762762762763,0.4504744744744745,0.02278678678678679,0.08225825825825825,0.0015015015015015015,0.008234234234234234,0.001039039039039039,0.0020660660660660655,0.1407987987987988,0.031915915915915916
9029632712,0.3828768768768769,0.002744744744744745,0.031927927927927924,0.3200540540540541,0.010084084084084084,0.0,0.021633633633633638,0.0015795795795795794,1.2012012012012014e-05,0.2289069069069069,0.00018018018018018016
9029637884,0.3224924924924925,0.0,0.0,0.5422882882882882,0.0,0.0,0.0,0.0,0.0,0.13521921921921926,0.0
9029663810,0.07708108108108108,0.17027027027027028,0.4352912912912913,0.16198798798798802,0.05876876876876878,0.0005225225225225224,0.03720720720720721,0.007813813813813814,0.004606606606606607,0.03436036036036036,0.012090090090090088
9029666834,0.00026143790849673205,0.851549019607843,0.0,0.00012418300653594774,6.5359477124183e-06,0.0,0.0,6.5359477124183e-06,0.0,0.14805228758169936,0.0
9029676120,0.10197342192691028,0.3986777408637874,0.3512691029900332,0.024691029900332225,0.05973421926910299,0.010186046511627907,0.0010697674418604652,0.004611295681063123,0.005980066445182724,0.026013289036544845,0.015794019933554816
9029686416,0.09802402402402402,0.011825825825825826,0.5320720720720721,0.04005405405405405,0.06944144144144145,0.00735135135135135,0.011135135135135137,0.003741741741741741,0.00609009009009009,0.03876276276276276,0.1815015015015015
