11232657803,0.20045592705167173,0.0,0.6824863221884498,0.0008571428571428571,0.009082066869300912,0.06184802431610944,0.0006200607902735562,0.0005714285714285715,0.018875379939209725,0.0011489361702127661,0.024054711246200608
11437345055,0.7984383561643835,0.004060273972602739,0.03715068493150685,0.00492054794520548,0.030986301369863013,0.0002904109589041096,0.000252054794520548,0.003704109589041096,0.00015342465753424655,0.01756164383561644,0.10248219178082192
11467896214,0.737168,0.037664,0.09049066666666665,0.04127466666666666,0.037413333333333326,0.004869333333333333,0.0030506666666666672,0.006624,0.004064,0.02416533333333333,0.013216
12010718044,0.284656346749226,0.0,0.0,0.3792569659442725,0.0,0.0,0.0,0.0,0.0,0.33608668730650154,0.0
12115424893,0.14756818181818182,0.0,0.0,0.2863806818181818,0.0,0.0,0.0,0.0,0.0,0.5660511363636364,0.0
167196217,0.309376,0.146016,0.0002506666666666667,0.22250133333333333,0.08821333333333335,0.0,0.0,1.0666666666666667e-05,6.933333333333333e-05,0.2335626666666667,0.0
167199643,0.257184,0.39482666666666666,0.000912,0.01944533333333333,0.26010666666666665,5.333333333333334e-06,0.0,0.0,0.0,0.06728,0.00024
167199979,0.3513333333333333,0.18754666666666667,0.00014933333333333332,0.19994666666666666,0.003376,0.0,4.8e-05,0.00012266666666666668,0.0,0.2574773333333333,0.0
1900855676,0.138768,0.12705066666666667,0.258448,0.2290133333333333,0.01848,0.0002666666666666667,0.008586666666666666,0.05461866666666667,9.066666666666667e-05,0.162656,0.0020213333333333333
2050957256,0.216352,0.0017226666666666664,0.13935466666666665,0.22410666666666668,0.07207466666666665,0.0002506666666666667,0.0008319999999999998,0.003376,0.0017920000000000002,0.3385546666666667,0.001584
2188644187,0.06092492492492493,0.08152552552552553,0.3872912912912913,0.3365705705705705,0.0983843843843844,3.603603603603604e-05,0.010054054054054054,8.408408408408409e-05,1.8018018018018016e-05,0.014072072072072072,0.01103903903903904
23059365,0.22440533333333332,0.12475733333333333,0.10919466666666666,0.14848533333333333,0.008234666666666666,0.0,0.013013333333333332,0.0012533333333333333,4.266666666666666e-05,0.3691893333333333,0.001424
23059414,0.350176,0.217248,0.05882666666666666,0.14218133333333333,0.015690666666666662,5.333333333333334e-06,0.0041066666666666665,0.000688,0.0014186666666666664,0.209584,7.466666666666666e-05
24333403,0.14432,0.06568,0.0054133333333333325,0.39996266666666663,0.05580266666666666,0.0,0.000688,0.0014453333333333336,0.000336,0.3263466666666667,5.333333333333334e-06
24333421,0.17426666666666665,0.065872,0.004656,0.334192,0.042090666666666665,0.0,0.0005493333333333333,0.0051253333333333324,0.0003573333333333333,0.37289066666666665,0.0
24333450,0.3149706666666667,0.0046026666666666655,0.18225066666666667,0.18018133333333333,0.00712,0.0,0.012474666666666669,0.005061333333333334,0.126512,0.16682666666666668,0.0
24333537,0.19915733333333333,0.4981973333333333,0.08613333333333334,0.151024,0.013706666666666669,0.0008533333333333333,0.011258666666666669,0.0026773333333333328,0.002784,0.027562666666666662,0.006645333333333333
2453298559,0.3047413333333333,0.006464,0.06951466666666667,0.36985066666666666,0.01765333333333333,0.0,0.0008426666666666667,0.001344,2.133333333333333e-05,0.2292586666666667,0.0003093333333333333
2453298861,0.22217066666666666,0.0022133333333333328,0.20730133333333334,0.30064,0.020570666666666668,1.0666666666666667e-05,0.002096,0.003648,0.00023466666666666666,0.2380106666666667,0.003104
2453301127,0.076768,0.254592,0.13588266666666668,0.2280693333333333,0.034192,0.0046773333333333346,0.002490666666666666,0.008208,0.031653333333333325,0.19116266666666668,0.032304
2465223599,0.12520996441281138,0.3224697508896797,0.005380782918149466,0.15355871886120998,0.002548042704626334,0.0,0.00012099644128113879,0.0006405693950177936,0.0,0.39007117437722416,0.0
2486927047,0.195616,0.7279306666666666,0.028672000000000003,0.035605333333333336,0.002528,1.0666666666666667e-05,0.0007466666666666666,0.002133333333333333,0.000128,0.005952,0.0006773333333333333
2509627375,0.869512048192771,6.024096385542168e-05,0.03039759036144578,0.01730120481927711,0.044771084337349394,6.024096385542168e-05,0.001680722891566265,0.0005722891566265061,0.0046084337349397595,0.030867469879518074,0.00016867469879518071
2510454848,0.018957831325301204,0.0026867469879518074,0.3007530120481928,0.0036445783132530115,0.00896987951807229,0.4241566265060241,0.002548192771084337,0.0007048192771084337,0.17229518072289154,0.011457831325301204,0.05382530120481928
2524337964,0.32651545036160423,0.09342537804076265,0.11842866535174228,0.27687047994740305,0.06375410913872452,0.017587113740959896,0.004464168310322156,0.03634451019066404,0.012952005259697568,0.012689020381328074,0.03696909927679158
2587362435,0.013289308176100629,6.2893081761006284e-06,0.2764276729559749,0.5557547169811321,0.0689937106918239,0.0003270440251572327,0.013459119496855344,3.144654088050314e-05,1.8867924528301885e-05,0.05906289308176101,0.012628930817610065
2616792186,0.201993993993994,0.028432432432432438,0.14323123123123124,0.4615915915915916,0.029057057057057058,1.2012012012012014e-05,0.010648648648648649,0.06081681681681681,0.0002222222222222222,0.05286486486486487,0.011129129129129127
2629816509,0.17705105105105104,0.03028228228228228,0.0537957957957958,0.6296876876876877,0.007543543543543542,0.0005945945945945945,0.010342342342342345,0.002972972972972973,0.0012672672672672672,0.05506906906906906,0.03139339339339339
2629822093,0.30423423423423424,0.5690390390390391,0.039657657657657656,0.06627027027027027,0.0016156156156156155,0.00038438438438438444,0.00030630630630630633,0.016252252252252252,0.00021621621621621621,0.0017117117117117118,0.0003123123123123123
2629823425,0.33707507507507506,0.6241741741741742,0.021303303303303302,0.007399399399399398,0.0024264264264264265,1.8018018018018016e-05,1.8018018018018016e-05,0.0074414414414414425,6.006006006006006e-05,6.006006006006007e-06,7.807807807807808e-05
2629828405,0.503951951951952,0.0,0.15096096096096095,0.00018018018018018016,0.0049009009009009005,0.2211831831831832,0.00018018018018018016,0.0008588588588588589,0.0330990990990991,0.0048408408408408396,0.07984384384384384
2629831173,0.553933933933934,0.0022462462462462464,0.2949549549549549,0.012,0.04569969969969969,0.04215015015015016,0.0012552552552552553,0.0016036036036036036,0.029783783783783782,0.0072012012012012015,0.009171171171171172
2629851239,0.24054654654654656,0.0008408408408408409,0.1193033033033033,0.3051651651651652,0.006456456456456456,0.00025825825825825824,0.009645645645645646,0.014186186186186188,0.02535735735735736,0.2776516516516517,0.0005885885885885886
2629854379,0.3095075075075075,0.0010030030030030027,0.14494894894894894,0.11126126126126126,0.027015015015015013,2.4024024024024028e-05,0.009765765765765764,0.008618618618618618,9.609609609609608e-05,0.3872612612612613,0.0004984984984984984
2630630766,0.3321201201201201,0.3295255255255255,0.12163963963963965,0.11292492492492492,0.0071711711711711715,0.0008708708708708709,0.0016396396396396395,0.004816816816816817,0.003441441441441441,0.07623423423423424,0.009615615615615615
2630632918,0.26903303303303305,0.02036636636636636,0.03140540540540541,0.43396996996997,0.007489489489489491,4.8048048048048055e-05,0.0026066066066066066,0.006012012012012012,0.009429429429429427,0.2052072072072072,0.01443243243243243
2630639272,0.20061861861861865,0.00593993993993994,0.2892852852852853,0.08828228228228227,0.004162162162162162,7.207207207207206e-05,0.0015615615615615615,0.028894894894894895,0.00018018018018018016,0.3802882882882883,0.0007147147147147147
2630640404,0.10945345345345343,0.7472012012012011,0.07034234234234234,0.0611951951951952,0.000882882882882883,3.003003003003003e-05,1.8018018018018016e-05,0.010438438438438438,6.006006006006007e-06,2.4024024024024028e-05,0.0004084084084084084
2630646886,0.4401681681681682,0.0,0.14833033033033033,0.0,0.011615615615615615,0.2708528528528529,6.006006006006007e-06,3.603603603603604e-05,0.06935735735735736,0.021735735735735732,0.037897897897897895
2630671840,0.19843243243243244,0.0010450450450450448,0.12206606606606607,0.4884804804804805,0.03694294294294295,4.204204204204204e-05,0.0022042042042042047,0.018024024024024025,0.0011771771771771774,0.13077477477477478,0.0008108108108108108
2630673146,0.15210210210210207,0.03072072072072072,0.27145345345345345,0.2766006006006006,0.001987987987987988,2.4024024024024028e-05,0.002528528528528529,0.020864864864864864,5.4054054054054054e-05,0.2403243243243243,0.0033393393393393394
2674622586,0.25723723723723724,0.6575375375375375,0.05945945945945945,0.013723723723723723,0.00651051051051051,3.603603603603604e-05,0.00013213213213213214,0.003303303303303303,0.0015075075075075073,0.0005045045045045045,4.8048048048048055e-05
2744360882,0.2796693333333333,0.044197333333333325,0.09888533333333333,0.31067733333333336,0.040362666666666665,1.0666666666666667e-05,0.004554666666666665,0.02375466666666667,0.006549333333333333,0.18832,0.0030186666666666665
2744360888,0.2509706666666667,0.060128,0.13086933333333334,0.30408,0.03371733333333333,5.333333333333334e-06,0.012357333333333331,0.02416533333333333,0.0013013333333333336,0.17652266666666666,0.005882666666666665
27483765,0.6140533333333333,0.000592,0.120192,0.0016533333333333333,0.042048,0.05010666666666666,0.0010773333333333334,0.0022453333333333327,0.006154666666666666,0.006512,0.15536533333333333
27483771,0.7919253333333333,0.000592,0.03514133333333333,0.000704,0.032522666666666665,0.07977066666666667,0.000176,0.0008639999999999998,0.010208,0.003792,0.044304
27483779,0.5324586666666666,0.0028106666666666666,0.21042133333333327,0.0010986666666666666,0.023482666666666662,0.12110399999999999,0.0007519999999999998,0.0016586666666666664,0.016848,0.004224,0.08514133333333332
27483907,0.702912,0.002293333333333333,0.09589866666666666,0.007312,0.02460266666666666,0.06136,0.0011573333333333331,0.002453333333333333,0.049344,0.013957333333333334,0.038709333333333325
27483924,0.7335893333333333,0.0006186666666666666,0.12221333333333333,0.0005493333333333333,0.006416,0.07105066666666666,5.8666666666666665e-05,0.0021973333333333333,0.015946666666666668,0.004917333333333334,0.042442666666666656
27483952,0.7744106666666667,0.000944,0.08766933333333332,0.006437333333333333,0.015205333333333331,0.059717333333333324,0.00037866666666666664,0.0027413333333333326,0.018464,0.0070986666666666655,0.02693333333333333
2764399631,0.033626666666666666,8.533333333333334e-05,0.305728,0.6035413333333334,0.03149866666666667,0.0,0.000176,5.8666666666666665e-05,2.133333333333333e-05,0.024298666666666663,0.0009653333333333332
2781049523,0.5888693333333334,0.03294933333333333,0.015536,0.2333706666666667,0.001968,0.001984,0.00013866666666666666,0.09294400000000001,0.026874666666666668,0.0014186666666666664,0.003946666666666666
2924458921,0.10063063063063064,0.14822222222222226,0.34965165165165163,0.0038018018018018017,0.00742942942942943,0.18505105105105105,0.06700900900900901,0.011843843843843843,0.06687687687687688,0.005975975975975976,0.053507507507507504
2925208666,0.14151951951951952,0.3532012012012012,0.20656456456456454,0.21532732732732726,0.014816816816816816,0.00015015015015015014,0.004492492492492493,0.0025585585585585586,0.0005105105105105105,0.05290690690690691,0.007951951951951952
296662143,0.21458666666666668,0.3500213333333333,0.05256,0.022986666666666662,0.166864,0.011514666666666666,0.006970666666666666,0.10118400000000001,0.008698666666666667,0.02216,0.042453333333333336
3042705721,0.3936053333333333,0.4022773333333333,0.145264,0.0008533333333333333,0.002928,0.02811733333333333,9.066666666666667e-05,0.007301333333333332,0.010218666666666666,0.002330666666666667,0.007013333333333333
3043544536,0.02245333333333333,0.5237226666666666,0.08672,0.0007253333333333333,0.001424,0.21191466666666667,0.0006506666666666666,0.031536,0.06514133333333333,0.00768,0.048032
3043871600,0.376336,0.003088,0.17168533333333333,0.3105386666666667,0.003573333333333333,0.0,0.033093333333333336,0.09613866666666665,0.005456,8e-05,1.0666666666666667e-05
3102751358,0.5675626666666665,1.0666666666666667e-05,0.304928,0.0013813333333333336,0.003242666666666667,0.06970133333333334,0.0008426666666666667,0.0029866666666666665,0.016410666666666667,0.015584,0.017349333333333338
3173783158,0.0040213333333333325,0.001248,0.034768,0.739936,0.08546133333333332,1.0666666666666667e-05,0.04708266666666666,0.05299733333333333,5.8666666666666665e-05,0.030117333333333333,0.004298666666666667
3173783162,0.3604901408450704,0.003898591549295775,0.04429295774647887,0.44490140845070425,0.05834366197183099,0.0,0.0005352112676056338,0.08741971830985916,0.00011267605633802815,5.633802816901408e-06,0.0
318465876,0.184656,0.2782186666666667,0.009792,0.44301866666666667,0.010474666666666669,0.0,0.00664,0.013168,6.933333333333333e-05,0.05378133333333333,0.00018133333333333331
3216505410,0.3741493333333333,0.38792,0.010346666666666669,0.02303466666666666,0.06548266666666665,0.0,3.733333333333333e-05,0.00104,2.133333333333333e-05,0.13796266666666668,5.333333333333334e-06
328997207,0.3252906666666667,0.2913386666666667,0.055184,0.01825066666666666,0.07006933333333333,0.007808,0.0041333333333333335,0.187872,0.03134933333333333,0.003877333333333333,0.004826666666666666
330056915,0.06986746987951807,0.0070120481927710854,0.08634939759036145,0.1646024096385542,0.08010240963855422,0.00048795180722891574,0.0006686746987951808,0.0008795180722891568,0.0007710843373493974,0.5796325301204818,0.009626506024096386
330062705,0.043075528700906335,0.026797583081571,0.2077280966767372,0.1637522658610272,0.032211480362537764,0.00570392749244713,0.007063444108761329,0.0010936555891238671,0.003842900302114803,0.4649244712990936,0.04380664652567976
330072686,0.03984776902887139,0.019622047244094488,0.06275590551181104,0.312,0.13383727034120735,8.923884514435695e-05,0.0013700787401574805,0.00030446194225721785,0.00015223097112860892,0.42443569553805777,0.0055853018372703424
330074636,0.04793957703927493,0.1106525679758308,0.20394561933534744,0.3323081570996979,0.04202416918429003,0.0010332326283987916,0.024157099697885195,0.011619335347432024,0.0001933534743202417,0.17822960725075526,0.047897280966767375
330079508,0.13891842900302115,0.018114803625377644,0.2516858006042296,0.3843383685800604,0.03904531722054381,3.021148036253776e-05,0.0035347432024169186,0.0009546827794561934,0.0008157099697885197,0.1541450151057402,0.00841691842900302
330084330,0.04707228915662651,0.011228915662650602,0.1883734939759036,0.13657831325301206,0.13801204819277108,0.00033734939759036143,0.0022228915662650607,0.0008493975903614458,0.0009759036144578313,0.4521506024096386,0.02219879518072289
330088907,0.08878549848942596,0.002598187311178248,0.1288640483383686,0.12305740181268883,0.01968580060422961,2.416918429003021e-05,0.005728096676737161,0.003232628398791541,0.002108761329305136,0.6246102719033233,0.0013051359516616315
330089170,0.09738697318007662,0.0010114942528735634,0.12596934865900386,0.0962528735632184,0.007164750957854406,7.662835249042145e-06,0.0030651340996168588,0.002521072796934866,0.0020229885057471268,0.6637624521072797,0.0008352490421455939
330089856,0.07418674698795182,0.004078313253012048,0.04732530120481928,0.20845180722891565,0.022367469879518074,0.0,0.0041204819277108435,0.0027349397590361447,0.0006265060240963857,0.6356807228915663,0.000427710843373494
330096935,0.0726987951807229,0.004355421686746988,0.3273795180722892,0.07110240963855421,0.008108433734939758,0.014144578313253012,0.004825301204819278,0.014186746987951809,0.0014518072289156627,0.44055421686746987,0.04119277108433735
331229065,0.06193975903614458,0.028704819277108436,0.13612048192771084,0.3131927710843373,0.03490963855421687,0.0026626506024096386,0.010102409638554216,0.002837349397590361,0.004367469879518073,0.38681325301204816,0.018349397590361447
339911248,0.06364032697547684,0.00384741144414169,0.1794114441416894,0.10855040871934606,0.031400544959128064,0.00022888283378746596,0.000561307901907357,0.0008446866485013624,1.6348773841961857e-05,0.5947683923705722,0.01673024523160763
36107502,0.4294933333333333,0.31245333333333336,0.06500266666666667,0.039264,0.031114666666666662,0.030293333333333325,0.015018666666666666,0.01924266666666667,0.00808,0.04162133333333334,0.008416
36108839,0.4736746666666666,0.382512,0.049973333333333335,0.010709333333333331,0.012512,0.025616000000000003,0.002250666666666667,0.02288,0.009674666666666666,0.0016693333333333336,0.008528
36111109,0.43355733333333335,0.470816,0.033264,0.0022186666666666665,0.008191999999999998,0.023146666666666663,0.00033066666666666666,0.007109333333333333,0.013029333333333334,0.001013333333333333,0.007322666666666666
3739344801,0.153744,0.040314666666666665,0.10486400000000001,0.177632,0.02082666666666667,0.0,0.0004426666666666666,0.0022613333333333326,0.00039466666666666665,0.4993653333333333,0.00015466666666666667
3739365059,0.058693333333333327,0.2630186666666667,0.18418133333333334,0.2343413333333333,0.024432,0.0008693333333333333,0.0017066666666666669,0.0049226666666666655,0.0018773333333333333,0.219312,0.006645333333333333
3739368855,0.06408533333333333,0.08570666666666665,0.10001066666666666,0.3201226666666667,0.014730666666666666,0.0005493333333333333,0.005909333333333332,0.005978666666666666,0.003792,0.39876266666666665,0.000352
3739394657,0.08304533333333332,0.05890666666666668,0.19674133333333327,0.06765333333333333,0.006864,0.001104,0.0013653333333333336,0.007312,0.00043733333333333336,0.561232,0.015338666666666669
3739398765,0.085328,0.05922666666666665,0.175824,0.07825066666666665,0.0066613333333333325,0.0013813333333333336,0.0011466666666666667,0.007952,0.0008586666666666666,0.568832,0.014538666666666668
3739978971,0.074128,0.058096,0.146288,0.5389813333333333,0.005690666666666666,0.0004533333333333333,0.00456,0.006330666666666666,0.00018666666666666666,0.158912,0.006373333333333332
3740006657,0.20097066666666666,0.3724853333333333,0.16629866666666668,0.058576,0.022896,2.666666666666667e-05,0.000448,0.002464,5.333333333333333e-05,0.175456,0.0003253333333333333
3740142670,0.17013333333333333,0.09970666666666665,0.10303466666666666,0.14562666666666665,0.028272,2.133333333333333e-05,0.0004586666666666666,0.005194666666666666,0.0004586666666666666,0.446832,0.0002613333333333333
3740146414,0.11015466666666666,0.05085866666666667,0.02970133333333333,0.51128,0.03221866666666666,2.133333333333333e-05,0.003370666666666667,0.005802666666666666,0.0017760000000000002,0.2546506666666667,0.00016533333333333333
3740150104,0.02060266666666666,0.2881333333333333,0.127328,0.4670453333333333,0.0039306666666666665,0.0012533333333333333,0.001552,0.005498666666666666,0.00022400000000000002,0.077072,0.00736
3740182754,0.08878933333333333,0.054549333333333325,0.16278933333333334,0.07630399999999998,0.006234666666666667,0.001472,0.001248,0.008255999999999998,0.0008426666666666667,0.585616,0.013898666666666669
3769232449,0.13680533333333333,0.384704,0.252192,0.059312,0.035536,0.006501333333333333,0.0018933333333333328,0.013344,0.004522666666666667,0.046352,0.058837333333333325
3769378067,0.2026776859504132,0.27943250688705235,0.16607162534435266,0.26776308539944904,0.01122865013774105,0.025944903581267217,0.003107438016528925,0.015592286501377409,0.01090358126721763,0.0008650137741046832,0.01641322314049587
3769384363,0.17456267409470752,0.311091922005571,0.15763231197771588,0.2602506963788301,0.009298050139275765,0.03298607242339832,0.004952646239554317,0.015526462395543174,0.010768802228412257,0.0034317548746518106,0.019498607242339837
3769392241,0.039305785123966944,0.43096969696969695,0.1318457300275482,0.19771349862258952,0.0013443526170798898,0.08933884297520661,0.0390137741046832,0.016451790633608816,0.013223140495867768,0.017961432506887053,0.02283195592286501
3769396501,0.033964179104477604,0.7285970149253731,0.016370149253731342,0.114,0.006471641791044776,0.0003044776119402985,0.02152238805970149,0.042985074626865676,0.00011343283582089551,0.02565373134328358,0.010017910447761194
3769398061,0.03286426592797784,0.489584487534626,0.14281440443213295,0.09732409972299168,0.0040055401662049865,0.09452631578947368,0.045734072022160656,0.022747922437673127,0.014659279778393352,0.020903047091412743,0.03483656509695291
3769399435,0.032444444444444435,0.4876166666666666,0.1636277777777778,0.09655555555555555,0.002694444444444445,0.09714444444444444,0.038622222222222224,0.020711111111111114,0.011866666666666666,0.01718888888888889,0.03152777777777778
3769402409,0.012923976608187136,0.6968245614035088,0.042508771929824565,0.20732163742690055,0.014701754385964912,0.0005087719298245614,0.0002222222222222222,0.0007017543859649122,0.0,0.0018538011695906434,0.022432748538011697
3769414581,0.031872222222222225,0.4889888888888889,0.15593333333333334,0.09262777777777778,0.004211111111111111,0.09682222222222223,0.042655555555555565,0.02240555555555556,0.012688888888888887,0.018805555555555555,0.03298888888888889
3770029302,0.14039466666666667,0.628784,0.14746666666666666,0.03184,0.03770133333333334,0.0009813333333333334,0.0002666666666666667,0.005536,0.00088,0.0010826666666666669,0.0050666666666666655
3770033664,0.3865813333333333,0.24529066666666666,0.10428266666666666,0.059093333333333324,0.031029333333333325,0.006816,0.003381333333333333,0.03562666666666667,0.003386666666666667,0.0025226666666666665,0.12198933333333335
3770185618,0.2661586402266289,0.038594900849858366,0.10338243626062324,0.5069631728045326,0.003875354107648725,0.00016430594900849858,0.0005325779036827196,0.0011274787535410767,0.00014164305949008498,0.06656657223796034,0.012492917847025496
3770205488,0.14594900849858358,0.7204985835694051,0.025886685552407928,0.07882719546742209,0.007705382436260622,0.00023229461756373935,0.0013937677053824362,0.010430594900849858,3.3994334277620395e-05,0.0013371104815864026,0.007705382436260622
3770210866,0.031823204419889506,0.4866187845303868,0.15644198895027625,0.09171270718232045,0.0042928176795580105,0.09785635359116023,0.04351381215469613,0.022331491712707183,0.012867403314917128,0.01889502762430939,0.033646408839779006
3770217950,0.013495652173913044,0.7440579710144928,0.03267826086956522,0.09428405797101448,0.011455072463768116,0.009449275362318842,0.015142028985507247,0.007849275362318843,0.00011594202898550725,0.034869565217391305,0.036602898550724634
3774457925,0.5070690690690691,0.06203003003003003,0.03878078078078078,0.23124324324324325,0.034,0.00016816816816816817,0.03548948948948949,0.01145945945945946,0.002720720720720721,0.07588588588588589,0.0011531531531531532
3774468529,0.39216216216216215,0.024114114114114116,0.08684684684684685,0.18981381381381385,0.028504504504504508,0.00042642642642642644,0.03096696696696697,0.010366366366366366,0.0041381381381381385,0.2132852852852853,0.019375375375375373
3774484665,0.5472252252252252,0.07123123123123123,0.05854054054054054,0.16624024024024026,0.041333333333333326,1.8018018018018016e-05,0.03461861861861862,0.010744744744744746,0.008444444444444444,0.0595975975975976,0.0020060060060060054
3774492333,0.24796996996997,0.06384984984984984,0.08882882882882881,0.4484024024024024,0.12208408408408407,6.006006006006007e-06,0.00712912912912913,0.010786786786786786,0.004282282282282281,0.0064804804804804795,0.00018018018018018016
3775281856,0.2533693693693693,0.012546546546546545,0.17043843843843845,0.31305705705705705,0.013609609609609608,0.0001021021021021021,0.005465465465465466,0.003201201201201201,0.009831831831831834,0.21815615615615616,0.0002222222222222222
3775286010,0.6270690690690691,0.09730930930930931,0.021213213213213213,0.12334534534534534,0.013117117117117116,2.4024024024024028e-05,0.015573573573573574,0.011843843843843843,0.0016096096096096097,0.08765165165165165,0.0012432432432432433
3793501173,0.19581494661921708,0.25309608540925266,0.12168683274021352,0.16004270462633452,0.077288256227758,0.000298932384341637,0.001708185053380783,0.0028113879003558717,0.0023914590747330963,0.1811459074733096,0.003715302491103203
3794894685,0.157216,0.13479466666666667,0.08117866666666665,0.043696,0.059338666666666665,0.0,0.0002773333333333333,0.0002826666666666667,0.001546666666666667,0.5202986666666666,0.0013706666666666667
3794899663,0.16997333333333334,0.17179733333333333,0.110256,0.15748266666666666,0.04985066666666666,4.8e-05,0.0027413333333333326,0.003584,0.016938666666666668,0.31296,0.004368
3794900025,0.13793066666666667,0.10255466666666667,0.338336,0.15094933333333332,0.034992,6.933333333333333e-05,0.026976,0.0024053333333333327,0.0136,0.18360533333333331,0.008581333333333333
3794908039,0.313152,0.18376,0.031029333333333325,0.053232,0.04787733333333333,0.0,0.000288,0.004149333333333333,0.0042506666666666665,0.3615413333333333,0.00072
3794909783,0.29684266666666664,0.06861333333333333,0.19443733333333327,0.05839466666666665,0.03359466666666667,0.0,0.0014880000000000002,0.001104,0.002922666666666667,0.3423306666666667,0.000272
3795729358,0.16137066666666666,0.03472,0.19660266666666668,0.03151466666666667,0.02789333333333333,4.266666666666666e-05,0.0017866666666666669,0.005744,0.016128,0.5217546666666667,0.002442666666666667
3795731120,0.3794293333333333,0.15685333333333334,0.10780799999999999,0.02317333333333333,0.138896,0.0,0.00072,0.0003893333333333333,3.2e-05,0.192368,0.00033066666666666666
3795731758,0.397744,0.10429333333333334,0.013712,0.13251733333333332,0.02914133333333333,1.0666666666666667e-05,0.0011733333333333333,0.000944,0.0002293333333333333,0.3202346666666667,0.0
3795731986,0.3966133333333333,0.09325866666666667,0.002949333333333333,0.3073226666666667,0.009322666666666665,0.0,0.004672,0.0004746666666666666,0.00013866666666666666,0.1851573333333333,9.066666666666667e-05
3795732278,0.4515306666666666,0.12448533333333335,0.0019199999999999998,0.16282133333333335,0.021194666666666667,0.0,0.000368,0.000352,9.6e-05,0.2372213333333333,1.0666666666666667e-05
3795733392,0.3178133333333333,0.05568533333333334,0.016794666666666666,0.2465813333333333,0.037754666666666666,0.0,0.0008906666666666666,0.006746666666666666,0.00104,0.316688,5.333333333333334e-06
3908989117,0.12106133333333335,0.06568,0.07834666666666665,0.37915733333333335,0.21624533333333332,2.133333333333333e-05,0.00033066666666666666,0.00041066666666666666,0.0013226666666666669,0.13697066666666666,0.0004533333333333333
3940916652,0.3713013333333333,0.033253333333333336,0.029088,0.2810666666666667,0.15424533333333335,0.0,0.00014933333333333332,0.003056,0.00020266666666666667,0.12763733333333332,0.0
4054063642,0.07121321321321321,0.0,0.33744144144144145,0.043333333333333335,0.014966966966966968,1.8018018018018016e-05,0.381993993993994,0.0006606606606606607,0.000882882882882883,0.14948348348348348,6.006006006006007e-06
4310790763,0.14143466666666665,0.17098666666666668,0.300416,0.00152,0.09815466666666665,0.0007413333333333333,2.133333333333333e-05,0.006037333333333333,0.001392,0.013658666666666666,0.2656373333333333
4581439243,0.02198203592814371,0.8641616766467066,0.07468263473053892,0.0015928143712574847,0.0032874251497005988,0.013604790419161676,0.0,0.0012215568862275446,0.001748502994011976,0.0029041916167664673,0.014814371257485031
4581440783,0.024682634730538926,0.8602754491017965,0.07759281437125749,0.0009161676646706586,0.0034850299401197604,0.013173652694610778,0.0,0.0007425149700598803,0.0016107784431137724,0.0022754491017964074,0.015245508982035928
461817428,0.2648855421686747,0.4348674698795181,0.1691746987951807,0.0009277108433734942,0.0031566265060240964,0.06773493975903615,0.00013855421686746988,0.004012048192771085,0.009132530120481928,0.0016144578313253013,0.044355421686746985
471850273,0.05952409638554216,0.4901987951807229,0.21986746987951808,0.04602409638554217,0.0022469879518072287,0.01785542168674699,0.0023313253012048197,0.028186746987951806,0.003325301204819277,0.004921686746987952,0.12551807228915662
471882301,0.018849397590361444,0.4659457831325301,0.0675,0.015680722891566266,0.0017530120481927714,0.23580722891566264,0.040843373493975904,0.03305421686746988,0.021548192771084336,0.0018614457831325304,0.09715662650602408
471882305,0.09110240963855422,0.4804518072289157,0.15377710843373493,0.0013012048192771086,0.002403614457831325,0.13147590361445782,0.00018674698795180725,0.036331325301204816,0.014210843373493974,0.0012108433734939758,0.08754819277108433
4733364893,0.0948,0.0004586666666666666,0.023685333333333333,0.06004266666666666,0.4878666666666666,0.00014933333333333332,0.0010666666666666667,0.0015626666666666664,0.001248,0.3246293333333333,0.004490666666666665
4733382879,0.1074320987654321,0.008271604938271603,0.043891358024691365,0.3883703703703704,0.13110123456790124,0.00014320987654320989,0.0008,0.0012,0.0007259259259259261,0.31676543209876545,0.0012987654320987655
4733384559,0.10523076923076922,0.041773279352226717,0.003214574898785425,0.5308582995951417,0.02013765182186235,8.097165991902836e-06,0.0006720647773279353,0.0019028340080971657,0.0007854251012145747,0.2953927125506073,2.4291497975708505e-05
4733390611,0.15150295857988166,0.02196449704142012,0.06020710059171596,0.3558224852071005,0.04507100591715976,2.366863905325444e-05,0.0008934911242603551,0.0025798816568047334,0.0015976331360946744,0.3602721893491124,6.508875739644971e-05
4733413255,0.14265116279069767,0.0012691029900332225,0.06196013289036545,0.18286378737541528,0.06716279069767442,0.0,0.0002192691029900332,0.0010498338870431894,0.0011694352159468439,0.5409235880398671,0.0007308970099667774
4733442349,0.0662943722943723,0.09218181818181817,0.0,0.17601731601731602,8.658008658008657e-06,0.0,1.7316017316017315e-05,0.00035497835497835497,0.0,0.6651255411255411,0.0
4733448733,0.12236653386454185,0.00020717131474103583,0.34256573705179283,0.03556972111553785,0.06995219123505976,0.00011155378486055776,0.0006613545816733068,0.0006613545816733068,0.00015936254980079682,0.3834183266932271,0.04432669322709163
4733463223,0.04135622317596566,0.003502145922746781,0.2301630901287553,0.08409442060085837,0.018454935622317595,0.0003776824034334764,0.000798283261802575,0.0036309012875536477,0.0006866952789699571,0.5996824034334763,0.01725321888412017
4733513733,0.3059559228650138,0.000831955922865014,0.00696418732782369,0.2760495867768595,0.19114600550964184,0.0,0.003823691460055097,0.0018567493112947656,0.007228650137741046,0.20614325068870526,0.0
4734019980,0.15021505376344085,0.009322580645161293,0.013720430107526882,0.7680537634408602,0.053956989247311835,6.451612903225807e-05,0.0005376344086021505,0.0019569892473118283,0.0006344086021505376,0.0014731182795698927,6.451612903225807e-05
4734076758,0.2832698412698413,0.001417989417989418,0.04865079365079365,0.08755026455026454,0.09738095238095239,5.291005291005291e-06,0.0004391534391534392,0.0003174603174603174,0.00016931216931216931,0.4806243386243386,0.00017460317460317462
4734095730,0.056277333333333325,0.009024,0.09488533333333331,0.05100266666666666,0.10128,0.0,0.001216,0.003056,1.6e-05,0.6718506666666667,0.011392
4734115476,0.18389866666666665,0.002752,0.11752,0.3189013333333333,0.12491733333333335,0.0,0.00010133333333333332,0.000528,0.0006613333333333333,0.2496426666666667,0.0010773333333333334
504119953,0.079376,0.40047466666666665,0.2413386666666667,0.058677333333333324,0.015712,9.066666666666667e-05,0.0031733333333333327,0.009184,0.002325333333333333,0.187792,0.0018559999999999998
5091231717,0.19896696696696695,0.16954954954954954,0.0349009009009009,0.03533933933933934,0.05482882882882883,6.006006006006007e-06,0.00012012012012012012,0.0005885885885885886,0.0001021021021021021,0.5041141141141141,0.0014834834834834836
518891917,0.02613855421686747,0.00026506024096385544,0.2622771084337349,0.018578313253012048,0.00046987951807228915,0.14587951807228916,0.02902409638554217,0.012367469879518072,0.4821084337349398,0.00394578313253012,0.01894578313253012
5315469321,0.38288,0.355776,0.00011200000000000001,0.07813333333333332,0.0029706666666666666,0.0,0.00010133333333333332,0.000256,5.333333333333333e-05,0.17971733333333334,0.0
5454973641,0.41858133333333336,0.00144,0.000768,0.199632,0.002917333333333333,0.0,0.0020906666666666665,0.002608,0.0,0.371936,2.666666666666667e-05
5454974895,0.3941226666666667,0.002474666666666667,0.0008693333333333333,0.21811733333333333,0.002688,0.0,0.00104,0.0009973333333333331,5.333333333333334e-06,0.379616,6.933333333333333e-05
5454976139,0.43517866666666666,5.333333333333334e-06,0.0005546666666666666,0.3560426666666667,0.0007573333333333334,0.0,0.04561066666666666,0.0,0.0,0.16185066666666667,0.0
5454982227,0.0684,0.014906666666666669,0.00012266666666666668,0.3348853333333333,5.8666666666666665e-05,5.333333333333334e-06,0.0009813333333333334,0.0004853333333333333,8e-05,0.5800746666666666,0.0
5454988509,0.15291733333333332,4.8e-05,0.00021333333333333333,0.77776,0.00031466666666666665,0.0,0.02253333333333333,5.333333333333334e-06,5.333333333333334e-06,0.04620266666666667,0.0
5455578324,0.79856,0.007152,0.0012,0.08741333333333333,0.005946666666666665,5.333333333333334e-06,0.000656,0.0016746666666666668,1.6e-05,0.09717866666666665,0.00019733333333333327
5455583132,0.5954666666666667,6.4e-05,0.0007733333333333333,0.3702506666666667,0.002949333333333333,0.0,0.004784,0.000496,0.0,0.025210666666666662,5.333333333333334e-06
5455585368,0.7729173333333333,0.00768,0.0020746666666666665,0.094752,0.007632,1.0666666666666667e-05,0.001056,0.0017920000000000002,5.333333333333334e-06,0.11189866666666666,0.00018133333333333331
5455586790,0.4837386666666666,5.333333333333334e-06,0.0009066666666666666,0.2810293333333333,0.002053333333333333,0.0,0.021930666666666668,0.00016,0.0,0.21012266666666668,5.333333333333333e-05
5455588046,0.7696106666666666,0.006512,0.0018559999999999998,0.11714133333333332,0.007296,5.333333333333334e-06,0.00184,0.001930666666666667,0.0,0.09351466666666665,0.0002933333333333333
5455589204,0.484704,0.0,0.0008586666666666666,0.17378133333333334,0.0007519999999999998,0.0,0.035605333333333336,5.333333333333334e-06,1.0666666666666667e-05,0.3042666666666667,1.6e-05
5455589672,0.4044426666666667,0.0,0.000288,0.3136,0.0004746666666666666,0.0,0.051445333333333336,0.0,0.0,0.2297493333333333,0.0
5455596748,0.333136,0.0,0.00013866666666666666,0.3543146666666667,0.0,0.0,0.311472,0.0006453333333333334,0.0,0.0002933333333333333,0.0
5455601708,0.3993973333333333,0.008144,0.00013333333333333334,0.3505173333333333,0.0007413333333333333,0.0,0.0028746666666666673,1.0666666666666667e-05,0.0,0.2381813333333333,0.0
5538907257,0.2375735735735736,0.06925525525525525,0.08745945945945946,0.1476936936936937,0.18225225225225225,6.006006006006007e-06,0.0022642642642642643,0.004624624624624625,0.00025225225225225225,0.26242642642642644,0.006192192192192192
5538918645,0.08624024024024024,0.02723723723723724,0.028786786786786787,0.6544024024024024,0.04174174174174174,4.204204204204204e-05,0.01027027027027027,0.0036996996996997,0.0106006006006006,0.13643243243243244,0.0005465465465465466
5542846707,0.5060600600600601,0.0017417417417417418,0.4131711711711712,0.003429429429429429,0.017195195195195197,0.023153153153153156,0.0005405405405405405,0.0012372372372372372,0.0008168168168168168,0.00575975975975976,0.02689489489489489
5542853195,0.745003003003003,0.0014474474474474475,0.17056456456456456,0.018912912912912912,0.028858858858858864,0.00196996996996997,0.0023903903903903906,0.0016276276276276276,0.0002882882882882883,0.015873873873873873,0.013063063063063063
5542871699,0.7716696696696695,0.0018618618618618614,0.10786786786786788,0.010186186186186186,0.009279279279279282,0.04542342342342343,0.0012312312312312312,0.0015615615615615615,0.0012972972972972972,0.005615615615615616,0.04400600600600601
5542884563,0.6940780780780781,0.00025225225225225225,0.17106306306306307,0.014582582582582585,0.00672072072072072,0.05411411411411411,0.0029009009009009013,0.0010450450450450448,0.0007807807807807806,0.007747747747747747,0.046714714714714715
5542895477,0.6948408408408409,0.00011411411411411411,0.13416816816816818,0.00181981981981982,0.0046546546546546545,0.10769369369369368,0.001309309309309309,0.0009009009009009008,0.002762762762762763,0.006042042042042042,0.045693693693693686
5543421034,0.6760900900900901,0.010414414414414416,0.2258918918918919,0.0206006006006006,0.024672672672672674,0.00806006006006006,0.0003543543543543544,0.0037777777777777775,0.0005765765765765766,0.007489489489489491,0.022072072072072072
5543423000,0.6287507507507507,0.005951951951951953,0.3150630630630631,0.006054054054054054,0.004684684684684685,0.017501501501501503,0.0003663663663663664,0.004108108108108109,0.0003903903903903904,0.003945945945945945,0.013183183183183185
5543455392,0.7227867867867867,0.00011411411411411411,0.15805405405405407,0.0021441441441441447,0.002192192192192192,0.0767027027027027,0.0006906906906906907,0.0011711711711711714,0.001867867867867868,0.002036036036036036,0.03224024024024024
5543467632,0.3738678678678679,0.0004024024024024024,0.5823603603603603,0.0026666666666666666,0.006876876876876877,0.010942942942942943,0.0003663663663663664,0.00024024024024024023,0.0006066066066066065,0.0024264264264264265,0.01924324324324324
5543471390,0.9055315315315317,4.8048048048048055e-05,0.02763963963963964,0.00016216216216216215,0.006612612612612613,0.026228228228228227,0.00013213213213213214,0.000990990990990991,0.0012972972972972972,0.008024024024024022,0.02333333333333333
5543481032,0.3301321321321321,0.09014414414414416,0.4681441441441441,0.005963963963963964,0.003063063063063063,0.018672672672672672,0.002816816816816817,0.0661081081081081,0.003771771771771772,0.004126126126126126,0.007057057057057056
5543485176,0.559993993993994,0.0017357357357357358,0.32511111111111113,0.003963963963963964,0.02178978978978979,0.053015015015015016,0.0005225225225225224,0.0009609609609609607,0.0024924924924924928,0.010834834834834836,0.019579579579579575
5563453005,0.20770666666666668,0.006117333333333333,0.13707733333333333,0.102192,0.04609066666666666,0.005893333333333335,0.006133333333333334,0.018058666666666667,0.3595466666666667,0.10626133333333332,0.0049226666666666655
5566463504,0.038356968215158924,0.00517359413202934,0.01660635696821516,0.009530562347188264,0.24207823960880195,0.0002885085574572127,0.3503471882640587,0.003119804400977995,0.24240586797066016,0.09134963325183372,0.0007432762836185819
5755073467,0.06797707736389685,0.36066475644699136,0.09816045845272206,0.03272206303724928,0.2672722063037249,0.003243553008595989,0.002653295128939828,0.0026876790830945557,0.006739255014326648,0.043954154727793696,0.11392550143266475
5975724871,0.23665979381443303,0.35758762886597933,0.10404123711340206,0.08307216494845361,0.03631443298969072,0.002247422680412371,0.005572164948453607,0.010061855670103093,0.032314432989690715,0.12474226804123713,0.0073865979381443295
5975725783,0.11695548961424332,0.32688427299703265,0.047798219584569736,0.3351157270029673,0.03565578635014837,0.0017982195845697329,0.010178041543026706,0.0042255192878338284,0.011566765578635016,0.10659940652818993,0.003222551928783383
5975733919,0.04628494623655914,0.3296989247311828,0.07505376344086022,0.23968279569892476,0.055935483870967743,0.001435483870967742,0.002774193548387097,0.0018333333333333333,0.016811827956989246,0.22027956989247316,0.010209677419354841
5976285938,0.1965676392572944,0.31588328912466845,0.1596763925729443,0.14587798408488065,0.06103978779840849,9.018567639257292e-05,0.0040106100795755965,0.0005039787798408488,0.0006259946949602123,0.11481167108753315,0.0009124668435013264
5976286732,0.098608,0.2664213333333333,0.06305066666666667,0.27138666666666666,0.02824533333333333,0.0005226666666666666,0.008629333333333331,0.009296,0.05999466666666666,0.187808,0.006037333333333333
5976289312,0.17907945205479453,0.2442684931506849,0.15042191780821915,0.19421917808219175,0.18416986301369864,0.00013698630136986298,0.0010136986301369864,0.0006794520547945206,6.027397260273974e-05,0.04265753424657534,0.0032931506849315072
5976290086,0.11705586592178772,0.29472625698324023,0.03276536312849162,0.34403351955307265,0.03347486033519553,0.0005139664804469274,0.03045251396648045,0.005324022346368715,0.024184357541899442,0.11550837988826815,0.0019608938547486035
5984534228,0.17968219178082193,0.2442904109589041,0.15056438356164384,0.19467397260273966,0.182586301369863,0.00012054794520547945,0.0011178082191780822,0.0005479452054794519,6.575342465753424e-05,0.04296986301369863,0.003380821917808219
5984541482,0.11625519287833827,0.3266172106824926,0.04785756676557863,0.33581008902077153,0.03598813056379822,0.0017626112759643914,0.010053412462908012,0.004083086053412463,0.011590504451038576,0.1067893175074184,0.003192878338278932
5989440877,0.288715,0.0032,0.217425,0.2244,0.077915,0.060445,0.032755,0.001895,0.07922,0.01201,0.00202
5989440911,0.3452958579881657,0.002236686390532545,0.28514201183431953,0.11410650887573966,0.05566272189349113,0.11137278106508876,0.03301775147928994,0.0015029585798816568,0.016011834319526626,0.032,0.003650887573964497
5989441049,0.4956352941176471,0.042382352941176475,0.3182058823529412,0.07707058823529411,0.0072058823529411765,0.0001,0.005176470588235295,0.003541176470588235,0.005129411764705882,0.045441176470588235,0.00011176470588235293
5989441205,0.4654705882352941,0.013882352941176472,0.2509882352941176,0.10202941176470587,0.017005882352941176,0.0002941176470588235,0.04880588235294118,0.004494117647058824,0.09407058823529411,0.0028294117647058824,0.00012941176470588234
5993419426,0.31682539682539684,0.0,0.0,0.4119642857142857,0.0,0.0,0.0,0.0,0.0,0.2712103174603175,0.0
6031023157,0.466735,1.4999999999999999e-05,0.375765,0.032255,0.027510000000000003,0.008354999999999998,0.07242,0.000705,0.009385,0.006615,0.00024
6031023315,0.3896,3.5e-05,0.46621,0.04833,0.01871,0.00881,0.03432,0.00199,0.01724,0.004945,0.00981
6031023591,0.36457,0.001235,0.313135,0.03081,0.044505,0.012705,0.15844,0.0074,0.05202,0.01264,0.00254
6031023979,0.2888411764705882,1.1764705882352942e-05,0.5437764705882353,0.042041176470588235,0.024717647058823528,0.008641176470588234,0.06188235294117647,0.003017647058823529,0.024129411764705882,0.0012,0.0017411764705882356
6031024591,0.24144117647058824,0.0036588235294117647,0.5672529411764706,0.04254705882352941,0.031141176470588238,0.004852941176470589,0.07845294117647057,0.0023588235294117648,0.021511764705882352,0.0014823529411764707,0.0053
6031024805,0.225625,0.02227,0.482065,0.058045,0.088935,0.00566,0.02371,0.006355,0.04754,0.0241,0.015695
6031579036,0.3927352941176471,0.03595294117647059,0.2463764705882353,0.05631176470588235,0.012358823529411764,0.07211764705882354,0.060276470588235286,0.04546470588235294,0.03374117647058824,0.014529411764705884,0.030135294117647055
6031579308,0.4147294117647059,0.009858823529411764,0.3424235294117647,0.058117647058823524,0.007823529411764707,0.04188823529411765,0.07798235294117646,0.0061,0.029535294117647055,0.010670588235294116,0.0008705882352941178
6031579662,0.484025,0.00011499999999999999,0.314055,0.0411,0.06099,0.01051,0.056645,0.00229,0.013945,0.00963,0.006695
6031580490,0.22328823529411765,0.005788235294117647,0.5700941176470589,0.07631764705882353,0.028823529411764706,0.017635294117647058,0.0267,0.0027529411764705878,0.024547058823529408,0.020194117647058824,0.003858823529411765
6031580638,0.18086470588235293,0.006394117647058824,0.5813705882352941,0.04525294117647058,0.03561176470588235,0.048723529411764714,0.039858823529411766,0.022017647058823527,0.035676470588235296,0.001988235294117647,0.002241176470588235
6292210355,0.19567441860465115,0.011359173126614988,0.10752454780361756,0.5581085271317829,0.011405684754521963,0.002341085271317829,0.0006511627906976744,0.0013746770025839794,0.04789664082687338,0.056211886304909565,0.00745219638242894
6582496711,0.14618048780487805,0.08118536585365856,0.5505756097560977,0.0658439024390244,0.006434146341463415,0.013614634146341464,0.058921951219512186,0.025365853658536587,0.022,0.026243902439024386,0.003634146341463415
6864742632,0.681003003003003,0.009837837837837836,0.0943003003003003,0.012534534534534536,0.04061861861861862,0.0629009009009009,0.00039639639639639637,0.017357357357357356,0.0017117117117117118,0.009117117117117116,0.07022222222222224
6896145452,0.22408219178082192,1.3698630136986302e-05,0.38,0.0001917808219178082,0.00048630136986301366,0.2533972602739725,0.005157534246575343,0.0024520547945205483,0.12165753424657536,0.00473972602739726,0.007821917808219178
6896175006,0.164585,0.0,0.423375,1e-05,1e-05,0.330155,6e-05,0.00581,0.07424,5e-06,0.00175
6896204402,0.6224388714733542,0.0006081504702194358,0.1341191222570533,7.523510971786833e-05,3.134796238244515e-05,0.19234482758620688,1.8808777429467086e-05,0.0003887147335423197,0.04710971786833856,6.896551724137931e-05,0.002796238244514107
6896216106,0.229688,0.447364,0.05506,0.07209999999999998,0.045216,0.0011,0.005808,0.10560399999999999,0.002196,0.030808,0.005056
6896217282,0.1939375,0.11765833333333335,0.20215416666666666,0.06015416666666666,0.0122375,0.012545833333333334,0.0052791666666666655,0.03229166666666667,0.005845833333333333,0.3556875,0.0022083333333333334
7008052793,0.1315268138801262,0.11962145110410095,0.21458675078864356,0.08460567823343848,0.1079242902208202,0.0009526813880126182,0.05403785488958991,0.03239116719242902,0.017179810725552046,0.17199369085173502,0.06517981072555205
7042236887,0.2289370629370629,6.993006993006993e-06,0.4766223776223776,0.0013356643356643356,0.001111888111888112,0.2194055944055944,0.0025104895104895103,0.0017762237762237762,0.05883916083916084,0.0013846153846153845,0.00806993006993007
7042267503,0.8158120104438642,0.00010966057441253264,0.12480939947780678,0.0005430809399477808,0.000391644908616188,0.025770234986945167,0.0011383812010443866,0.0007885117493472586,0.023023498694516968,0.002099216710182768,0.005514360313315927
7042298535,0.3306687116564417,0.0,0.5753865030674846,0.0004171779141104295,0.0009754601226993863,0.06285276073619632,0.00022085889570552144,1.8404907975460126e-05,0.029202453987730064,5.521472392638037e-05,0.00020245398773006132
7042303071,0.33426,0.0,0.424092,0.000476,0.000716,0.101384,0.005284,0.011176,0.122592,0.0,2e-05
7042306417,0.38605895691609976,1.3605442176870747e-05,0.4369297052154195,0.0005714285714285715,0.0006802721088435374,0.09775056689342404,0.0008662131519274375,0.0002312925170068028,0.015759637188208615,0.00041269841269841274,0.06072562358276644
7042311519,0.5492768729641694,5.8631921824104234e-05,0.3931530944625407,0.004162866449511401,0.00830618892508143,0.016697068403908794,0.00473615635179153,0.005172638436482085,0.015869706840390883,0.00042996742671009766,0.0021368078175895765
7134958169,0.37711598746081504,0.0,0.0,0.5576426332288401,0.0,0.0,0.0,0.0,0.0,0.06524137931034481,0.0
7196668032,0.06268065268065268,0.0,0.0,0.6217249417249417,0.0,0.0,0.0,0.0,0.0,0.3155944055944056,0.0
729287176,0.32583183183183184,0.1272072072072072,0.1827687687687688,0.27696696696696693,0.021483483483483484,1.2012012012012014e-05,0.00039639639639639637,0.003591591591591592,0.0002042042042042042,0.022246246246246246,0.03929129129129129
7305206072,0.20044266666666666,0.0017493333333333336,0.01870933333333333,0.036309333333333325,0.013152,0.00016,9.066666666666667e-05,0.0009066666666666666,0.0015306666666666667,0.7246559999999997,0.002293333333333333
7305207350,0.2346506666666667,0.0008586666666666666,0.017568,0.02429333333333333,0.013040000000000001,0.0,2.666666666666667e-05,0.00021333333333333333,0.00013333333333333334,0.7092053333333334,1.0666666666666667e-05
7305211204,0.160832,0.0007626666666666668,0.177696,0.058597333333333335,0.07278933333333333,0.002048,0.0002613333333333333,0.0004906666666666667,0.0023786666666666665,0.5220693333333334,0.0020746666666666665
735587018,0.2510990990990991,0.021303303303303302,0.042330330330330325,0.252,0.04805405405405405,0.0008948948948948948,0.008114114114114114,0.006204204204204204,0.00789189189189189,0.3523783783783784,0.009729729729729727
735596824,0.30658258258258253,0.00018018018018018016,0.07453453453453456,0.2832012012012012,0.052306306306306304,0.0007687687687687687,0.0006966966966966967,0.0005645645645645644,0.014324324324324325,0.22714114114114115,0.03969969969969969
7536840750,0.690932384341637,0.008896797153024912,0.11032740213523133,0.03446975088967971,0.019416370106761567,0.03903202846975089,0.0007758007117437723,0.008604982206405693,0.00992170818505338,0.008341637010676157,0.06928113879003558
7814649204,0.29783068783068783,0.3888941798941799,0.015227513227513229,0.1366137566137566,0.03234391534391534,0.0007936507936507935,0.006153439153439153,0.007227513227513227,0.02834920634920635,0.08576190476190476,0.0008042328042328042
7814794598,0.05736585365853659,0.5537018970189702,0.034926829268292686,0.07167479674796748,0.20512737127371275,0.00778319783197832,0.01275880758807588,0.004130081300813008,0.006146341463414634,0.04278590785907859,0.0035989159891598914
7816994786,0.19271818181818184,0.07612727272727272,0.13287272727272728,0.2817636363636364,0.0377,0.0014181818181818182,0.0590090909090909,0.013272727272727271,0.018154545454545454,0.18553636363636364,0.0014272727272727273
7817009124,0.12865843621399176,0.33040329218106995,0.108238683127572,0.2663374485596708,0.03807407407407407,0.01626337448559671,0.04380246913580247,0.010987654320987654,0.008814814814814814,0.04071604938271605,0.007703703703703705
7855909930,0.08393037974683544,0.406246835443038,0.06572151898734177,0.11167721518987342,0.03972784810126583,0.004664556962025317,0.0194493670886076,0.015651898734177216,0.07931645569620252,0.17168987341772152,0.0019240506329113926
7999088401,0.17495061728395062,0.0,0.0,0.5595802469135802,0.0,0.0,0.0,0.0,0.0,0.2654691358024691,0.0
8112078862,0.12543543543543542,0.4103723723723724,0.010192192192192192,0.003951951951951953,0.0821081081081081,4.8048048048048055e-05,0.02615615615615616,0.031015015015015013,0.04085285285285285,0.2682282282282282,0.0016396396396396395
8181777060,0.30940123456790125,0.0,0.0,0.5205,0.0,0.0,0.0,0.0,0.0,0.17009876543209876,0.0
8186830697,0.1853388888888889,0.23029444444444444,0.11522222222222225,0.11453333333333332,0.05359444444444445,0.002005555555555556,0.005888888888888889,0.0031722222222222217,0.0019444444444444446,0.2463111111111111,0.04169444444444445
8228426468,0.12025825825825825,0.13567567567567568,0.14106906906906908,0.19072672672672672,0.08027027027027027,0.0005765765765765766,0.002804804804804805,0.008114114114114114,0.0027507507507507512,0.3148228228228228,0.002930930930930931
8228431368,0.1423123123123123,0.21581981981981985,0.2747087087087087,0.08938738738738737,0.06085285285285285,0.0158978978978979,0.0016876876876876874,0.007255255255255255,0.013555555555555557,0.1694054054054054,0.009117117117117116
8228431672,0.04631231231231231,0.3915795795795796,0.13589189189189188,0.08553753753753755,0.011723723723723723,0.013297297297297296,0.0015075075075075073,0.0016396396396396395,0.0026846846846846845,0.28905105105105106,0.02077477477477477
8263232359,0.6932733118971061,0.0,0.0,0.15156913183279744,0.0,0.0,0.0,0.0,0.0,0.15515755627009647,0.0
8330799519,0.154416918429003,0.0004833836858006042,0.2503081570996979,0.05225981873111783,0.011812688821752263,0.0,4.833836858006042e-05,0.00012084592145015104,0.0,0.5284833836858006,0.002066465256797583
8330799711,0.15627190332326285,0.4442175226586103,0.06986706948640484,0.19143202416918428,0.006942598187311178,0.0,1.812688821752266e-05,0.00038670694864048334,0.0,0.1282235649546828,0.0026404833836858005
8330800385,0.20749244712990936,0.0012145015105740182,0.2572628398791541,0.14354682779456193,0.010996978851963749,0.00017522658610271904,9.063444108761328e-05,0.0002960725075528701,4.229607250755287e-05,0.3769003021148036,0.0019818731117824773
8330802589,0.09054380664652567,0.00021148036253776435,0.046271903323262836,0.7012990936555892,0.013637462235649545,4.229607250755287e-05,0.00029003021148036256,0.0003987915407854985,0.0014561933534743205,0.14573413897280968,0.0001148036253776435
8330803139,0.08308761329305137,0.00018126888217522656,0.03412688821752266,0.7555166163141994,0.01365558912386707,3.021148036253776e-05,9.063444108761328e-05,0.0002054380664652568,0.0008217522658610272,0.1122356495468278,4.833836858006042e-05
8330803351,0.07300302114803625,0.00021752265861027187,0.03525679758308157,0.6523262839879154,0.013667673716012085,1.812688821752266e-05,0.0002598187311178248,0.00015105740181268882,0.000797583081570997,0.2242416918429003,6.042296072507552e-05
8330831681,0.06251359516616314,0.04761329305135952,0.31258610271903325,0.26942598187311173,0.05668277945619336,2.416918429003021e-05,0.00018731117824773413,0.0002537764350453172,2.416918429003021e-05,0.25014501510574016,0.0005438066465256798
8331856100,0.17508157099697885,0.0006706948640483384,0.2462356495468278,0.0578429003021148,0.01140785498489426,3.021148036253776e-05,0.00015105740181268882,0.0007734138972809669,0.0007069486404833837,0.5050574018126888,0.0020422960725075528
8331856290,0.1527190332326284,0.0006948640483383686,0.26506948640483385,0.05474924471299094,0.01182477341389728,3.021148036253776e-05,0.00012084592145015104,0.0004108761329305136,0.0019516616314199395,0.5102598187311178,0.0021691842900302114
8331858266,0.21307552870090635,0.019939577039274924,0.2395105740181269,0.04885196374622357,0.015546827794561931,6.64652567975831e-05,0.00019939577039274924,0.0015528700906344412,0.0,0.4358126888217522,0.0254441087613293
8331858452,0.14225981873111782,0.0012447129909365562,0.06918429003021148,0.7716737160120845,0.0071842900302114794,0.0,1.2084592145015104e-05,0.00030211480362537764,1.2084592145015104e-05,0.005782477341389728,0.0023444108761329304
8331858680,0.1886404833836858,0.0014441087613293053,0.13914803625377645,0.34722658610271906,0.006429003021148036,0.0,4.833836858006042e-05,0.0005921450151057402,0.015764350453172205,0.29906948640483383,0.0016374622356495467
8331860376,0.1197522658610272,0.0007069486404833837,0.08037462235649545,0.5465740181268882,0.021105740181268883,9.063444108761328e-05,0.00043504531722054373,0.00036858006042296077,0.002416918429003021,0.22795166163141994,0.00022356495468277943
8331888438,0.08883383685800605,9.063444108761328e-05,0.022398791540785497,0.8623262839879154,0.0192809667673716,6.042296072507552e-06,6.64652567975831e-05,6.64652567975831e-05,9.667673716012083e-05,0.0036555891238670697,0.003178247734138973
8331889628,0.17083987915407856,0.05605438066465257,0.06576435045317221,0.4810090634441088,0.011691842900302115,0.0,5.4380664652567966e-05,0.0005619335347432024,0.0,0.21396978851963747,5.4380664652567966e-05
8425694581,0.03763522012578616,0.0,0.0,0.21555974842767292,0.0,0.0,0.0,0.0,0.0,0.7468050314465408,0.0
8438064102,0.20906459948320413,0.25049095607235145,0.07593798449612403,0.13458397932816538,0.011472868217054264,5.16795865633075e-06,0.00046511627906976747,0.0019844961240310078,0.002253229974160207,0.3106304909560724,0.003111111111111111
8452074061,0.0627080745341615,0.309472049689441,0.07157142857142858,0.29863975155279504,0.06883229813664596,0.0009316770186335405,0.00016149068322981365,0.0017391304347826088,0.007453416149068324,0.17758385093167706,0.0009068322981366461
8576981561,0.1318241042345277,0.0,0.0,0.33435179153094463,0.0,0.0,0.0,0.0,0.0,0.5338241042345278,0.0
8617964931,0.6352072072072072,0.02036036036036036,0.08371771771771772,0.14311711711711714,0.00043243243243243243,0.0,0.05965765765765766,0.051663663663663664,0.004192192192192192,0.0016516516516516516,0.0
8617967439,0.50794,0.05749,0.017155,0.07695,0.00011999999999999999,0.0,0.007765,0.32983,0.0007699999999999999,0.00198,0.0
8619071672,0.4198920634920634,0.016438095238095238,0.37173968253968254,0.056285714285714286,0.010266666666666669,0.0001650793650793651,0.030393650793650792,0.06505396825396825,0.000546031746031746,0.020419047619047614,0.0088
8619074856,0.8001741741741741,0.003141141141141141,0.08473273273273273,0.04358558558558558,0.00027627627627627627,0.0,0.05491891891891892,0.008126126126126126,0.00046846846846846843,0.004552552552552553,2.4024024024024028e-05
8642245515,0.2529066666666667,0.42890133333333336,0.019274666666666662,0.2784426666666667,0.01219733333333333,0.0,4.266666666666666e-05,0.0007733333333333333,5.333333333333333e-05,0.007370666666666667,3.733333333333333e-05
8642245897,0.20917333333333327,0.41756266666666664,0.007877333333333333,0.353392,0.006042666666666666,0.0,0.0,0.000912,3.2e-05,0.004928,8e-05
8642247809,0.18052266666666664,0.363744,0.04735466666666667,0.26349866666666666,0.008426666666666667,0.0,0.0,0.0011893333333333333,0.0,0.134976,0.000288
8643344470,0.297536,0.14617066666666667,0.0033066666666666665,0.447424,0.045712,0.0,0.000176,0.0005386666666666666,0.00013333333333333334,0.05898666666666666,1.6e-05
8643347864,0.16054933333333332,0.3581546666666667,0.002272,0.4769386666666666,0.001312,0.0,5.333333333333334e-06,0.000512,1.0666666666666667e-05,0.0002453333333333333,0.0
8649136026,0.21768533333333331,0.083392,0.029429333333333325,0.2917173333333333,0.018992,0.0,0.00018666666666666666,0.003226666666666667,0.001984,0.3533226666666667,6.4e-05
8649140544,0.023744,0.0,0.830816,0.0,0.0,0.0,0.08989333333333335,0.0,0.05554666666666666,0.0,0.0
8658660241,0.042826666666666666,0.145312,0.018906666666666662,0.7406399999999999,0.019136,0.0,0.0012266666666666667,0.008282666666666667,0.00010133333333333332,0.02341333333333333,0.00015466666666666667
8690059626,0.301376,0.11216533333333334,0.050656,0.2969386666666667,0.007984,2.666666666666667e-05,0.0004533333333333333,0.003429333333333333,0.00021866666666666668,0.226704,4.8e-05
8690060316,0.19012266666666666,0.032352,0.05450666666666666,0.06820800000000002,0.004618666666666666,0.0,0.000992,0.004368,0.0009386666666666666,0.6437866666666666,0.00010666666666666668
8693768333,0.11330666666666668,0.14321066666666665,0.002490666666666666,0.3371413333333333,0.07170133333333334,6.4e-05,1.0666666666666667e-05,0.00016533333333333333,0.000368,0.32993066666666665,0.0016106666666666667
8708327018,0.15788266666666667,0.818864,0.005418666666666665,0.006789333333333333,0.009424,0.0,0.0,0.001546666666666667,0.0,0.0,7.466666666666666e-05
8712618991,0.048183431952662725,0.0010532544378698224,0.4292307692307693,0.08423076923076923,0.009946745562130177,0.0063431952662721895,0.10579289940828404,0.01031360946745562,0.00419526627218935,0.156301775147929,0.14440828402366865
9372973814,0.056169184290030205,0.3881329305135952,0.05753474320241692,0.3107190332326284,0.018978851963746227,3.625377643504532e-05,0.007625377643504531,0.003226586102719033,0.00016918429003021147,0.15398187311178246,0.0034259818731117823
9533699830,0.18393785310734465,0.16792090395480225,0.16899435028248588,0.17672881355932205,0.07805649717514124,0.0051016949152542365,0.004937853107344633,0.0054858757062146895,0.00010169491525423729,0.20411299435028246,0.0046214689265536716
9633827175,0.24562762762762766,0.0,0.0,0.6450270270270271,0.0,0.0,0.0,0.0,0.0,0.10934534534534536,0.0
9633828985,0.01665129682997118,0.18608069164265129,0.03560806916426513,0.7370893371757925,0.019348703170028816,0.0,0.0,0.0,0.0,0.0023515850144092214,0.0028703170028818443
9633831591,0.09256456456456456,0.683981981981982,0.10907507507507508,0.033453453453453456,0.0650990990990991,0.0,0.0,6.006006006006007e-06,0.0,0.012834834834834837,0.002984984984984985
9633835821,0.08584662576687116,0.0,0.0,0.8977116564417178,0.0,0.0,0.0,0.0,0.0,0.01644171779141104,0.0
9633836943,0.06078078078078077,0.6548228228228228,0.1067027027027027,0.13424624624624626,0.028306306306306307,0.0,5.4054054054054054e-05,6.006006006006007e-06,0.0,0.010252252252252252,0.004828828828828829
9633843707,0.12432934131736527,0.4286526946107784,0.12943113772455087,0.08694011976047902,0.19766467065868265,0.0,5.9880239520958085e-06,2.3952095808383234e-05,1.1976047904191615e-05,0.011119760479041915,0.021820359281437125
9633861447,0.32457057057057054,0.4981801801801802,0.0,0.13243843843843844,0.0002882882882882883,0.0,0.0,0.0,0.0,0.04452252252252252,0.0
9633861845,0.1072012012012012,0.04234834834834835,0.01983183183183183,0.08114714714714713,0.05148948948948949,0.0,6.006006006006007e-06,0.00042642642642642644,0.0,0.6946666666666667,0.002882882882882883
9637068712,0.11069354838709676,0.0,0.0,0.7223333333333334,0.0,0.0,0.0,0.0,0.0,0.1669731182795699,0.0
9637070394,0.12724795640326975,0.2959400544959128,0.046784741144414166,0.5035476839237057,0.025242506811989102,0.0,0.0,0.0,0.0,0.0010844686648501364,0.00015258855585831066
9637074880,0.2890870870870871,0.0,0.0,0.5768948948948949,0.0,0.0,0.0,0.0,0.0,0.13401801801801802,0.0
9637076308,0.04514769975786925,0.6448716707021792,0.08606295399515737,0.14836803874092014,0.03506537530266344,4.842615012106539e-06,4.842615012106539e-06,4.842615012106539e-06,4.842615012106539e-06,0.03284261501210654,0.007622276029055691
9637077268,0.0990990990990991,0.6875555555555556,0.10590990990990992,0.04277477477477477,0.042834834834834835,0.0,0.0,0.0,0.0,0.01769369369369369,0.004132132132132132
9637083034,0.08001092896174862,0.5668415300546448,0.13,0.04346448087431694,0.07166120218579235,5.46448087431694e-06,3.278688524590164e-05,8.196721311475411e-05,1.639344262295082e-05,0.07546448087431695,0.032420765027322405
9637098168,0.11126206896551724,0.05057931034482759,0.043786206896551716,0.2563241379310345,0.09862758620689657,0.0,6.89655172413793e-06,0.00014482758620689654,0.0,0.4305448275862069,0.008724137931034482
9723829589,0.3496779661016949,0.2745141242937853,0.06385875706214689,0.2304915254237288,0.022542372881355927,0.0009661016949152543,0.011593220338983051,0.007146892655367231,0.012451977401129943,0.02274576271186441,0.004011299435028249
