10497546425,0.54606006006006,0.044972972972972966,0.03066066066066066,0.0005945945945945945,0.05865465465465465,3.003003003003003e-05,0.00693093093093093,0.24085885885885885,0.04051051051051051,0.0021861861861861864,0.02854054054054054
10497577256,0.796036036036036,0.02022822822822823,0.04739339339339339,0.014822822822822825,0.053693693693693686,0.013495495495495495,0.0015975975975975974,0.006432432432432433,0.02070870870870871,0.00951951951951952,0.016072072072072074
10497699144,0.6261141141141141,0.06565765765765764,0.10772372372372373,0.011861861861861864,0.06015015015015015,0.00566966966966967,0.001051051051051051,0.010564564564564564,0.003057057057057057,0.010396396396396395,0.09775375375375377
10497718194,0.9675615615615618,0.0011051051051051053,0.00027627627627627627,0.016276276276276275,0.0012792792792792793,0.0,0.0021861861861861864,0.005309309309309309,6.006006006006007e-06,0.006,0.0
10497728943,0.6486306306306306,0.005765765765765766,0.03329129129129129,0.0033513513513513515,0.018162162162162158,0.0,0.03751951951951952,0.1707987987987988,0.07017417417417418,0.010282282282282285,0.002024024024024024
10497743996,0.6850870870870871,0.03015615615615616,0.04295495495495495,0.060066066066066064,0.09368168168168167,0.001915915915915916,0.002888888888888889,0.041813813813813806,0.013057057057057056,0.02676876876876877,0.0016096096096096097
10497766153,0.965945945945946,0.0,0.0,0.02738138138138138,0.0,0.0,0.0,0.0,0.0,0.006672672672672673,0.0
10497788255,0.0233993993993994,0.9764204204204204,7.207207207207206e-05,0.0,1.8018018018018016e-05,0.0,0.0,7.807807807807808e-05,1.2012012012012014e-05,0.0,0.0
10497803483,0.7935435435435435,0.016780780780780782,0.035315315315315315,0.0019939939939939933,0.05342942942942943,0.029603603603603607,0.0005285285285285286,0.003255255255255255,0.0349009009009009,0.010258258258258258,0.02039039039039039
10498053933,0.489033033033033,0.3683903903903904,0.013081081081081079,0.06916516516516516,0.04058258258258258,0.0011651651651651653,0.0002222222222222222,0.008090090090090091,0.0006546546546546547,0.007111111111111112,0.002504504504504505
10498077193,0.19994594594594595,0.7346126126126125,0.007003003003003003,0.028504504504504508,0.01827627627627628,0.0012612612612612614,0.0003423423423423424,0.007405405405405405,0.0008528528528528529,0.0010750750750750753,0.0007207207207207206
10498114484,0.22604804804804804,0.29165165165165163,0.05738138138138137,0.025375375375375372,0.19622822822822825,0.011195195195195195,0.0945945945945946,0.002504504504504505,0.0092012012012012,0.08421021021021022,0.0016096096096096097
10498197763,0.6286186186186186,0.0023723723723723727,0.1063063063063063,0.001069069069069069,6.606606606606607e-05,0.0,0.004822822822822823,0.12276276276276275,0.133981981981982,0.0,0.0
10498230185,0.31219219219219213,0.4077357357357357,0.06393993993993995,0.056114114114114114,0.016546546546546546,0.003549549549549549,0.0022942942942942943,0.015579579579579582,0.00554954954954955,0.09526126126126126,0.02123723723723724
10498353623,0.23137537537537534,0.0752972972972973,0.12783783783783784,0.15102702702702706,0.05683483483483484,0.0005345345345345345,0.06522522522522523,0.034024024024024026,0.048894894894894896,0.20827027027027026,0.0006786786786786785
11732230455,0.08325525525525526,0.14072072072072073,0.35365165165165163,0.03757957957957958,0.007003003003003003,0.013333333333333334,0.21915915915915915,0.0008408408408408409,0.10942942942942943,0.03478678678678679,0.00024024024024024023
11732272425,0.3218618618618619,0.014126126126126124,0.40142342342342335,0.09914114114114114,0.018228228228228227,0.0018858858858858856,0.04872072072072072,0.00327927927927928,0.002846846846846847,0.05899099099099099,0.029495495495495495
11732322485,0.22222822822822824,0.13172372372372373,0.09325525525525524,0.2304924924924925,0.07284684684684686,0.001393393393393393,0.016414414414414415,0.03275675675675676,0.0026546546546546545,0.18901501501501505,0.007219219219219219
11732354385,0.32744144144144144,0.05730930930930931,0.07408408408408408,0.22763363363363365,0.07021021021021022,2.4024024024024028e-05,0.0036876876876876883,0.01715915915915916,0.005513513513513513,0.21657657657657656,0.0003603603603603604
11732393785,0.1317117117117117,0.08075075075075075,0.3328108108108108,0.2125045045045045,0.04025225225225225,0.03196996996996997,0.008450450450450451,0.04594594594594594,0.04243243243243242,0.06342942942942943,0.009741741741741743
11732748375,0.09499699699699701,0.012828828828828829,0.6212852852852853,0.014348348348348347,0.003891891891891892,0.02957957957957958,0.08499099099099097,0.012024024024024024,0.0126006006006006,0.06816816816816818,0.04528528528528528
11732863965,0.050738738738738735,0.05077477477477477,0.1578978978978979,0.02636636636636637,0.0011111111111111113,0.0,0.38418618618618616,0.0751111111111111,0.13283483483483485,0.12097897897897897,0.0
11733012966,0.017381381381381386,0.003231231231231232,0.237963963963964,0.006036036036036036,0.0030990990990990997,0.03766966966966967,0.23344144144144144,0.0015315315315315315,0.2884984984984985,0.16274474474474473,0.008402402402402403
11733036173,0.04869669669669669,0.010648648648648649,0.24003603603603604,0.027651651651651645,0.010858858858858858,0.3707027027027027,0.015477477477477478,0.016720720720720717,0.04298498498498498,0.06729129129129129,0.14893093093093093
11733052316,0.07924324324324325,0.06581381381381382,0.11237237237237237,0.11857657657657658,0.00615015015015015,0.00034834834834834833,0.1193933933933934,0.023621621621621618,0.2577897897897897,0.21258258258258256,0.004108108108108109
11733102976,0.2457177177177177,0.012564564564564564,0.32103303303303304,0.005957957957957958,0.010990990990990991,0.048966966966966965,0.001015015015015015,0.00378978978978979,0.01795795795795796,0.014684684684684684,0.3173213213213213
11733134436,0.28936936936936936,0.039123123123123126,0.1011831831831832,0.1384144144144144,0.12055855855855856,3.003003003003003e-05,0.0011711711711711714,0.012846846846846845,0.004702702702702703,0.2906546546546547,0.0019459459459459454
11733289864,0.025657657657657658,0.017273273273273274,0.12502702702702706,0.28906306306306306,0.0019399399399399398,0.0016876876876876874,0.2803183183183183,0.023315315315315315,0.19419219219219214,0.04147147147147146,5.4054054054054054e-05
11733493356,0.05662462462462463,0.00030630630630630633,0.3663423423423424,0.008138138138138138,0.002138138138138138,0.13484684684684686,0.02568168168168168,0.0007867867867867867,0.08305705705705704,0.03672672672672672,0.28535135135135137
11733591956,0.2067747747747748,0.10305105105105106,0.2011771771771772,0.12622222222222226,0.019681681681681683,0.00018618618618618615,0.07171171171171173,0.009375375375375377,0.08915915915915916,0.17226426426426428,0.00039639639639639637
11820120073,0.08523733333333333,0.017888,0.563072,0.134304,0.041050666666666666,0.00019733333333333327,0.0044,0.008613333333333334,0.000624,0.07055466666666667,0.07405866666666665
11820122953,0.3231786666666667,0.09055466666666669,0.12542933333333334,0.21777600000000003,0.10468266666666666,0.0,0.004416,0.006325333333333333,1.0666666666666667e-05,0.121744,0.005882666666666665
11820125643,0.24842666666666666,0.07325333333333332,0.275168,0.14707733333333334,0.04530666666666666,3.733333333333333e-05,0.00939733333333333,0.02253333333333333,0.0005386666666666666,0.16033066666666668,0.017930666666666668
11820603876,0.117664,0.05759466666666666,0.5146933333333333,0.12117866666666667,0.017226666666666668,0.0,0.028394666666666662,0.016117333333333334,0.004613333333333333,0.12250666666666668,1.0666666666666667e-05
11820607006,0.034597333333333334,0.000368,0.5586933333333334,0.005632,0.02536533333333333,0.00010666666666666668,0.0006506666666666666,0.0006186666666666666,0.000592,0.036677333333333326,0.33669866666666665
11820609696,0.251792,0.02498133333333333,0.19010133333333332,0.37162133333333336,0.020928,0.0,0.0014880000000000002,0.0017386666666666664,0.00031466666666666665,0.11802666666666667,0.019008
12394260295,0.0569329268292683,0.0,0.3863109756097561,0.0,0.0028170731707317072,0.0947560975609756,0.0,6.0975609756097564e-06,0.0006951219512195122,0.0,0.4584817073170732
12394503023,0.1995555555555556,0.3166726726726727,0.1908348348348348,0.11542942942942942,0.1051891891891892,0.003591591591591592,0.05176576576576577,0.003483483483483484,0.0009669669669669668,0.006258258258258258,0.006252252252252253
12394506145,0.0,0.0,0.08573573573573573,0.0,0.0003423423423423424,0.2920960960960961,0.0,0.0,0.0,0.0,0.6218258258258258
12394604704,0.009735735735735737,0.0,0.2756696696696697,0.0,0.0004504504504504505,0.2295735735735736,0.0,6.006006006006007e-06,0.0046006006006006,0.0001021021021021021,0.4798618618618618
12394625055,0.5442522522522522,0.07287687687687687,0.09727927927927928,0.18404804804804809,0.024900900900900903,0.0,0.0060780780780780785,0.06618618618618619,0.0005225225225225224,0.0031831831831831826,0.0006726726726726728
12394680724,0.0338125,0.00225625,0.827125,0.01255625,0.03041875,0.016725,0.04418125,0.00959375,0.000625,0.00285,0.01985625
12394687285,0.6884384384384384,6.006006006006007e-06,0.27601201201201203,0.010744744744744746,0.01935735735735736,0.0002222222222222222,0.00016216216216216215,0.00016216216216216215,0.004462462462462464,0.0,0.00043243243243243243
12394691083,0.18312312312312312,0.0025165165165165165,0.6759519519519519,0.01163963963963964,0.002192192192192192,0.008756756756756755,0.020816816816816814,0.006174174174174174,0.0017717717717717718,0.07678078078078078,0.010276276276276277
12394755404,0.3687027027027027,0.1418078078078078,0.4136996996996997,0.013705705705705706,0.0005345345345345345,0.00029429429429429435,0.002510510510510511,0.012468468468468469,2.4024024024024028e-05,0.046120120120120116,0.00013213213213213214
12394813545,0.0022162162162162164,1.8018018018018016e-05,0.9035915915915916,7.807807807807808e-05,0.01723123123123123,0.02116516516516517,0.01583183183183183,0.00027627627627627627,0.0065645645645645645,0.002852852852852853,0.030174174174174177
12394879335,0.10262032085561497,0.3644331550802139,0.16280213903743315,0.08727272727272728,0.0006898395721925133,0.002251336898395722,0.12781818181818186,0.009941176470588235,0.1153048128342246,0.025529411764705884,0.0013368983957219253
12394892604,0.03503903903903904,0.0,0.8288228228228227,6.006006006006007e-06,6.006006006006007e-06,0.07048648648648649,0.004780780780780781,2.4024024024024028e-05,0.03506306306306306,0.015525525525525524,0.010246246246246246
12394929383,0.7025765765765766,0.0,0.21373573573573573,0.0,0.0008768768768768767,0.027441441441441443,3.603603603603604e-05,1.8018018018018016e-05,0.00042042042042042044,0.016150150150150155,0.038744744744744736
2181224465,0.161648,0.10029866666666666,0.02344,0.13237333333333334,0.5289546666666666,0.0,0.00022400000000000002,0.002768,8.533333333333334e-05,0.049536,0.000672
2181224473,0.216592,0.008373333333333333,0.11085866666666666,0.4732106666666666,0.130832,0.0,0.008266666666666667,0.008901333333333334,0.00015466666666666667,0.015040000000000001,0.027770666666666662
2219515207,0.11623054755043227,0.370985590778098,0.2001037463976945,0.03734870317002882,0.13052449567723345,0.04945821325648415,0.020512968299711814,0.007925072046109509,0.013394812680115274,0.04749279538904899,0.006023054755043228
2219517409,0.3494571428571429,0.04756571428571429,0.08249714285714285,0.032228571428571426,0.08355999999999998,0.05459428571428571,0.0071428571428571435,0.021685714285714287,0.07336571428571427,0.19835428571428568,0.04954857142857143
2219518847,0.12217073170731707,0.016760975609756097,0.21480975609756095,0.2403707317073171,0.03138048780487805,0.008385365853658537,0.12714634146341466,0.022380487804878047,0.03330731707317072,0.1668390243902439,0.016448780487804883
2219519157,0.269888,0.027712,0.17585066666666666,0.09853866666666665,0.040090666666666656,0.025978666666666667,0.13850666666666667,0.027290666666666668,0.039162666666666665,0.09421866666666669,0.06276266666666665
2219520501,0.2627146282973621,0.05908393285371704,0.2042062350119904,0.12898800959232615,0.0961390887290168,0.017563549160671463,0.013112709832134292,0.010498800959232614,0.05086810551558753,0.08463788968824938,0.07218705035971222
2219521021,0.2839219088937093,0.0035488069414316703,0.2145639913232104,0.06605639913232104,0.03321908893709328,0.057253796095444676,0.12827331887201734,0.00871583514099783,0.07470715835140998,0.08973969631236442,0.04
2219523233,0.0696,0.11424533333333335,0.430528,0.015040000000000001,0.007845333333333331,0.034197333333333337,0.218896,0.011258666666666669,0.052912,0.025456,0.02002133333333333
2219523735,0.250608,0.000512,0.14025066666666666,0.0074133333333333325,0.00018666666666666666,0.10796266666666668,0.261824,0.018277333333333333,0.16969066666666666,0.035978666666666666,0.007296
2220309998,0.098752,0.329984,0.15155733333333332,0.014448,0.097408,0.17112,0.014944,0.003365333333333333,0.0204,0.022922666666666668,0.07509866666666665
2220310654,0.1443780487804878,0.16715243902439025,0.07345731707317073,0.04683536585365854,0.2331829268292683,0.014384146341463415,0.04895731707317074,0.0708780487804878,0.050676829268292686,0.10128658536585368,0.04881097560975609
2220311248,0.2534705882352941,0.0035098039215686275,0.2475294117647059,0.01638235294117647,0.09522058823529411,0.07383333333333332,0.017941176470588238,0.0014754901960784314,0.07286274509803921,0.12101960784313726,0.09675490196078433
2220312166,0.13898181818181818,0.4749616161616162,0.07469090909090909,0.1191070707070707,0.04564040404040405,0.0036767676767676775,0.04724040404040404,0.018266666666666667,0.006654545454545455,0.06311111111111113,0.007668686868686869
2220312598,0.16410666666666668,0.446112,0.10860266666666668,0.093792,0.014789333333333331,0.031738666666666665,0.04959466666666666,0.01469333333333333,0.02413333333333333,0.033109333333333324,0.019328
2220312874,0.33444964871194377,0.016276346604215456,0.2449742388758782,0.0789648711943794,0.04198126463700234,0.07059953161592505,0.08900702576112413,0.006332552693208432,0.053035128805620606,0.042149882903981264,0.02222950819672131
2220313474,0.17414782608695653,0.056039130434782605,0.18902608695652173,0.10681304347826087,0.03316086956521739,0.01408695652173913,0.14018260869565216,0.024595652173913043,0.06054347826086956,0.10935652173913044,0.09204782608695651
2299072420,0.071835,0.005955,0.122455,0.04298,0.653775,0.000235,0.006065,0.008335,0.00366,0.05746,0.027245
2454740571,0.024176,0.182576,0.179552,0.030432,0.450464,0.0011786666666666664,0.010410666666666669,0.021872,0.003882666666666666,0.058912,0.036544
2454740575,0.0292,0.010058666666666669,0.13014933333333334,0.011359999999999999,0.7267679999999997,0.0,0.0012213333333333336,0.002634666666666667,0.0002933333333333333,0.07739733333333333,0.010917333333333331
2454740579,0.10138666666666668,0.007690666666666666,0.1556,0.018768,0.6029173333333333,0.00088,0.01891733333333333,0.03394666666666667,0.017381333333333332,0.03122133333333333,0.011290666666666666
2602690034,0.0696,0.2803573333333333,0.08290666666666667,0.19426666666666667,0.060624,0.000272,0.07776533333333335,0.13733333333333336,0.08254933333333332,0.013242666666666666,0.0010826666666666669
2747941419,0.11925373134328357,0.501273631840796,0.14064676616915422,0.07370646766169153,0.08255223880597015,0.004800995024875622,0.0004527363184079602,0.0003283582089552239,0.0006467661691542288,0.045049751243781085,0.03128855721393035
2850161554,0.3048219178082192,0.1764054794520548,0.1434191780821918,0.0819945205479452,0.0014958904109589042,0.015863013698630142,0.0018849315068493148,0.0009315068493150686,0.09373698630136985,0.177786301369863,0.0016602739726027398
3516859062,0.8688391608391608,6.993006993006993e-06,0.006573426573426574,0.02216783216783217,0.00014685314685314684,0.005384615384615384,0.001,0.00044755244755244756,0.012167832167832168,0.08026573426573427,0.003
3804449389,0.16905882352941176,0.01506470588235294,0.04168823529411765,0.0035058823529411764,0.00031764705882352944,0.022564705882352945,0.0307,0.002288235294117647,0.6210882352941176,0.0937235294117647,0.0
3804461369,0.27845294117647057,0.0006882352941176472,0.4243176470588235,0.04728823529411765,0.05845294117647059,0.03764705882352941,0.0015529411764705885,0.0003470588235294118,0.021552941176470587,0.012352941176470587,0.11734705882352943
3805261350,0.28556156156156154,0.26978378378378376,0.09306306306306304,0.0064744744744744745,0.0006906906906906907,0.014948948948948947,0.15102102102102102,0.0038438438438438438,0.17058858858858858,0.003891891891891892,0.00013213213213213214
3805376786,0.23201342281879195,0.03536912751677852,0.17221476510067113,0.07889485458612976,0.11451901565995525,6.711409395973154e-05,0.3626308724832215,0.0029038031319910517,0.0,0.0005100671140939598,0.0008769574944071587
3805518422,0.27841764705882355,0.2215,0.3504294117647059,0.11710588235294116,0.008170588235294117,5.882352941176471e-06,0.0004470588235294117,0.010164705882352942,0.005982352941176471,0.00756470588235294,0.00021176470588235292
3809239067,0.2882764705882353,0.0016882352941176473,0.28305294117647056,0.0257,0.16667058823529413,0.040841176470588235,0.003594117647058824,0.0012529411764705882,0.017652941176470587,0.0037176470588235295,0.1675529411764706
3809245299,0.1615,2.3529411764705884e-05,0.5015764705882353,0.00035294117647058826,0.2511882352941177,5.294117647058824e-05,0.00010588235294117647,4.705882352941177e-05,2.9411764705882354e-05,0.014076470588235294,0.07104705882352941
3809253607,0.1721529411764706,0.0005176470588235294,0.6158,0.0463,0.11418823529411765,0.0029,0.0014764705882352944,0.0009647058823529412,0.00556470588235294,0.011976470588235292,0.028158823529411764
3809258995,0.2666823529411765,0.0031,0.3907117647058824,0.0815235294117647,0.15088823529411766,0.01181764705882353,0.01088235294117647,0.0004882352941176472,0.0027705882352941176,0.02226470588235294,0.058870588235294126
3809264233,0.1714529411764706,0.002364705882352941,0.42366470588235294,0.13335882352941175,0.1010470588235294,0.002123529411764706,0.023805882352941177,0.007047058823529412,0.05863529411764705,0.0077,0.0688
3810062950,0.8318230088495574,0.00010619469026548672,0.02135103244837758,0.0018643067846607672,0.004513274336283186,0.0010265486725663717,0.0003893805309734514,1.1799410029498524e-05,0.0011150442477876107,0.11656047197640118,0.021238938053097345
3810082026,0.5711111111111111,0.13876276276276275,0.004330330330330329,0.02437237237237237,0.012156156156156157,1.2012012012012014e-05,0.014582582582582585,0.09790390390390392,0.007021021021021021,0.12931531531531532,0.00043243243243243243
3810086228,0.32109859154929576,0.3092112676056338,0.12809577464788732,0.010338028169014085,0.03899718309859154,0.003059154929577465,8.450704225352111e-05,0.0355887323943662,0.017211267605633802,0.09407323943661972,0.04224225352112676
3899276739,0.4723733333333333,0.03678933333333333,0.053226666666666665,0.20952,0.05031466666666666,0.0015253333333333336,0.0036373333333333327,0.01668266666666666,0.0015946666666666668,0.15389866666666666,0.00043733333333333336
3899277059,0.4257188498402556,0.17035782747603834,0.05444089456869009,0.09946964856230033,0.11109265175718848,0.00021725239616613416,0.0003514376996805112,0.004894568690095847,0.002626198083067093,0.13072204472843452,0.00010862619808306708
3899277679,0.614416,0.15237866666666666,0.0009386666666666666,0.03500266666666667,0.005365333333333333,0.0,0.00056,0.0027413333333333326,1.6e-05,0.18832533333333332,0.000256
3899277837,0.3292533333333333,0.2497226666666667,0.08188266666666667,0.10852266666666667,0.021989333333333333,0.00168,0.0005813333333333333,0.0039306666666666665,0.047381333333333324,0.154976,8e-05
3899277945,0.5167573333333333,0.23137600000000003,0.00056,0.03705066666666666,0.003242666666666667,0.0,0.00042133333333333335,0.0011893333333333333,0.00011733333333333333,0.20928,5.333333333333334e-06
3899278109,0.1343514376996805,0.02111821086261981,0.19031948881789135,0.3067923322683706,0.056939297124600635,0.03015335463258786,0.0009456869009584664,0.0052587859424920134,0.044115015974440897,0.20973801916932908,0.000268370607028754
3899278965,0.319104,0.096848,0.023504,0.2556,0.03192,0.000544,0.011002666666666666,0.02688533333333333,0.0013653333333333336,0.228336,0.0048906666666666656
3899279153,0.4438933333333333,0.0,0.0,0.4684853333333333,0.0,0.0,0.0,0.0,0.0,0.08762133333333333,0.0
3900059440,0.15693866666666667,0.10339733333333333,0.058336,0.342704,0.055605333333333326,0.0005173333333333333,0.08135466666666667,0.029546666666666662,0.000384,0.16821333333333333,0.0030026666666666665
3900059626,0.338512,0.4112373333333333,0.04983466666666666,0.07830933333333331,0.017642666666666668,0.00024,0.000128,0.0020373333333333333,0.005482666666666665,0.0962293333333333,0.00034666666666666667
3900059744,0.251536,0.533248,0.0012906666666666667,0.038533333333333336,0.018224,1.0666666666666667e-05,0.0005066666666666666,0.0007519999999999998,3.733333333333333e-05,0.155808,5.333333333333333e-05
3900060466,0.164736,0.19034666666666664,0.18242133333333327,0.095568,0.07596266666666665,0.0004426666666666666,0.00013866666666666666,0.006906666666666666,0.028048000000000003,0.2553813333333333,4.8e-05
3900060618,0.16589333333333334,0.19211733333333333,0.17188266666666666,0.14610133333333333,0.036453333333333324,0.001088,0.000496,0.012496,0.08165866666666667,0.19177066666666667,4.266666666666666e-05
3900060798,0.126784,0.048021333333333326,0.06635733333333334,0.4121653333333333,0.09764266666666667,0.0,0.041984,0.11642133333333335,0.00046399999999999995,0.09016,0.0
3900060924,0.147472,0.03437866666666667,0.024384,0.4818453333333334,0.05551466666666666,0.0004,0.005621333333333333,0.015525333333333334,0.0019786666666666668,0.2303146666666667,0.0025653333333333327
431812948,0.3603733333333333,0.608272,0.0021866666666666666,0.017541333333333332,0.0004,0.0,2.133333333333333e-05,0.010634666666666669,0.0005706666666666668,0.0,0.0
440820923,0.06576,0.00039466666666666665,0.38898133333333335,0.06856,0.059818666666666666,0.00017066666666666668,0.0009386666666666666,0.001557333333333333,0.01565333333333333,0.3978613333333333,0.000304
441445128,0.12768533333333335,0.013919999999999998,0.14490133333333333,0.449104,0.13565333333333332,0.00528,0.027477333333333333,0.0009386666666666666,0.001312,0.063536,0.030192
441446537,0.20448,0.004389333333333334,0.3165866666666667,0.089536,0.031264,0.0,0.0008373333333333334,0.0007413333333333333,0.005770666666666667,0.3463946666666667,0.0
4720890011,0.25166933333333336,0.0045333333333333345,0.4714346666666666,0.016512,0.10748266666666667,0.0034666666666666665,0.004490666666666665,0.015770666666666662,0.0049493333333333325,0.007423999999999999,0.11226666666666668
4720891855,0.287328,0.11630933333333332,0.209952,0.003429333333333333,0.068768,0.0008693333333333333,0.000592,0.005216,0.001973333333333333,0.011429333333333331,0.29413333333333336
4720894817,0.35341333333333336,0.07287466666666667,0.28312,0.003632,0.072992,0.0005386666666666666,0.0004053333333333333,0.003872,0.001744,0.011333333333333334,0.19607466666666667
4720899343,0.2957066666666667,0.001952,0.36133866666666653,0.011392,0.120912,0.001648,0.004464,0.006954666666666665,0.003269333333333333,0.011968,0.18039466666666668
4720906067,0.2442933333333333,0.006032,0.15245866666666666,0.0020213333333333333,0.02803733333333333,0.002112,0.14416,0.07638933333333332,0.3342773333333333,0.0047466666666666655,0.005472
4720907573,0.10535466666666668,0.042768,0.07206933333333332,0.008698666666666667,0.005696,0.013029333333333334,0.2397813333333333,0.07896,0.342608,0.039530666666666665,0.051504
4721555530,0.232192,0.0009013333333333332,0.4737066666666666,0.0027306666666666673,0.10463466666666668,0.001664,0.0007519999999999998,0.0033386666666666673,0.003232,0.009013333333333332,0.16783466666666666
4721556302,0.2482773333333333,0.001296,0.404256,0.007557333333333333,0.12381866666666665,0.010922666666666669,0.002645333333333333,0.006672,0.007946666666666666,0.007898666666666665,0.17870933333333333
4721557946,0.15127466666666667,0.050741333333333326,0.0916,0.00968,0.0032,0.004032,0.144416,0.06096,0.339824,0.041509333333333336,0.10276266666666667
4721559334,0.53016,0.010245333333333334,0.11078933333333334,0.019232,0.05023466666666666,0.009770666666666669,0.12135466666666668,0.02448533333333333,0.11064533333333333,0.011157333333333332,0.0019253333333333332
4721559848,0.5310576923076922,0.00767948717948718,0.11094871794871797,0.05640384615384615,0.07559615384615384,0.006211538461538462,0.09987820512820512,0.033692307692307695,0.06971153846153846,0.0067115384615384615,0.0021089743589743585
4988731805,0.126928,0.013162666666666666,0.3129333333333333,0.15586133333333332,0.0008426666666666667,0.000256,0.3146773333333333,0.02309866666666667,0.0031306666666666666,0.04845866666666666,0.0006506666666666666
4988734979,0.16930746268656716,0.6443641791044776,0.0016119402985074627,0.10183283582089553,0.003886567164179104,0.0,0.012,0.005301492537313433,0.0002447761194029851,0.06145074626865672,0.0
4988737127,0.12758805970149253,0.5473492537313432,0.0524,0.19392835820895524,0.014358208955223882,0.0007880597014925373,0.0026865671641791047,0.0017253731343283582,0.00011940298507462688,0.040591044776119405,0.018465671641791043
4988756491,0.5415413333333333,0.11495466666666665,0.103584,0.16466133333333333,0.015157333333333332,4.266666666666666e-05,0.001952,0.019738666666666668,0.0007306666666666666,0.036384,0.0012533333333333333
4989332512,0.22344533333333333,0.3130986666666667,0.041893333333333324,0.06921066666666667,0.012661333333333332,6.933333333333333e-05,0.034352,0.042661333333333336,0.027477333333333333,0.18536533333333333,0.049765333333333335
4989336690,0.13858133333333333,0.077744,0.235472,0.08693333333333332,0.08076266666666665,0.02136,0.023136,0.011888,0.012933333333333331,0.256704,0.05448533333333333
4989342490,0.544448,0.13144533333333333,0.0075306666666666655,0.10642133333333334,0.0018986666666666668,0.0,0.01085866666666667,0.06482666666666667,0.00010133333333333332,0.13237866666666667,9.066666666666667e-05
4989344008,0.07154626865671641,0.011791044776119405,0.5135462686567164,0.027862686567164174,0.03637014925373135,0.020388059701492538,0.00897910447761194,0.0011402985074626865,0.013373134328358207,0.14644776119402986,0.14855522388059705
4989345320,0.11513599999999999,0.154704,0.03744,0.21600000000000003,0.049733333333333324,0.0002506666666666667,0.023888,0.008170666666666666,0.005392,0.38336,0.0059253333333333345
4989346500,0.5491573333333334,0.01216,0.07325333333333332,0.323872,0.02297066666666667,1.0666666666666667e-05,0.0036,0.004528,0.000928,0.009477333333333334,4.266666666666666e-05
4989347570,0.29634666666666665,0.257488,0.06232533333333334,0.14439466666666667,0.031626666666666664,0.0008,0.007573333333333333,0.008826666666666665,0.0006346666666666666,0.17100266666666664,0.018981333333333333
4989357362,0.132896,0.08813866666666667,0.12888,0.35696533333333336,0.07302933333333332,1.6e-05,0.009338666666666669,0.004384,0.0011306666666666668,0.20085333333333333,0.004368
4989359664,0.25140266666666666,0.191728,0.12382933333333332,0.15301333333333333,0.025072,0.0011146666666666666,0.01608,0.024176,0.033589333333333325,0.17835733333333334,0.0016373333333333333
4989360074,0.3882453333333333,0.034458666666666665,0.10747733333333333,0.26455466666666666,0.014794666666666666,0.00022400000000000002,0.08448533333333333,0.008704,0.00576,0.084096,0.0072
4989365306,0.6231786666666665,0.009002666666666667,0.053141333333333325,0.002352,0.008128,0.0,0.10753066666666666,0.041125333333333326,0.146208,0.009008,0.0003253333333333333
5096313333,0.12516266666666667,0.04788266666666666,0.13083733333333333,0.42104,0.126656,0.0,0.015397333333333334,0.01643733333333334,0.0031786666666666673,0.113264,0.000144
5096313455,0.17051733333333333,0.175824,0.27256,0.019056,0.0050933333333333325,0.004096,1.6e-05,0.002304,0.00128,0.090608,0.2586453333333333
5096313609,0.15781866666666666,0.037957333333333336,0.17453333333333335,0.18827733333333327,0.2903253333333333,0.00036266666666666663,0.00072,0.016730666666666668,0.00020266666666666667,0.03952,0.093552
5096313677,0.03364266666666667,0.029728,0.07221866666666665,0.5977493333333334,0.016816,0.0,0.005568,0.030906666666666662,0.0003733333333333333,0.21192533333333333,0.001072
5096314303,0.10354133333333332,0.005648,0.32352,0.36730666666666667,0.11408533333333333,1.6e-05,0.002661333333333333,0.003098666666666667,0.00011200000000000001,0.05439466666666666,0.025616000000000003
5096314397,0.043733333333333325,0.00808,0.21237866666666666,0.014191999999999998,0.09824533333333331,0.00020266666666666667,0.0010986666666666666,0.00224,0.041728,0.022016,0.5560853333333333
5096314487,0.08205866666666667,0.0002826666666666667,0.5847626666666667,0.144848,0.12027733333333332,6.4e-05,0.011013333333333332,0.009189333333333334,0.0018613333333333331,0.043269333333333326,0.0023733333333333328
5096314743,0.08232533333333332,0.025754666666666662,0.19086933333333334,0.5969866666666666,0.0008533333333333333,0.0,0.009141333333333331,0.0062453333333333345,0.0,0.087824,0.0
5096315913,0.016778666666666667,0.00023466666666666666,0.3647413333333333,0.00010666666666666668,0.012597333333333334,0.0026826666666666665,2.666666666666667e-05,0.0018026666666666664,0.0018346666666666667,0.026826666666666662,0.572368
5096911126,0.07622994652406417,0.055898395721925134,0.23240641711229945,0.09727272727272727,0.009176470588235295,0.0008449197860962566,0.04192513368983957,0.0230855614973262,0.015711229946524064,0.2811711229946524,0.16627807486631016
5096911638,0.10179733333333334,0.2760106666666667,0.32415466666666665,0.12858666666666665,0.11901333333333332,0.003877333333333333,0.006746666666666666,0.00064,0.0022453333333333327,0.02478933333333333,0.012138666666666669
5096911950,0.11050666666666667,0.14834666666666665,0.3047146666666667,0.2801013333333333,0.028938666666666668,5.333333333333333e-05,0.007077333333333333,0.011429333333333331,0.0002453333333333333,0.101712,0.006874666666666665
5096912250,0.06485866666666665,0.03851733333333333,0.226544,0.03202666666666667,0.012517333333333332,0.2802453333333333,0.004048,0.013781333333333331,0.2599786666666667,0.010442666666666666,0.05704
5096913262,0.267024,0.011573333333333331,0.5376053333333334,0.012368,0.012069333333333331,0.000288,0.00088,0.00910933333333333,0.0007519999999999998,0.005216,0.14311466666666667
5096961666,0.04961066666666666,0.14735466666666666,0.2749973333333333,0.201376,0.003141333333333333,0.0,0.049104,0.002661333333333333,0.016389333333333332,0.254896,0.0004693333333333333
5213996871,0.1122846975088968,0.0005195729537366548,0.2871886120996441,0.00997153024911032,0.12481138790035587,0.20575800711743766,0.06839857651245551,0.0009395017793594304,0.12945907473309606,0.026661921708185054,0.03400711743772242
5213999239,0.01876156583629893,0.0007758007117437723,0.18312455516014234,0.0033736654804270463,0.010540925266903915,0.5949039145907473,0.0014804270462633452,0.0018505338078291813,0.010199288256227759,0.007779359430604981,0.16720996441281138
5214586746,0.1753167259786477,2.1352313167259786e-05,0.17779359430604982,0.0015587188612099644,0.08393594306049822,0.2823202846975089,0.024505338078291816,0.0014519572953736654,0.2037437722419929,0.01092526690391459,0.03842704626334519
5214588478,0.456085409252669,0.007729537366548042,0.09832028469750888,0.03388612099644128,0.1478576512455516,0.07240569395017793,0.027380782918149462,0.013473309608540924,0.04187900355871886,0.05067615658362989,0.05030604982206405
521677044,0.14677333333333334,0.6045973333333333,0.12668800000000002,0.035776,0.01656,0.0043093333333333326,0.015562666666666669,0.005189333333333333,0.016714666666666666,0.02264,0.005189333333333333
521704275,0.035472,0.8061226666666667,0.10230933333333334,0.019306666666666663,0.011904000000000001,0.0017120000000000002,0.0065653333333333345,0.002208,0.0042826666666666655,0.006672,0.003445333333333333
539919028,0.19242133333333333,0.071488,0.047472,0.438192,0.027168,0.0008106666666666666,0.0013226666666666669,0.010245333333333334,0.0031466666666666665,0.207664,6.933333333333333e-05
539942956,0.2326293333333333,0.20016533333333333,0.10095466666666666,0.20856,0.074688,2.666666666666667e-05,0.030218666666666668,0.019973333333333333,0.003648,0.126656,0.00248
539949700,0.3483946666666667,0.0,0.0,0.480576,0.0,0.0,0.0,0.0,0.0,0.17102933333333334,0.0
539953748,0.21319466666666667,0.0,0.0,0.522592,0.0,0.0,0.0,0.0,0.0,0.26421333333333336,0.0
539957148,0.095888,0.0,0.0,0.5187146666666665,0.0,0.0,0.0,0.0,0.0,0.3853973333333333,0.0
539961584,0.00048,0.0,0.0,0.880752,0.0,0.0,0.0,0.0,0.0,0.11876800000000001,0.0
539966422,0.377296,0.0,0.0,0.4517973333333333,0.0,0.0,0.0,0.0,0.0,0.17090666666666668,0.0
540039267,0.152336,0.10893333333333333,0.10591466666666667,0.4811733333333333,0.036736,0.00042133333333333335,0.004181333333333333,0.01112,0.005898666666666666,0.09140266666666666,0.0018826666666666664
540047657,0.13703466666666667,0.10522133333333332,0.068144,0.5503626666666666,0.051424,0.000496,0.009733333333333332,0.013077333333333331,0.0032,0.060245333333333324,0.0010613333333333334
540057601,0.18008533333333332,0.3618773333333333,0.047456,0.18632533333333332,0.012912,0.004085333333333333,0.02234133333333333,0.027424,0.010330666666666669,0.14323733333333333,0.003925333333333334
540082147,0.20317333333333332,0.0,0.0,0.44503466666666663,0.0,0.0,0.0,0.0,0.0,0.351792,0.0
5440309453,0.0984,0.400672,0.18284266666666665,0.12415466666666665,0.009381333333333332,1.6e-05,0.13759466666666667,0.010016,0.010762666666666669,0.025552,0.000608
5440912328,0.053594666666666665,0.614032,0.07540266666666667,0.090176,0.06618666666666667,1.0666666666666667e-05,0.078256,0.011797333333333332,0.001477333333333333,0.008784,0.0002826666666666667
5440913032,0.111152,0.4206613333333333,0.11126400000000002,0.1876,0.020186666666666662,0.0,0.11575999999999999,0.011589333333333332,0.002768,0.01851733333333333,0.0005013333333333333
5440914078,0.104224,0.15163733333333335,0.330032,0.10509333333333333,0.004272,0.0,0.22397866666666666,0.009488000000000002,0.03157333333333333,0.039696,5.333333333333334e-06
5440915396,0.08866666666666667,0.2084693333333333,0.104288,0.21522666666666668,0.003264,0.00013333333333333334,0.09875733333333331,0.17744,0.024592,0.07890133333333332,0.0002613333333333333
5497682231,0.016747330960854092,0.0019217081850533809,0.3824056939501779,0.005117437722419928,0.032,0.006612099644128114,0.00099644128113879,0.0004199288256227758,0.04356583629893238,0.07076868327402135,0.4394448398576513
5497684833,0.00891103202846975,0.0,0.3059359430604982,0.0,0.00012811387900355873,0.12419217081850535,2.1352313167259786e-05,0.0,0.14088256227758006,0.011437722419928823,0.40849110320284693
5497692837,0.2908825622775801,0.06809964412811388,0.1733167259786477,0.021338078291814947,0.13488256227758008,0.004078291814946618,0.000398576512455516,0.0005053380782918148,0.001103202846975089,0.07265480427046263,0.2327402135231317
5497694405,0.20058362989323844,0.08437010676156582,0.40866192170818505,0.06411387900355872,0.07975800711743772,0.020249110320284695,0.0013879003558718859,0.012405693950177935,0.020512455516014237,0.09301067615658365,0.01494661921708185
5497694809,0.190270462633452,0.42634875444839854,0.1987900355871886,0.05474021352313167,0.07780782918149465,0.001409252669039146,0.0007544483985765123,0.0008256227758007118,0.0004270462633451957,0.011366548042704629,0.037259786476868326
5498276900,0.16274021352313167,2.8469750889679717e-05,0.2529395017793595,0.0200711743772242,0.4645124555160142,1.4234875444839855e-05,0.00022064056939501776,0.0004483985765124556,0.0017295373665480427,0.013373665480427049,0.08392170818505337
5498277400,0.1835017793594306,0.2889110320284697,0.19546619217081848,0.0763202846975089,0.17446975088967973,0.014754448398576512,0.004775800711743773,0.005039145907473309,0.002697508896797153,0.01829893238434164,0.03576512455516014
5498278912,0.2323202846975089,0.0003202846975088968,0.23165124555160144,0.025644128113879,0.06798576512455516,0.0002633451957295373,1.4234875444839855e-05,0.002227758007117437,0.0007473309608540925,0.1168540925266904,0.3219715302491103
5498283136,0.05032740213523132,0.0015444839857651244,0.2819217081850533,0.007864768683274022,0.07689679715302492,0.013245551601423487,0.0009750889679715302,9.252669039145908e-05,0.013359430604982207,0.03025622775800712,0.5235160142348754
5498285846,0.15479715302491104,0.046491103202846974,0.15681138790035587,0.03599288256227758,0.2273096085409253,0.0013523131672597865,0.000498220640569395,0.002327402135231317,0.0021708185053380784,0.14526690391459074,0.22698220640569394
5498286750,0.2607046263345196,0.00013523131672597865,0.17301067615658364,0.020640569395017797,0.13577224199288254,0.0005124555160142349,0.0006405693950177936,0.000405693950177936,0.0005551601423487545,0.06732384341637011,0.3402989323843416
5511266188,0.12678696741854634,0.31552380952380954,0.050255639097744366,0.032030075187969916,0.466390977443609,1.0025062656641604e-05,3.508771929824561e-05,0.002902255639097744,0.0003057644110275689,0.004285714285714285,0.0014736842105263158
5592805263,0.04648,0.0,0.5113333333333333,0.0043093333333333326,0.0003093333333333333,0.057744,0.2392053333333333,0.005450666666666667,0.12805333333333332,0.003589333333333333,0.003525333333333333
5593396850,0.036565333333333325,0.13669866666666666,0.3888373333333333,0.10133866666666666,0.03270933333333333,0.0038293333333333335,0.140624,0.01567466666666667,0.09400533333333333,0.049269333333333325,0.000448
5593397926,0.050032,0.211712,0.324592,0.13533866666666666,0.056656,0.0014826666666666664,0.110992,0.02059733333333333,0.06329600000000002,0.025216,8.533333333333334e-05
5593399034,0.03096,0.11337066666666665,0.5012266666666667,0.056352,0.0007253333333333333,0.0061653333333333326,0.20873066666666668,0.011242666666666666,0.04890666666666666,0.018656,0.003664
5669701655,0.2954774774774775,0.0,0.0,0.5333033033033033,0.0,0.0,0.0,0.0,0.0,0.17121921921921926,0.0
5669720195,0.12763963963963965,0.015975975975975974,0.29494894894894896,0.01720720720720721,0.24905705705705705,0.03761561561561562,0.03258258258258258,0.004966966966966967,0.013885885885885886,0.08028828828828828,0.12583183183183186
5669721997,0.005855855855855856,3.003003003003003e-05,0.3875135135135136,0.02712312312312312,0.0025825825825825824,1.2012012012012014e-05,0.010396396396396395,0.31064864864864866,0.06857057057057057,0.17530330330330327,0.011963963963963964
5669723349,0.0009249249249249248,0.00016216216216216215,0.13178378378378378,0.0024324324324324323,0.0004024024024024024,0.00039639639639639637,0.019975975975975974,0.2355795795795796,0.18885885885885886,0.41860660660660653,0.0008768768768768767
5669726671,0.3895495495495496,0.02793393393393393,0.1956936936936937,0.014294294294294296,0.004324324324324325,0.16708708708708708,0.002840840840840841,0.0005825825825825825,0.16135135135135134,0.01424024024024024,0.022102102102102103
5670274044,0.4175675675675676,0.0,0.0,0.5794834834834834,0.0,0.0,0.0,0.0,0.0,0.0029489489489489488,0.0
5670279820,0.25585585585585585,0.0,0.0,0.4142042042042042,0.0,0.0,0.0,0.0,0.0,0.3299399399399399,0.0
5670288938,0.00427027027027027,0.00029429429429429435,0.4368408408408409,0.008144144144144142,0.003597597597597597,0.0,0.0060780780780780785,0.1914174174174174,0.0603003003003003,0.16643843843843845,0.1226186186186186
5670289852,0.0018018018018018016,0.02120720720720721,0.4638318318318319,0.04900900900900901,0.0227987987987988,0.005513513513513513,0.003423423423423424,0.08575975975975976,0.0035855855855855853,0.08952552552552552,0.2535435435435435
5670291784,0.002504504504504505,0.0018138138138138137,0.3852492492492493,0.015003003003003003,0.002612612612612613,0.0,0.00772972972972973,0.16233033033033034,0.09226426426426425,0.32980780780780783,0.0006846846846846848
5670292258,0.0034114114114114115,0.0028288288288288287,0.3198258258258258,0.006066066066066066,0.013123123123123123,0.03760960960960961,0.0043003003003003,0.30455855855855857,0.05532732732732733,0.022960960960960963,0.229987987987988
5670294902,0.13569369369369366,0.0006006006006006006,0.5127507507507507,0.1866126126126126,0.02875075075075075,0.0007147147147147147,0.05054654654654655,0.00017417417417417416,0.0025225225225225228,0.07842042042042041,0.003213213213213213
5670296210,0.006306306306306306,0.0,0.5882702702702702,0.03214414414414415,0.011945945945945946,0.0,0.00048048048048048047,0.3511351351351351,1.8018018018018016e-05,0.0,0.0096996996996997
5670296752,0.16393993993993994,0.013081081081081079,0.24018018018018014,0.0138018018018018,0.04941741741741742,0.2935015015015015,0.012762762762762765,0.0016156156156156155,0.05891891891891893,0.028114114114114117,0.12466666666666665
5670297892,0.10402402402402404,0.0011051051051051053,0.1422942942942943,0.011927927927927929,0.0011951951951951953,0.428984984984985,0.12535735735735734,0.0006006006006006006,0.15986186186186185,0.015363363363363362,0.009285285285285284
6158583485,0.2099413333333333,0.015706666666666667,0.14300266666666667,0.397568,0.04625066666666666,5.333333333333333e-05,0.032144,0.0028533333333333327,0.0005973333333333333,0.13393066666666667,0.017952
6158593295,0.4810933333333333,0.018277333333333333,0.12030933333333335,0.13473066666666667,0.053216,2.666666666666667e-05,0.035765333333333336,0.0007733333333333333,0.00042666666666666667,0.120976,0.034405333333333336
6158664041,0.04293333333333333,0.0012053333333333336,0.23489066666666664,0.053461333333333326,0.002026666666666666,0.009002666666666667,0.41143466666666667,0.007914666666666667,0.216176,0.016266666666666662,0.004688
6158674487,0.006448,0.0,0.35904,0.002032,0.0,0.0012693333333333333,0.5149813333333333,0.0005493333333333333,0.11557866666666665,0.00010133333333333332,0.0
6158683895,4.0404040404040395e-06,0.0,0.0045333333333333345,0.0,0.0,0.2184363636363636,0.01396767676767677,4.0404040404040395e-06,0.7630545454545454,0.0,0.0
6158689283,0.3517973333333333,0.001984,0.17747733333333332,0.16264,0.002176,0.0033333333333333327,0.00016533333333333333,0.004357333333333334,0.11033599999999999,0.18572266666666667,1.0666666666666667e-05
6158694333,0.13357333333333332,0.003168,0.055328,0.036549333333333336,0.002976,0.091136,0.22751999999999997,0.0005546666666666666,0.38237866666666653,0.066688,0.000128
6158794323,0.10855999999999999,0.0010986666666666666,0.037045333333333326,0.8255679999999997,0.0015893333333333337,0.0,0.025717333333333328,0.000304,1.6e-05,0.00010133333333333332,0.0
6158816565,0.010405333333333334,0.0013173333333333331,0.08193599999999998,0.12186666666666665,3.2e-05,0.03514133333333333,0.2508533333333333,0.005168,0.38511466666666666,0.09249066666666665,0.01567466666666667
6158828361,0.07093333333333332,0.16670933333333332,0.21653333333333333,0.5110773333333334,0.00088,1.0666666666666667e-05,1.0666666666666667e-05,0.013296,0.017952,0.002592,5.333333333333334e-06
6159142818,0.578768,0.004624,0.15543466666666667,0.050336,0.05506133333333333,2.133333333333333e-05,0.094528,0.0006826666666666667,0.005349333333333334,0.02924266666666667,0.025952
6159240676,0.012368,0.00013866666666666666,0.018138666666666668,0.039002666666666665,0.0006453333333333334,0.0,0.9171093333333332,0.00011733333333333333,0.01242666666666667,5.333333333333333e-05,0.0
6159297676,0.3321866666666667,0.037296,0.2476053333333333,0.18545066666666668,0.07293333333333332,0.0,0.0,3.733333333333333e-05,0.0,0.021546666666666662,0.102944
6159319674,0.08182933333333332,0.018202666666666662,0.07533333333333332,0.22656,0.17692266666666667,5.8666666666666665e-05,0.0004,0.00013333333333333334,0.00010133333333333332,0.273312,0.14714666666666668
6159329428,0.12610666666666667,0.0017813333333333331,0.198096,0.391504,0.0004533333333333333,0.0,0.25221866666666665,0.000256,0.029008,0.000576,0.0
6246445413,0.20592533333333327,0.042442666666666656,0.137568,0.21096,0.18983466666666668,0.00016,0.0020106666666666667,0.011338666666666669,0.0007466666666666666,0.13173333333333334,0.06728
6246446035,0.314672,0.0013333333333333333,0.093264,0.04973866666666666,0.5267146666666666,0.0005493333333333333,8e-05,0.003024,8.533333333333334e-05,0.0023466666666666666,0.008191999999999998
6247663849,0.374608,0.07356266666666665,0.08979199999999998,0.05048,0.14716266666666666,0.00018666666666666666,0.002288,0.012624,0.0012106666666666667,0.2267253333333333,0.02136
6247664455,0.273344,0.07066133333333334,0.21256,0.09237333333333331,0.17781333333333332,0.000656,0.007466666666666666,0.034005333333333325,0.009776,0.06769066666666665,0.053653333333333324
6247664891,0.0432,0.07902399999999998,0.2232,0.5092426666666666,0.05493333333333333,0.0068,0.021210666666666662,0.02765333333333333,0.008565333333333331,0.010352,0.01581866666666667
6247665303,0.13422933333333334,0.007594666666666667,0.3052,0.009242666666666666,0.03781866666666666,0.002496,0.0027413333333333326,0.003792,0.002272,0.014431999999999999,0.4801813333333334
6247665743,0.023514666666666663,1.6e-05,0.2588106666666667,0.004906666666666666,0.015493333333333331,0.03134933333333333,0.004688,0.0015093333333333332,0.027728,0.0030293333333333327,0.6289546666666666
6247666257,0.006528,0.0,0.5892906666666666,0.00011200000000000001,0.04117866666666666,0.003909333333333333,1.6e-05,2.666666666666667e-05,0.010944,0.0019253333333333332,0.3460693333333333
6247666671,0.05597866666666667,0.0019946666666666667,0.09543466666666665,0.0010453333333333332,0.037584,0.013984,0.00043733333333333336,0.00018133333333333331,0.012464,0.04076266666666666,0.7401333333333333
6247672919,0.145424,0.0075306666666666655,0.522288,0.05544,0.14090666666666668,0.020496,0.017210666666666666,0.008613333333333334,0.0019466666666666664,0.003488,0.076656
6248175984,0.036037333333333324,0.17864533333333332,0.154704,0.044672,0.06416533333333334,0.0005866666666666667,0.001184,0.0060533333333333324,0.000208,0.061925333333333325,0.4518186666666666
6248176432,0.07586666666666665,0.0002506666666666667,0.307792,0.12998933333333335,0.013322666666666668,0.12746133333333334,0.028426666666666663,0.0009813333333333334,0.120496,0.17207466666666665,0.023338666666666667
6248177408,0.27512,0.049168,0.16549866666666666,0.16871466666666668,0.135712,0.0016373333333333333,0.007146666666666666,0.015424,0.0022826666666666672,0.13642133333333334,0.042874666666666665
6248193324,0.03200533333333333,0.101648,0.24129066666666665,0.054784,0.030949333333333325,0.008245333333333332,0.014117333333333334,0.007605333333333333,0.004346666666666667,0.10159466666666668,0.40341333333333335
6248193828,0.21183466666666667,0.0052,0.09415466666666665,0.016234666666666668,0.053189333333333325,0.00012266666666666668,0.00048,0.000928,8e-05,0.061797333333333336,0.5559786666666666
6263799451,0.07326708074534162,0.01708488612836439,0.06989233954451346,0.051478260869565216,0.7011552795031056,0.0011014492753623187,6.211180124223603e-05,0.00041407867494824016,0.00042650103519668734,0.029138716356107656,0.055979296066252585
6602678237,0.3325693950177936,0.00598576512455516,0.3156654804270463,0.01104626334519573,0.0139644128113879,0.006725978647686833,0.035316725978647684,0.2190035587188612,0.04741637010676157,0.010761565836298932,0.0015444839857651244
6602680623,0.18507831325301205,0.0006686746987951808,0.2496987951807229,0.02009036144578313,0.012397590361445785,0.00672289156626506,0.09936746987951807,0.25792168674698795,0.12972289156626507,0.021259036144578317,0.017072289156626504
6602682907,0.1855421686746988,0.009885542168674698,0.20305421686746988,0.022054216867469882,0.029433734939759038,0.003686746987951807,0.07901807228915662,0.3139578313253012,0.09282530120481927,0.044024096385542166,0.016518072289156627
6991343152,0.21733000000000002,0.09055,0.12343499999999999,0.045425,0.40976,0.001645,0.0003,0.00424,0.00303,0.08873,0.015555
7201319212,0.7195135135135136,0.14236036036036034,0.043699699699699696,0.003885885885885885,0.05783183183183184,0.007807807807807806,0.0012792792792792793,0.002852852852852853,0.0024744744744744744,0.003057057057057057,0.015237237237237237
7201320344,0.3008228228228228,0.046636636636636634,0.044582582582582575,0.24315315315315314,0.011183183183183185,0.11772372372372372,0.0072072072072072065,0.005753753753753753,0.09396996996996995,0.12857057057057056,0.00039639639639639637
7201321608,0.15396996996996998,0.7675435435435437,0.009753753753753754,0.04575375375375376,0.021225225225225224,0.0,6.006006006006007e-06,0.0007087087087087087,5.4054054054054054e-05,0.000984984984984985,0.0
7201322828,0.650006006006006,0.08517717717717718,0.008312312312312312,0.16311111111111112,0.03228828828828829,6.006006006006007e-06,0.00039639639639639637,0.003723723723723724,0.00043243243243243243,0.05645645645645645,9.009009009009008e-05
7201326520,0.41901501501501504,0.3353693693693694,0.019903903903903904,0.05924924924924925,0.05714114114114114,0.002084084084084084,0.014816816816816816,0.011063063063063065,0.0022342342342342343,0.06971171171171171,0.009411411411411413
7201332494,0.23874474474474475,0.0025345345345345344,0.4400300300300301,0.0043543543543543535,0.018420420420420417,0.08419219219219219,0.00016816816816816817,0.002048048048048048,0.18005405405405406,1.2012012012012014e-05,0.029441441441441438
7201337188,0.3844204204204204,0.009393393393393394,0.21033033033033036,0.09048048048048048,0.11002402402402403,0.0028708708708708713,0.0017597597597597593,0.0009729729729729728,0.006516516516516515,0.13329729729729733,0.04993393393393394
7201338836,0.38018618618618616,0.11292492492492492,0.09843843843843844,0.19531531531531526,0.0661021021021021,0.00560960960960961,0.004372372372372373,0.009255255255255257,0.018852852852852854,0.06332732732732732,0.045615615615615605
7201340360,0.3592252252252252,0.04262462462462462,0.0086006006006006,0.18532732732732726,0.04596396396396396,0.0012612612612612614,0.0012132132132132132,0.0013993993993993994,0.008,0.3075675675675676,0.03881681681681682
7201346064,0.4191591591591591,0.039375375375375374,0.0323963963963964,0.04527327327327328,0.25826426426426424,0.0010870870870870874,0.004576576576576576,0.00427027027027027,0.001777777777777778,0.05242642642642643,0.14139339339339338
7201347740,0.2846906906906907,0.013651651651651652,0.06632432432432432,0.043867867867867866,0.5485525525525525,0.007993993993993994,0.00039639639639639637,0.004102102102102102,0.004756756756756757,0.02489489489489489,0.0007687687687687687
7201349046,0.6763603603603604,0.009069069069069069,0.0613093093093093,0.0763003003003003,0.06794594594594594,0.001987987987987988,0.002936936936936937,0.004516516516516515,0.0056516516516516525,0.09346546546546547,0.00045645645645645645
7201351082,0.3857897897897897,0.004402402402402403,0.12514714714714714,0.07601801801801801,0.13144744744744746,0.053735735735735736,0.0558978978978979,0.0030990990990990997,0.06366966966966968,0.08605405405405404,0.014738738738738738
7201353582,0.5302162162162162,0.04849249249249249,0.14383783783783785,0.047927927927927924,0.04503903903903904,0.0001021021021021021,0.11602402402402402,0.03308708708708709,0.03175975975975976,0.0024984984984984986,0.001015015015015015
7201355302,0.35494894894894896,0.034666666666666665,0.08105105105105105,0.16236036036036036,0.32542942942942943,0.0014294294294294296,0.002,0.001951951951951952,0.0034114114114114115,0.010186186186186186,0.022564564564564564
7721568510,0.11356500000000001,0.338775,0.18826,0.212815,0.10727,0.00108,0.01489,0.00388,0.009845,0.008099999999999998,0.00152
7721575202,0.15723,0.00238,0.02484,0.3948,0.161495,1e-05,6e-05,6.5e-05,0.0,0.256615,0.002505
7756471602,0.08723723723723725,0.0015435435435435436,0.3936216216216216,0.10767567567567568,0.042468468468468475,0.0009189189189189187,0.03076876876876877,0.0014714714714714715,0.06697297297297296,0.2619399399399399,0.005381381381381382
7756471780,0.1551951951951952,0.02210810810810811,0.16414414414414413,0.1738138138138138,0.03214414414414415,0.00018618618618618615,0.12828228228228228,0.009771771771771772,0.063993993993994,0.2402822822822823,0.010078078078078078
7756472070,0.11813813813813814,0.2588408408408409,0.309993993993994,0.1895675675675676,0.05192192192192192,0.003657657657657658,0.03113513513513513,0.004924924924924925,0.00723123123123123,0.020048048048048047,0.0045405405405405394
7756472312,0.08057599999999998,0.14280533333333334,0.41930666666666666,0.018944,0.001002666666666667,0.026858666666666663,0.09746133333333333,0.002053333333333333,0.2059733333333333,0.0025066666666666666,0.002512
7756472496,0.07384533333333332,0.19206933333333331,0.4072213333333333,0.09012266666666667,0.02439466666666666,0.015744,0.09756266666666669,0.004618666666666666,0.037925333333333325,0.04108266666666667,0.015413333333333331
7756472742,0.11379041916167665,0.11570658682634732,0.4753353293413174,0.0785748502994012,0.029844311377245508,0.017461077844311376,0.05133532934131736,0.0019700598802395207,0.028029940119760482,0.07662874251497007,0.011323353293413174
7756472964,0.09215615615615616,0.18206006006006006,0.2358198198198198,0.13063663663663666,0.018048048048048045,0.002930930930930931,0.13102702702702704,0.008234234234234234,0.07051651651651651,0.12445645645645645,0.0041141141141141134
8002084261,0.10873873873873874,0.17144144144144144,0.22057657657657656,0.05607207207207208,0.009081081081081079,0.008624624624624627,0.3063423423423424,0.016822822822822818,0.047489489489489486,0.050906906906906906,0.003903903903903904
8002086484,0.09702102102102099,0.17428228228228226,0.2743123123123123,0.03945945945945946,0.00884084084084084,0.007273273273273273,0.21629429429429428,0.029441441441441438,0.10282282282282283,0.04503903903903904,0.005213213213213213
8004818628,0.05334534534534535,0.2871351351351351,0.21524324324324326,0.015219219219219218,0.0005945945945945945,0.0007267267267267268,0.2467567567567568,0.07286486486486486,0.08272672672672672,0.024864864864864864,0.0005225225225225224
8004818726,0.0455015015015015,0.2516696696696697,0.22705105105105106,0.01786786786786787,0.0006906906906906907,0.00017417417417417416,0.2676876876876877,0.05705105105105105,0.11668468468468468,0.015531531531531532,9.009009009009008e-05
8004818828,0.12077477477477475,0.1675855855855856,0.17112312312312314,0.021951951951951952,0.00018018018018018016,1.8018018018018016e-05,0.4052672672672673,0.07505105105105103,0.03741741741741742,0.0006126126126126127,1.8018018018018016e-05
8004818924,0.04571171171171171,0.29193993993993994,0.18686486486486487,0.02398798798798799,0.0006006006006006006,0.0007327327327327326,0.21667267267267268,0.1267987987987988,0.09316516516516515,0.012222222222222223,0.0013033033033033033
8016523691,0.2804744744744745,0.029189189189189186,0.16822222222222222,0.0003003003003003003,0.005111111111111111,0.05893093093093092,0.08865465465465465,0.09425825825825826,0.2589489489489489,0.01024024024024024,0.00566966966966967
8016526044,0.2639399399399399,0.005813813813813814,0.1522042042042042,0.0233993993993994,4.204204204204204e-05,0.19151951951951954,0.1025885885885886,0.06275075075075075,0.18494294294294292,0.010726726726726726,0.0020720720720720717
8047179310,0.020688,0.036442666666666665,0.086176,0.023765333333333333,0.0016586666666666664,5.333333333333333e-05,0.4185653333333333,0.07664,0.19750933333333331,0.13824,0.0002613333333333333
8047210671,0.142176,0.06329066666666665,0.01987733333333333,0.6634506666666666,0.02398933333333333,0.0026773333333333328,0.010608,0.032821333333333334,0.0010613333333333334,0.03605866666666666,0.003989333333333333
8047212151,0.101648,0.4302133333333333,0.146352,0.06856,0.03975466666666666,0.0041386666666666655,0.152144,0.010021333333333332,0.019216,0.02501333333333333,0.002938666666666667
8047217441,0.07464533333333331,0.036229333333333336,0.094944,0.06746666666666665,0.11058666666666668,0.00012266666666666668,0.249536,0.2627893333333333,0.028624,0.0708,0.004256
8047217741,0.11372266666666668,0.09767466666666669,0.032896,0.5921386666666667,0.00010666666666666668,0.000272,0.021232,0.050416,7.466666666666666e-05,0.09146666666666665,0.0
8047219317,0.2534133333333333,0.13731733333333335,0.19196266666666667,0.048021333333333326,0.022336,0.008928,0.07604266666666665,0.08088,0.07047466666666667,0.11037333333333334,0.0002506666666666667
8047220044,0.670384,0.032288,0.046512,0.04722133333333333,0.048778666666666665,0.00012266666666666668,0.007957333333333334,0.007450666666666667,0.0005173333333333333,0.11367466666666665,0.02509333333333333
8047221032,0.142496,0.03336533333333333,0.06335466666666667,0.02296533333333333,0.14864,0.0010773333333333334,0.19690133333333332,0.2794293333333333,0.04168,0.064256,0.005834666666666666
8047221157,0.032661333333333334,0.0,0.8239413333333333,0.0018986666666666668,0.0044213333333333335,0.001328,0.10269333333333333,0.002618666666666667,0.028576,0.0,0.0018613333333333331
8047221324,0.06533333333333333,0.02586133333333333,0.012453333333333334,0.05348266666666666,0.2482133333333333,0.0,0.409536,0.15684266666666666,0.0057013333333333326,0.022576,0.0
8047222928,0.07218666666666665,0.023834666666666667,0.12157866666666667,0.173712,0.00544,0.010437333333333331,0.14768533333333336,0.2435253333333333,0.06696,0.134464,0.000176
8047223406,0.08574933333333333,0.047104,0.05345066666666666,0.045168,0.062448,0.0,0.2902826666666667,0.21656533333333333,0.08804266666666667,0.11117866666666666,1.0666666666666667e-05
8047225142,0.007610666666666666,0.056853333333333325,0.8184266666666666,0.004005333333333333,0.0016746666666666668,0.0006293333333333333,0.0008266666666666666,0.0020693333333333327,0.023792,0.075744,0.008368
8047226158,0.06485333333333332,0.0,0.753152,0.0031946666666666673,0.004618666666666666,0.004117333333333333,0.12636266666666668,0.006346666666666665,0.033168,1.6e-05,0.004170666666666665
8047226598,0.09797333333333333,0.016218666666666666,0.6749973333333333,0.006250666666666666,0.00096,0.007856,0.17042133333333334,0.004576,0.01816,0.0023466666666666666,0.00024
8222473671,0.10899,0.12122,0.07398,0.134085,0.49048500000000006,0.001005,0.00568,0.00188,0.002335,0.020945,0.039395
8223561412,0.16764588528678304,0.048608478802992516,0.057895261845386535,0.060004987531172074,0.5753516209476309,0.0019152119700748128,0.006738154613466335,0.0029276807980049874,0.0105785536159601,0.06388029925187033,0.0044538653366583535
8284227035,0.2756259351620948,0.029910224438902743,0.05203990024937656,0.44926683291770575,0.12638403990024938,0.007481296758104737,0.001795511221945137,0.0037406483790523685,0.027251870324189527,0.015062344139650873,0.011441396508728179
8639532518,0.02010666666666666,0.64592,1.6e-05,0.0007839999999999998,0.3315626666666667,0.0,5.333333333333334e-06,0.0007146666666666666,5.333333333333334e-06,0.0008639999999999998,2.133333333333333e-05
8810436449,0.22831095406360424,0.1052226148409894,0.13818374558303884,0.2634982332155477,0.09702473498233216,2.8268551236749122e-05,0.001547703180212014,0.006014134275618375,7.067137809187279e-06,0.15927208480565372,0.000890459363957597
8810436711,0.1767279151943463,0.3193710247349824,0.19204946996466432,0.2307279151943463,0.016946996466431094,0.0007632508833922261,3.5335689045936404e-05,0.008381625441696116,0.00022614840989399287,0.05078445229681978,0.003985865724381626
8810437275,0.19879858657243812,0.012318021201413428,0.3746572438162544,0.2889681978798587,0.010162544169611308,3.5335689045936404e-05,0.004558303886925794,0.02613427561837456,0.023215547703180208,0.04182332155477032,0.01932862190812721
8810438217,0.08126501766784451,0.0008480565371024734,0.3401413427561837,0.5456183745583039,0.015823321554770318,5.653710247349823e-05,0.0,0.000303886925795053,7.067137809187279e-06,0.0005371024734982333,0.015399293286219081
8810440157,0.07458657243816252,0.4542756183745583,0.1482332155477032,0.21084805653710248,0.03840282685512368,0.011561837455830387,0.004070671378091873,0.0054770318021201405,0.001992932862190813,0.0023674911660777386,0.048183745583038874
8810440549,0.4710742049469965,0.1711095406360424,0.06325795053003536,0.13132862190812722,0.08022614840989399,0.0,0.0006501766784452297,0.004424028268551237,0.00012014134275618376,0.052537102473498236,0.025272084805653714
8810440817,0.018190812720848056,0.015257950530035338,0.5352084805653711,0.1002190812720848,0.00368904593639576,0.06357597173144876,0.046466431095406366,0.0015618374558303886,0.09294699646643108,0.11665724381625442,0.006226148409893993
8821024424,0.21393639575971726,5.653710247349823e-05,0.29197879858657244,0.01504593639575972,0.04493992932862191,0.13959010600706714,0.003964664310954064,0.015491166077738516,0.2223886925795053,0.01176678445229682,0.04084098939929329
8821025202,0.1627844522968198,0.04895406360424028,0.4448056537102473,0.17269257950530034,0.008035335689045936,7.067137809187279e-06,0.00454416961130742,0.008876325088339222,0.00013427561837455832,0.10081272084805654,0.048353356890459366
8821026606,0.12361837455830388,0.003053003533568905,0.23263604240282684,0.4839717314487633,0.07590812720848057,2.8268551236749122e-05,0.0007279151943462897,0.0007561837455830389,0.0028339222614840987,0.045243816254416966,0.0312226148409894
8821027118,0.14245936395759715,0.00011307420494699646,0.5750318021201414,0.11915901060070673,0.07388692579505299,0.0,0.0012084805653710248,0.00045229681978798585,0.0006925795053003533,0.02337809187279152,0.06361837455830388
8821027502,0.38633215547703187,0.26945583038869253,0.11449469964664312,0.13456537102473498,0.04525088339222615,0.0007349823321554772,0.014063604240282685,0.004777385159010601,0.0006219081272084805,0.01874204946996466,0.01096113074204947
8821027922,0.12032508833922262,0.0208339222614841,0.1186713780918728,0.4064805653710247,0.227773851590106,0.0,0.011272084805653709,0.02108833922261484,0.00013427561837455832,0.06952650176678445,0.0038939929328621905
8821028134,0.2653992932862191,2.120141342756184e-05,0.24063604240282685,0.21657950530035336,0.003795053003533569,7.067137809187279e-06,0.003045936395759717,0.0011024734982332156,0.03978091872791519,0.06903180212014134,0.16060070671378093
