148880487,0.1589056454651558,0.06592502734048321,0.0570382215360297,0.02775403674193341,0.04352421126152206,0.017626570354645123,0.06076939336292539,0.033943554538520215,0.028889011423267438,0.06318178894065966,0.01630779410548372,0.045858491172929707,0.027188846920864238,0.07244079291996361,0.06618694457463721,0.2144596693409795
148880501,0.15234640986089687,0.0586567724183933,0.06195717124553578,0.026347604952682704,0.04355136810216645,0.015647364544683927,0.06411806395130695,0.032719111741081976,0.024478536985311487,0.057315768263364875,0.014931699114798294,0.04602493017050903,0.023707285890968717,0.07672211336696265,0.05983796778810745,0.2416378316032295
1670874363,0.140707846491707,0.06097501789635885,0.04684599424889892,0.02289520620245332,0.038364940123029885,0.01673157888350987,0.049557747606741163,0.03399701525133768,0.029137698831580093,0.05216030284279111,0.015287737050922725,0.04088256348657471,0.023289532753369976,0.06439049248352928,0.06727817614870356,0.29749814969849186
1672513173,0.16989407782186147,0.06441475873281646,0.06640459117436512,0.028725172593698056,0.03689683204115556,0.022045887477402056,0.052597095329960326,0.04472876399859256,0.038546936992683724,0.04923015324136425,0.022919472451740492,0.04060350161977214,0.029313629138912143,0.06807289581285869,0.06466348778801005,0.20094274378480687
1673365514,0.15872553658743735,0.07271988255135345,0.04730098642303352,0.030290345672721094,0.04272679843240029,0.024545311153981484,0.0382314757519504,0.045960276149916886,0.04131328941142212,0.05157791285989881,0.020207719093898253,0.04579041240490664,0.030624006600419806,0.0617212050619396,0.06005896698576785,0.2282058748589524
1684589201,0.15668717164731433,0.07420012375787137,0.04569941397007971,0.029926351933413413,0.03851053761875296,0.02116623594074182,0.04451643431732974,0.04597847583688227,0.039566119462745235,0.041713682524660574,0.021566629053980272,0.04331525497761438,0.029792887562333926,0.0553877139979859,0.07830111988740458,0.2336718475108895
1685434866,0.15980538468071684,0.0625341244130601,0.061163081328334486,0.02859777478494037,0.041768281585556725,0.01973452723279826,0.05888812045766145,0.04296339436295029,0.03433067617903639,0.04232640531916184,0.020699110641963624,0.045869277715089966,0.025910287676385296,0.06765430301265485,0.06917094359310354,0.218584307016586
1685436554,0.15910166345138865,0.05655249396377049,0.05257889564299494,0.029792887562333926,0.04610587364563997,0.02193062279328796,0.05080139288270909,0.04396437714604642,0.0340880136861646,0.048083572962545035,0.022324949344204613,0.049478882296557836,0.02888896977638651,0.06252199128841651,0.06328031157864085,0.23050510197891266
1685437786,0.16196508086727576,0.0662165277423895,0.053197684999818,0.030617940038098007,0.03758235358351837,0.024927504580254552,0.04050643662262343,0.048405100765600166,0.041525619092684936,0.04316359091956952,0.02371419211589561,0.03814047731712348,0.03056940753952365,0.05370727623484877,0.07301714410512139,0.2327436634756549
1685439082,0.15468520608112207,0.06169693881265241,0.06025309698006528,0.027948652616508328,0.04364891590531309,0.023150001819968697,0.05236656596173213,0.04208374282629006,0.03839527293463886,0.050024872905519366,0.02196095560489693,0.04476516337252333,0.028039651051335247,0.06558560526092284,0.06349870782222546,0.22189665004428594
1685440660,0.15535252793651946,0.07148230383770733,0.05500552057171283,0.026971936082699374,0.04127689003749136,0.01843628289593419,0.057626275494728166,0.03423967774420947,0.0280942501122314,0.0590761838896371,0.01592472609471117,0.04241740375398877,0.023683859304286632,0.07826472051347384,0.06876448391754328,0.2233829578131256
1695594256,0.15828874410026814,0.051705310668656496,0.05523604993994103,0.026268214853371188,0.047707446098593766,0.0239507880464456,0.05603076960409614,0.04637280238779893,0.04182894720877468,0.05201470534706803,0.02322886713015203,0.05049806476661935,0.02755432606559167,0.06641065773668693,0.058809255147478125,0.21409505089845787
1695594662,0.16432497361045387,0.07764593115665076,0.05084385881896165,0.028828304153168567,0.03734575765296837,0.019801259418338005,0.04653053300816559,0.04344871934869386,0.03709702859777479,0.047689246411628396,0.019170336936871354,0.03879566604787731,0.02774238949756731,0.06055035853383321,0.0765721496256931,0.22361348718135385
1695595226,0.14156328578408586,0.06552619975450764,0.05164277287190304,0.026992241964892208,0.04535650018471512,0.015754412307985653,0.062094073623872335,0.03594794608701869,0.026050790699891555,0.05544432924576645,0.01543265048323859,0.04629199289740565,0.02450156709925757,0.07467853610286845,0.06754019043533184,0.2451825104572593
1713912928,0.14626481757847098,0.06062922384401655,0.05211783690653854,0.02961695725500188,0.03798274669675682,0.02535823050510198,0.05031000133464371,0.04372778121549643,0.034500539924046635,0.04820490420898094,0.023422997124449455,0.04517768961040537,0.02729953044807629,0.06947427170919326,0.06361397250633956,0.2422984991324816
222126959,0.15815527972918866,0.056103568351957685,0.045954209587595087,0.029550225069462137,0.0430665259224208,0.023938654921802013,0.04581467865419382,0.045456751477207916,0.03614457831325301,0.042265739695943896,0.023938654921802013,0.05152331379900266,0.030508741916305707,0.06072022227884347,0.05806306798189737,0.2487957873791237
222135524,0.16225020929640013,0.08098254043363788,0.04963661291692449,0.031145730960094157,0.0336208883873864,0.019479731615282884,0.04032443975296957,0.04414030745337847,0.0381162110678363,0.04492289399288999,0.017574831046239338,0.03419114524563511,0.02967155631589803,0.05394387216539875,0.0818682585326199,0.2381307708174086
222138785,0.11622926752326525,0.046099807083318164,0.09173855543017992,0.023204600880864845,0.026862737960907074,0.013067375241145852,0.1492556328031158,0.03287470122180565,0.020401849088195683,0.06474235309819336,0.01339496960652277,0.029034567272109582,0.018175420716097016,0.09922469333527464,0.06698698115725743,0.18870648758174693
222144998,0.16177701743530012,0.06050789259758065,0.07339327096907265,0.02270714277047768,0.051171453184338564,0.017720428541962412,0.06986253169778812,0.03464613741976972,0.028822237590846768,0.05567284242711026,0.01785995947536369,0.049806476661934745,0.02261614433565076,0.07192516288719834,0.057881071112243526,0.203630230893362
222149556,0.1432618692291826,0.05362234436234364,0.07597762651815722,0.02442397990754559,0.04704619080551815,0.01717443793300089,0.09437144347783885,0.0363933073684466,0.026747473276792968,0.061229813513874236,0.015378735485749643,0.04722818767517199,0.02108737063055849,0.07450345187396108,0.05741394581346535,0.2041398221283927
222153970,0.15046287870515293,0.06520947839697157,0.050946990378432165,0.0321285140562249,0.03835280699838629,0.028203448234023706,0.03871680073769398,0.0514808478627501,0.045220155546657925,0.045766146155619455,0.0260255523604994,0.04700979143158737,0.0283308460427814,0.06676858491367281,0.05763840861937175,0.22773874956017426
222163079,0.13225105861512515,0.08390662347274296,0.050085538528737296,0.023507928996954586,0.02995668474502238,0.011951127773935621,0.06147247600674601,0.029089166333005737,0.0204989140853444,0.05588517210837308,0.010234290636867713,0.031091131899198,0.02106310438127131,0.07428505563037649,0.09642194154260547,0.2682997852436938
222166701,0.14742959754425558,0.0685036217377061,0.06475448622283696,0.021366432497361046,0.04988534197211808,0.015663863914873996,0.072998944418156,0.02782125480775064,0.02430871522343149,0.07019012606316505,0.012927844307744574,0.05139591599024497,0.02239774809206615,0.08326356786663269,0.062018466615707535,0.2050740727259491
222173555,0.10207597762651817,0.06917094359310354,0.07239835474829832,0.01965566192261493,0.020711243766607216,0.0107074824979677,0.1045754013030976,0.025952753612637863,0.015712396413448355,0.07967822953445201,0.008857180989820307,0.025801089554593,0.01513000643055606,0.11131535204261153,0.06947427170919326,0.2487836542544801
222181157,0.12819252842184448,0.057996335796357636,0.11690265594098448,0.01838168383503804,0.0391535932248632,0.012970310243997136,0.07903517392834176,0.023805190550722527,0.01576699547434451,0.06458462247782673,0.011380870915686916,0.0384680716825004,0.014480884262124025,0.11550734660697168,0.049697278540142435,0.21367645809825406
222190662,0.1079969424525898,0.08057001419575582,0.046154406144214316,0.025030636139725063,0.030411676919156992,0.011247406544607434,0.053155219063565434,0.03034494473361725,0.01489947706232786,0.05226950096458341,0.008292990693893398,0.03214064718086849,0.01812082165520086,0.06996566325725864,0.07860444800349434,0.34079520498914084
222207609,0.09034931265848894,0.08860820927213385,0.04215654157415159,0.018132954779844453,0.01484487800143171,0.007407272594911369,0.051905507225275725,0.02108737063055849,0.009172642230553635,0.05405913684951286,0.005344641405501159,0.01815115446680984,0.008936046300003638,0.05874252296193839,0.06428736092405878,0.4468144481248256
222210641,0.15203411834649774,0.062006333491063964,0.06728424271102536,0.022033754352758467,0.0439886433953336,0.02233101590652641,0.053482813428942365,0.04549315085113869,0.03860153605357988,0.05146264817578471,0.02575255705601864,0.046585132069061744,0.02218541841080333,0.0768269452432085,0.05956150887538068,0.21037018163287594
222216610,0.14718086848906198,0.04581467865419382,0.046803528312646364,0.0292529635156942,0.04758611485215788,0.02603768548514299,0.04296339436295029,0.04539001929166818,0.040093910384741374,0.044983559616107935,0.025837488928523764,0.05334934905786288,0.032170979992477464,0.06749657239228819,0.05575170773729359,0.24928717892718916
222230805,0.08677610745095185,0.05533311493708975,0.09877576772346182,0.01575486234970092,0.022051954039723848,0.006994746357029326,0.10805760807580776,0.018897341632390586,0.008984578798577997,0.09317633070044527,0.005508438588189617,0.024496778655407128,0.013006709617927905,0.14861864375932735,0.06694451522100486,0.22662250209296397
2350206473,0.1714951408688188,0.0839541371593243,0.041923418866304914,0.02256353658910451,0.03921027621938134,0.015405131978294859,0.04408473589012539,0.026656243293785832,0.022686164505349642,0.046154081976762004,0.01411753885772096,0.04245991599987737,0.021444556853367668,0.05532051871608572,0.08271252950734234,0.26981207271835433
2351628249,0.15268152255037853,0.06603997109381479,0.062065370627050975,0.023764675220054255,0.04806837971354444,0.017681344848420228,0.05518238144317684,0.03288670907820071,0.032477994574166884,0.056799469263484614,0.015199440831171291,0.038265155015341605,0.024404402269846345,0.06987833339256731,0.062207532193671436,0.24239731788510974
2351815411,0.1561526341353615,0.07082607717003707,0.058570565447631236,0.024214853514352395,0.045497624717157716,0.018646858821717547,0.047085095544419565,0.033058487637867104,0.03336058096693559,0.04967362073663385,0.016093874021158378,0.03785644051130777,0.02524552487235076,0.06059636777197285,0.062260842781154124,0.2608605513499425
2351838951,0.1348570753602646,0.07413772738010865,0.07157453342782896,0.018538861327663598,0.03606189463737302,0.012892747460429956,0.07550200803212852,0.029199149539333807,0.02574415308291992,0.06674344436569808,0.013749114103472716,0.03346326482400189,0.02013938105362627,0.07428537680132295,0.06764115284668085,0.24547011575714625
2355224669,0.09529835317601767,0.06622347377676387,0.058928019771393274,0.01991991635179772,0.03552078135025308,0.009885696632684585,0.09926094912193152,0.026847033102825504,0.016135548109598156,0.06902164872507782,0.00872721655854186,0.02555191178916851,0.016907868159026642,0.08452151802476177,0.08501461467170457,0.28223545067845346
2355273611,0.06680681670965387,0.06584696557490961,0.03921845740734198,0.01668256604129126,0.038376379417965116,0.008261786147522644,0.09738072524702915,0.02203535549823929,0.008055683143129702,0.07749472965174481,0.0037451860226831077,0.029790717120682143,0.01148877033058922,0.12379724175293548,0.04950594165518378,0.3415126782790988
2355333615,0.1207181667847862,0.06671391448145524,0.046651311126860384,0.02014528703047484,0.04936215450035436,0.012626978502244273,0.06673163241200095,0.02914599574769667,0.022519489723600284,0.054896054807465164,0.012000944956295771,0.041908811717458076,0.017517127332860854,0.06921214268840066,0.05716985589416489,0.3126801322938815
2355385499,0.12230633448247265,0.05175865704706732,0.05937022425987135,0.018753479996682896,0.0481276136996363,0.015892478468446054,0.07406025281065262,0.030564736823399795,0.024878274158581227,0.05903851393775693,0.016052410230894078,0.04145194346708368,0.018901564961912545,0.08892205992110033,0.05272417102036465,0.2771972847140776
2356141678,0.10136378848728246,0.07966389366991776,0.05094186268885064,0.019835293555173075,0.03456683878370625,0.009203480589022756,0.0677890131956397,0.025494836488812397,0.014474564926372157,0.05213711990820424,0.008163606808185122,0.02732955632052017,0.011934643335245744,0.08540112832281507,0.06775913176515586,0.34394124115509656
2356247780,0.129449953205151,0.06641906860480269,0.055751027709658695,0.021780336685976943,0.04174218999893378,0.012841928184715265,0.06339221191550864,0.028817334233689918,0.021081375650093,0.053523829832604765,0.012113350155785385,0.03750695999336579,0.01727855374299558,0.07449266090912321,0.05970785798059495,0.3041013611970004
2356281548,0.11428503330830743,0.09254823448095051,0.04633966131588669,0.021337575822578145,0.029208823424260837,0.010105704717981721,0.0543479556207024,0.026044832147581427,0.015420733378618332,0.047835257945729515,0.008776947552822566,0.02644405515236018,0.014157520288870616,0.06376842682301907,0.07802128394885177,0.3513579540714788
2356319876,0.11663123080557525,0.07030474840538625,0.04740727616347744,0.0230214977557288,0.03776872194660997,0.013193952279707065,0.05969170800850461,0.03229978738483345,0.020546893456177648,0.045080321285140564,0.013997165131112686,0.03410111032364752,0.017487597448618,0.06630640207890386,0.06831443420741791,0.33384715331915893
2356355806,0.10909520434679897,0.07011575714623199,0.04784431845027168,0.021645405150011808,0.03681195369714151,0.01105598866052445,0.08176824946846209,0.03084691708008505,0.02312780533900307,0.053195133475076775,0.01113276635955587,0.03159107016300496,0.01902905740609497,0.0645995747696669,0.08785140562248996,0.30028939286558
2356405382,0.0816109010823352,0.06917994558880684,0.03514939523489854,0.01653534960958202,0.024932574874277167,0.007590479218928498,0.09116819182889918,0.02414349480031563,0.013850121895205457,0.042769317740168886,0.005600113062219553,0.017153658622760838,0.012872604788656093,0.08026239856787856,0.08072760249207976,0.39645385059298777
2357618602,0.10428143251471964,0.07341460236225136,0.059109594721067166,0.02110506924452974,0.03217590124509838,0.010792432265936906,0.07487175842011112,0.02762673111324353,0.015122436649251876,0.055395623793107536,0.009187191242847495,0.027300944189738302,0.013132174716565376,0.07490137541315706,0.07855611235502481,0.3230266197533497
2695578775,0.11080784263057593,0.044596617031127196,0.04486040677455129,0.026739666440561173,0.053113257318819516,0.017205551428233042,0.06488150995402521,0.03817952776252463,0.01701713018293011,0.045888648427490124,0.01402392411468932,0.05229497076778965,0.021899932168351687,0.07193923145665773,0.07091637326787041,0.305635410273803
2695689161,0.13123808908556478,0.06867685218084132,0.060838528376239535,0.02270745179107852,0.04647006255585344,0.018023837979262897,0.06645348148626679,0.03386737297716334,0.021027810975806714,0.05418456668497045,0.014422300461901225,0.045953249997308265,0.016828708937627185,0.0841327777598329,0.056359486202181376,0.25881542254810125
2695874003,0.16836245787439302,0.06044553549317915,0.047670575061640665,0.021054728296564275,0.04624934052564144,0.01776543169999031,0.041668012532704544,0.02581371060650107,0.021528473141897347,0.04792898134091325,0.014928346092143371,0.04797743251827686,0.02159845817586701,0.09791444598770416,0.060461685885633686,0.25863238476694983
2696029395,0.1441637865133456,0.07786642548747268,0.04399366904615782,0.0245916642441078,0.03901396470600902,0.016344197163991086,0.06117768661778481,0.034933298879162765,0.0270626742896519,0.05752769792305953,0.015536677541264253,0.04074205669864445,0.024575513851653262,0.06031094888939135,0.09026454342840531,0.2418951947198984
2696161100,0.13054362221001967,0.055105139054879036,0.041522659000613714,0.02171151092304876,0.03963844654758444,0.01540747440162796,0.048305823831519115,0.030346587422074363,0.025576838183834532,0.04276623921961304,0.014869127986476738,0.03952539380040268,0.020570216522928172,0.05025463785436653,0.0516974062469718,0.37215887679403936
2696165073,0.13611550760683486,0.08135491025765258,0.06581284925223684,0.02300354231941169,0.032962950999709285,0.01536440668841586,0.07843168922338145,0.025905229497076774,0.018126123798141627,0.07376960926817187,0.012559621865477998,0.03480947920367798,0.02100089365504915,0.08499951548822636,0.07919614113289619,0.21658752974363946
2696206811,0.17320219214660248,0.08932243720189068,0.044828105989642215,0.02556068779138,0.03023891813904412,0.0184222143264748,0.0401498756419781,0.03522938940749593,0.027773291557651517,0.03927775444943312,0.017237852213142113,0.03357666591298169,0.024349408357289746,0.053974611583061466,0.09312854635700979,0.25372804892492223
2696317926,0.13423667861795707,0.06432701314641945,0.04754675538615588,0.02357418951947199,0.04262626915167372,0.017097882145202796,0.05262874554518342,0.03578926967925321,0.023558039127017448,0.04427360918203645,0.01611270820547606,0.04181874952894689,0.020279509458746514,0.06944130409035608,0.06899447656578055,0.29769480065032244
2696342518,0.11306889757421106,0.06995811664890124,0.03168706999580089,0.020457163775746415,0.038077241943645895,0.012785727359841513,0.046674634193610905,0.028365472614317863,0.0144115335335982,0.052343421945153276,0.008290534793328811,0.03940695758906942,0.01592428696017313,0.07841015536677541,0.06412244150866199,0.36601634419716406
2696594148,0.16697890758745434,0.08265232511816704,0.05725852471548393,0.024160987111986817,0.038432550577645705,0.016198843631900255,0.05978875286669465,0.032220032946800606,0.027697923059530345,0.05493286820203065,0.01479375948835557,0.04107044801188669,0.025237679942289263,0.0635141100595411,0.08265770858231855,0.21240457809791444
2696652964,0.1745695920410866,0.06757862549393284,0.05352240059433444,0.022610549436351303,0.05630026809651475,0.01813150726229314,0.05030847249588165,0.030195850425832012,0.026938854614167125,0.04428437611033948,0.016823325473475672,0.05402844622457658,0.020451780311594902,0.06846689707893235,0.06776166327508425,0.2280273910656029
2696886400,0.15282578033312874,0.08883254196410305,0.04762750734842857,0.023030459640169258,0.028440841112439032,0.015595895646930888,0.04649697987661099,0.026933471150015608,0.019676561473777145,0.048321974223973635,0.012441185654144728,0.03304908642613349,0.018379146613262703,0.05564348547003026,0.07216533695102124,0.31053974611583063
2696970268,0.14752306814388924,0.06768629477696309,0.051912744813032284,0.0318647243128008,0.03783498605682785,0.0177169805226267,0.054356837537818836,0.03989146936270551,0.02701960657643981,0.05069069845063902,0.016037339707354888,0.04105968108358366,0.02780020887840908,0.06351949352369264,0.07111556144147636,0.2539703048117403
2697000780,0.13663232016538002,0.07455021157014115,0.04532338469158134,0.024101769006320186,0.04703532629176223,0.019800381149261928,0.05840520257975601,0.03379738794319369,0.02412330286292624,0.04835965847303423,0.016731806582899963,0.04871496710703403,0.024753168168653163,0.06647501534287283,0.07788257587992721,0.25331352218525577
2697060262,0.17255617644842106,0.0600686930025733,0.06247510147829925,0.02516231144416809,0.054206100541576485,0.021716894387200283,0.05382387458681912,0.03471796031310227,0.03233308569398236,0.05338243052639512,0.021350818824897446,0.05275256522066819,0.025673740538561755,0.07021652292817382,0.059821053651603735,0.19974267041355773
3029355103,0.1477960032902695,0.07833139788067935,0.04798712923985097,0.024646779890646925,0.04549523394783955,0.014376784245415396,0.055734988145352486,0.029872502056418445,0.022245608941791263,0.05125320559345817,0.012586490540475151,0.04418275511685296,0.02210649828228577,0.06854526539894518,0.06545458944210578,0.2693847679876131
3029355311,0.16140465476363286,0.06470460153868486,0.04841655779745488,0.028021725456041032,0.04339647747616974,0.018550104030580154,0.05067256979726133,0.037505443460589344,0.032388590506604725,0.053581797067789226,0.017546087966323124,0.04659602264479605,0.028130594667827937,0.06538805825712489,0.06152924952823341,0.24216746504088646
3029355467,0.15881598683892195,0.07570644021870615,0.051573764939275166,0.028185029273721393,0.027344317027144724,0.01675376203609619,0.05153142691246915,0.03808003096724246,0.030979339042918663,0.04804156384574442,0.016505782164803792,0.03235230076934243,0.025898775826196357,0.06852712053031403,0.0694404122514153,0.2602639473556878
3029355971,0.14800769342429962,0.06535176851986259,0.054519281947065366,0.02488266318285189,0.044067837615522326,0.013409057918420671,0.06287801809648233,0.03155392654957178,0.02266294092030774,0.054283398654860406,0.011969565007016016,0.04323922194803309,0.023056079740649344,0.07454516862631247,0.0575494750084676,0.2680239028402768
3030189988,0.17071297237141336,0.056345865389267925,0.06700899985484104,0.025929017273914938,0.047642376735859096,0.018785987322785115,0.0616683601877389,0.03653771713359462,0.03189867905356365,0.058299462911888526,0.0185682488992113,0.047460928049547595,0.026431025306043448,0.07534354284608313,0.05030967242463831,0.20705714423960905
3030190126,0.12725601199980646,0.05233584942178352,0.050690714665892485,0.023751633038176803,0.04077151981419654,0.0184956694246867,0.05124110901437074,0.03656191029176949,0.02561450621764165,0.04335413944936372,0.01618522281898679,0.036737310688537285,0.022263753810422414,0.07901485459911937,0.049553636231673685,0.32617215851357234
3030190418,0.14091304978951952,0.06012604635409105,0.0682307543426719,0.02314075579426138,0.04426138288092128,0.015060240963855422,0.0708254705569265,0.030247496008128906,0.02271737552620119,0.057216819083563165,0.013832438186480864,0.043559781293850096,0.02188875985871196,0.0849966129578555,0.06240625151207239,0.2405767648908889
3030190566,0.14831615619102914,0.0648981468040838,0.06280543862195771,0.024967339236463926,0.03778366477960033,0.015725552813664296,0.06244858953887841,0.03483209948226641,0.026612473992354963,0.05036410703053176,0.015501766100546766,0.038346155707166006,0.023878647118594862,0.0735230076934243,0.06494653312043354,0.2550503217690037
3030190682,0.14424565732810762,0.08237165529588232,0.05288019548071805,0.025959258721633526,0.03726351187884066,0.0133485750229835,0.06616828760826439,0.03227972129481783,0.02401170948855664,0.05527531814003,0.012023999612909468,0.03760221609328882,0.0231105143465428,0.06527918904533798,0.08234141384816372,0.2458387767939227
3030190776,0.14973750423380267,0.0439166303769294,0.09321623844776697,0.025832244641215463,0.04443678327768906,0.017304156384574443,0.07938984855082983,0.03560023225431848,0.02547539555813616,0.0493842841244496,0.017981564813470755,0.043946871824647994,0.021175061692553343,0.08382324478637442,0.05156166836018774,0.2172182706730537
3030190894,0.14312672376251995,0.08581313204625732,0.05889219528717279,0.02831809164368317,0.03275753616877147,0.012259882905114431,0.0782769632747859,0.03292083998645183,0.024773793971064984,0.07851284656699085,0.010155078143900905,0.035654666860211924,0.023673005274108483,0.06669448879856776,0.08468210190158222,0.203488653408816
3030568636,0.09342792858179705,0.0713577200367736,0.03789858228093095,0.024513717520685145,0.033592200125804425,0.012042144481540621,0.06967629554362025,0.03152973339139691,0.016142884792180772,0.048289543717036816,0.008213577200367736,0.03131804325736682,0.01812067547297624,0.07608748245996033,0.08284342188029226,0.3449460492572701
3030568772,0.11727028596312965,0.09311946581506748,0.040021531910775635,0.02604998306478928,0.023388735665553783,0.0133485750229835,0.049850002419315816,0.033084143804132195,0.0239270334349446,0.050654424928630176,0.010076450379832584,0.026763681230947887,0.018144868631151112,0.06525499588716313,0.07588184061547394,0.33316398122610924
3030569000,0.12264721536749408,0.08735544587990515,0.04037233270431122,0.0275136691343688,0.032793825906033774,0.011528039870324672,0.0710371606909566,0.03797721004499927,0.025154836212319155,0.06011394977500364,0.010294188803406394,0.034789761455460394,0.02500362897372623,0.06119659360332898,0.09350655634586537,0.2587155852324963
3030571284,0.0806539410654667,0.0625877001983839,0.03275753616877147,0.018235592974306863,0.04491459815164271,0.013415106207964388,0.04761818357768423,0.02363671553684618,0.014624764116707796,0.07479314849760486,0.0059999032273673,0.03581192238834857,0.020152900759665162,0.12795156529733392,0.04860405477331011,0.34824236705859585
3142947244,0.15550079104295972,0.05093708165997322,0.05687598880369965,0.0243580382134599,0.044505293902884255,0.023944261896069127,0.05926737252038456,0.04372033588901058,0.040142387732749175,0.05946817573323598,0.02493610806863819,0.048807350614579526,0.026968479980528173,0.06964220518437385,0.05476451259583789,0.21616161616161614
3407588881,0.16254747085016805,0.05118965287130394,0.056382630218760235,0.024144918040743032,0.04542035210327716,0.01918853662383674,0.04455890025358231,0.03491306616192868,0.03146119220082748,0.037727951079241435,0.018800276635241874,0.04519588929737074,0.02421165022628277,0.06055642509615501,0.057359346752569186,0.2863417415887113
3407591603,0.16084276683774373,0.070250791686383,0.07223455756560987,0.022840607141557164,0.048405100765600166,0.018005556971086766,0.061751537873548576,0.03205571530836336,0.028124582923840374,0.047707446098593766,0.01812082165520086,0.04437690338392846,0.022701076208155885,0.07114864291000861,0.06742377364442664,0.2140101190259528
3412911223,0.14718086848906198,0.0597556388696781,0.0622975284825101,0.027190332326283987,0.0462939370776156,0.02054744658391876,0.056673825210206384,0.04034263943993496,0.03272303716376078,0.04910275543260656,0.02043218189980465,0.0473313192346425,0.026492677659277597,0.07109404384911246,0.06595566556255232,0.22658610271903326
3412912743,0.16868683191982434,0.05214816971814752,0.06816389424768561,0.03056940753952365,0.0452565549205887,0.0248668389570366,0.04518375617272717,0.051250318494521885,0.040852230674965725,0.04270859874543491,0.025376430192067364,0.04400684308229898,0.026334947038910927,0.06301944939880368,0.05868792390104224,0.21288780499642074
3412915661,0.12835632560453294,0.04760431453912326,0.10029240830391052,0.019121804438297,0.04413424089105668,0.01434741989104454,0.10101432922020408,0.030029483492883924,0.019479731615282884,0.06836409080430483,0.015742729225057327,0.043084725609386185,0.016337252332593213,0.09492350064912217,0.05328868343464493,0.20387895994855554
3413122673,0.1644463048568898,0.057881071112243526,0.058766789211225565,0.029428893823026242,0.045165556485761774,0.025922420801028887,0.04155595190429391,0.04957594729370655,0.04347298559798105,0.03814047731712348,0.026407745786772463,0.04699765830694378,0.02850677635011345,0.06358970625705238,0.06514274621143183,0.21499896868440527
3413127243,0.16325725864181806,0.0631104478336306,0.051171453184338564,0.02256154527475461,0.05168104441936932,0.02114196969145464,0.04667006394156688,0.04141642097089263,0.03841347262160424,0.04542641866559896,0.021815358109173854,0.05160824567150778,0.025540227374755826,0.06555527244931388,0.06449969060532158,0.22613111054489865
3413128281,0.17037333624528325,0.05246363095888084,0.062018466615707535,0.025952753612637863,0.04826556983219889,0.02289520620245332,0.045863211152768174,0.04998847353158859,0.047907642655213,0.044298038073745126,0.024496778655407128,0.04973974447639501,0.027093267329135272,0.06582826775379463,0.053956005290042346,0.20885960761474906
3413130103,0.16780718038316408,0.06415996311530109,0.057711207367233286,0.025540227374755826,0.048496099200427085,0.021675827175772572,0.04807750640022325,0.04494716024217717,0.040803698176391366,0.04071269974156445,0.021694026862737963,0.05117751974666036,0.02535823050510198,0.06399616593261262,0.06132687851102295,0.216515609264854
3413132721,0.16758878413957948,0.054878122762955145,0.06250985816377291,0.025534160812434026,0.05612783460124486,0.022519079338502043,0.04981860978657834,0.043636782780669514,0.03983304820490421,0.04833230201773863,0.02200342154114949,0.05692255426539996,0.024854705832393017,0.06988073138475352,0.05265776095317827,0.2029022434147466
3413187501,0.1916183251524617,0.09843076007734641,0.04270167088105509,0.028719817541772025,0.030021319847290395,0.019615499033169715,0.03464475184689375,0.04022261887054391,0.03735931379840349,0.03189300411522634,0.019045317070752143,0.032233873766671625,0.02844092419058952,0.04505057266101443,0.09780479944469236,0.22219743170211712
3413194079,0.14128488476197784,0.0455708183050674,0.050469393497557115,0.02631545289438007,0.05216407029391451,0.02283656920676336,0.04701608983705523,0.04230296984114802,0.033560995574655306,0.038235745529890265,0.026034072596116956,0.05387793211060804,0.029794336581996775,0.06313790192617603,0.0629204716957,0.2644782953469931
3413711928,0.16702459384365256,0.06381416906295878,0.05325228406071415,0.02876763852995062,0.04218687438576056,0.027790921996141662,0.04004537788616702,0.04660939831834893,0.04309079217170798,0.0391535932248632,0.026814205462332714,0.04620293864278868,0.029137698831580093,0.05661315958698844,0.06981399919921376,0.2196823547968308
3413929056,0.1633967895752193,0.07905944017762896,0.056558560526092275,0.02888290321406472,0.03361482182506461,0.020838641575364903,0.04331525497761438,0.046251471141363035,0.04204734345235928,0.03815261044176708,0.02099637219573157,0.038753200111624746,0.029641223504289063,0.05901551826641915,0.08229898445746732,0.2171768645579296
3413998658,0.16221987648479114,0.052227035028330836,0.04807143983790146,0.030393477232191605,0.05193584003688471,0.026650408279644256,0.042933061551341314,0.04899962387313605,0.038358873560708086,0.03749135514869145,0.02612868391996991,0.055272449313871805,0.028373311979033963,0.0536587437362744,0.057074218323444836,0.24021160169378414
4216523515,0.12842305779007268,0.08495007219209164,0.051238185369878314,0.023465463060702026,0.0256736917458353,0.014662881131777869,0.058979118892488386,0.03219524624176464,0.021354299372717454,0.04895715793688349,0.01182372996517793,0.027432994819155777,0.019431199116708524,0.07999369077518535,0.08756476055278516,0.2838544510367755
4216526269,0.12087625426176005,0.07481891311469441,0.06110241570511655,0.02535823050510198,0.02905276695907497,0.013206906174547131,0.07778546209005205,0.03294749996966718,0.019152137249905967,0.06456642279086132,0.010689282811002315,0.030733204722212113,0.017125905434426526,0.0930428663293658,0.0814193329208071,0.2481223989614045
4216527527,0.11870442495055752,0.0700263288804766,0.03882599885948628,0.03369368713524794,0.03417901212099152,0.016234120773122702,0.04896322449920528,0.03723049296885427,0.017890292286972663,0.052433298147271865,0.00901491161018697,0.04025164100510805,0.021590895303267448,0.07906550673995073,0.06121768038923064,0.3206784843300695
4216543999,0.17522658610271905,0.0941833800458632,0.05438066465256797,0.030951600965796727,0.029805020686977518,0.016610247637073975,0.050328201021609086,0.044304104636066925,0.029726155376794187,0.040154576007959325,0.01438381926497531,0.03249857435785438,0.021803224984530262,0.05575170773729359,0.07356313471408292,0.2363290018078356
4217289592,0.18580667079192906,0.07884711049636611,0.0611509482036909,0.037970613572113225,0.02287700651548793,0.013607299287785585,0.04826556983219889,0.03866220167679783,0.017878159162329075,0.0440978415171259,0.008857180989820307,0.028919302587995487,0.017799293852145744,0.06986253169778812,0.045984542399204076,0.27941372741722176
4217306090,0.1219500357927177,0.06493648309249081,0.07785826083791358,0.027906186680255768,0.03457940523422997,0.01569419672648297,0.08860214270981205,0.03659957048738762,0.01941299942974314,0.04797437484075274,0.012557784006115095,0.03872286730001577,0.01738070105194191,0.07803419114524564,0.0816437957267135,0.2361470049381817
4217337792,0.16616314199395774,0.0639173006224293,0.04705225736783994,0.03433674274135818,0.04387337871121949,0.028076050425266015,0.04320605685582208,0.05048593164197576,0.04158021815358109,0.041719749086982366,0.025006369890437884,0.049315085113869374,0.030065882866814688,0.05581843992283333,0.053458547179655175,0.2259248474259576
4219774445,0.15959420009354688,0.06068450508862761,0.06609570813373976,0.02545120239996129,0.050704827341494486,0.021394816212641728,0.05638215512653023,0.038757439396138765,0.03287043757358752,0.05189029209206303,0.01920130320478702,0.0518781955129756,0.02325365719907744,0.07679311624006063,0.05846276672956888,0.2065853776551991
4219797403,0.13833582062388528,0.0598891032407576,0.06169087225033064,0.02455137771630328,0.04126475691284776,0.01684684356762397,0.08204418883995196,0.034670403669056896,0.026868804523228863,0.07339327096907265,0.014681080818743253,0.04383697933728873,0.022058020602045644,0.08146179885705966,0.06329244470328443,0.2151142333685194
4219888157,0.13798396000922114,0.0735995340880137,0.05900338514177556,0.029004234460500614,0.03617491112486199,0.016889309503876532,0.06399616593261262,0.04290879530205414,0.030830269719360825,0.04926048605297322,0.017198704182288062,0.03612637862628763,0.026116550795326317,0.05669809145949356,0.08513813562406726,0.2390710879772868
4220570964,0.14411725451655566,0.05857872577924994,0.0576990742425897,0.02730559701039809,0.0401849088195683,0.020353316589621324,0.058172266103689675,0.04582074521651561,0.03505866365765176,0.04989140853443987,0.020978172508766185,0.04449216806804256,0.025176233635448138,0.07514650748007135,0.05980417136825247,0.2372207864691394
4220613318,0.15467913951880027,0.07270168286438806,0.05348887999126415,0.03211638093158131,0.04074909911549522,0.021615161552554628,0.04873876169329888,0.04496535992914255,0.03630837549594147,0.05446559652507311,0.01766582948106626,0.04113735910409008,0.02750579356701732,0.05832999672405635,0.06309831470898701,0.2324342687972433
4220627956,0.15230104708865674,0.04852643201203606,0.062364260668049835,0.029392494449095474,0.04670646331549764,0.025164100510804543,0.045341486793093834,0.04449823463036436,0.037200160157245296,0.05140198255256676,0.021584828740945656,0.04838690107863478,0.026268214853371188,0.07528603841347262,0.04832016889309504,0.23725718584307015
4220640906,0.14634368288865432,0.07296254504422525,0.0634501753236511,0.028749438842985232,0.034300343367427405,0.017326101991045752,0.05543624649656026,0.041713682524660574,0.03311129715235565,0.04489862774360281,0.017878159162329075,0.03516786177944406,0.027608925126487827,0.06744197333139203,0.08449508001795702,0.22911585920722166
4221266668,0.14195755832999676,0.052597095329960326,0.06161807350246909,0.025855688615489147,0.04640313519940791,0.02102670500734054,0.06453002341693057,0.04063990099370291,0.03105473252526723,0.0548174571397372,0.019419065992064936,0.049023890122423225,0.02338053118819689,0.08308157099697885,0.05337968186947185,0.23121488977056265
4262437830,0.13207512830779314,0.04620900520511048,0.05993156917701016,0.021827491233817446,0.03514359553015688,0.01789635884929446,0.05260922845460391,0.03774615076620682,0.03195865031121465,0.04898749074849246,0.019103604751331608,0.0368482995425812,0.022076220289011027,0.06265545565949598,0.05165071160776034,0.3232810395661195
4262615328,0.14996632492703735,0.06899024670109008,0.06353987378083764,0.02645987677417745,0.03770360946893162,0.01636982713462546,0.06616528224700043,0.03673077402778817,0.027395295467584624,0.05063733193644142,0.016482077377834317,0.03900695951507895,0.0233293422135748,0.06319688692658834,0.07449674474294694,0.2395295467584624
4263273897,0.14974344971955814,0.0695473110572602,0.05230553943820608,0.027725633411834302,0.03948371389239679,0.020177025381981184,0.050456784645664804,0.03966574513350854,0.03117285004038818,0.046070969430128436,0.019864159186320354,0.04185012002684961,0.028516331615413493,0.059143087932466414,0.08202213954970022,0.2422551395383233
4263274581,0.14585229134058894,0.07207076038292141,0.05222096846600905,0.02559482643565197,0.036684502359892734,0.016203787961513727,0.05186304128902317,0.03400308181365948,0.029234763828728805,0.04574187990633228,0.015245271114670162,0.03851660418107476,0.024624176464164812,0.06358363969473059,0.07592302745726105,0.2726373773037771
4263276405,0.1676058078467717,0.07686746987951806,0.049125733704046964,0.025579240037071363,0.04520852641334569,0.017219647822057458,0.0521717639789929,0.03453197405004634,0.030651838121717637,0.041241890639481,0.01611368551127587,0.04286685202347852,0.02432499227679951,0.05804139635464936,0.07945628668520235,0.2389928946555453
4263277693,0.17348548271636394,0.06315291376988316,0.06618619493078053,0.027081134204491684,0.047276720173746345,0.021475630619153346,0.048380834516312976,0.03910506072628884,0.04063990099370291,0.05288222375908468,0.01838168383503804,0.041719749086982366,0.027329863259685262,0.06397189968332545,0.06594959900023054,0.20298110872492994
4263278691,0.16287099617984133,0.06442844548927416,0.06437946909589576,0.024512684885885004,0.04715814477421883,0.022284258987168185,0.0572227936134783,0.03874644921148007,0.03356719561171515,0.057675825252228426,0.020655793907336663,0.04951513370555392,0.022688314232539915,0.07054437261240082,0.06313669311391909,0.2006134293270644
4263279545,0.1175699777963819,0.07039638918210607,0.07783399458862642,0.01861221320326624,0.0230286705735328,0.012139191205911259,0.09768985306786056,0.024854705832393017,0.017508098860699598,0.08927553112753127,0.010713549060289495,0.02575255705601864,0.017198704182288062,0.09690726652834904,0.07444885281306494,0.2260704449216807
4263280839,0.1420361753921055,0.059860927084296266,0.046682895263920124,0.0267515073080044,0.035204757649523924,0.01742006388726261,0.050277837693484935,0.03994494602450724,0.029740445156585426,0.043134173522735436,0.016880822522827885,0.03982682648753582,0.02432748898406927,0.0678365636458879,0.06730245791349541,0.2927721114637579
4263281867,0.07142770477681117,0.052597095329960326,0.01966172848493673,0.01847268226986496,0.03354808963952487,0.015403001735036824,0.03794028076050425,0.028470376976182675,0.01975879348208544,0.07118504228393939,0.008559919436052367,0.04050037006030163,0.024284448974144314,0.11994807022652546,0.052129970031182124,0.3861124255329475
4263282755,0.14502723886482485,0.05982237105521785,0.05593370460694743,0.02398718742037637,0.05460512745847438,0.017890292286972663,0.07140950508984578,0.03677550079471966,0.03471893616763125,0.06607093024666641,0.0181936204030624,0.053428214368046206,0.023914388672514837,0.06673825210206384,0.06917094359310354,0.2023137868695325
4264023358,0.16710145425004866,0.08012105401663634,0.06641952425084956,0.027883614228995757,0.027814963557935446,0.01529765786793899,0.05949724825226834,0.03634480943717892,0.0314420073456218,0.06160825638737285,0.014902916509342213,0.030824151306079017,0.026928225723406446,0.07285552466275359,0.07582466618611196,0.20513392601746014
4264025324,0.16076551102368658,0.061654782394885664,0.057522607436548925,0.028583722645684775,0.04385569488839713,0.02197907275359943,0.05190148348496025,0.039750840095074166,0.03507226183646149,0.053492883097013916,0.021596590443406283,0.044688959921317925,0.027736797530257082,0.06496052236155507,0.06897658661858318,0.21746168346856812
4264031314,0.12460112352734198,0.07647508462854438,0.041125225979446484,0.028409711352964724,0.02850070978779165,0.01863041289023162,0.039766316019364464,0.040488236935658034,0.02469090864970456,0.051250318494521885,0.013212972736868923,0.03377255244543127,0.018430216333612397,0.07482497967701622,0.04944854948494886,0.3363726810565525
4264051686,0.14640155714884076,0.0539704831596324,0.05707492546874615,0.020881070293443712,0.042981742922610686,0.015214231157759875,0.05594155764160938,0.030071205065661417,0.02583339492941089,0.04842683617907212,0.016242885653041616,0.042667602927045606,0.02224234360755907,0.059532608963461214,0.057111883115283216,0.3054056717668219
4348309547,0.1442570281124498,0.07921820615796518,0.049847389558232924,0.02398929049531459,0.04184203480589023,0.013991967871485943,0.052990629183400265,0.03334404283801874,0.027764390896921017,0.050356091030789835,0.014291834002677375,0.03679785809906292,0.02201338688085676,0.05703882195448461,0.07253547523427041,0.2797215528781794
4348311155,0.13422757697456492,0.07643373493975904,0.04114591700133869,0.025793842034805888,0.04004283801874163,0.015368139223560912,0.05197858099062919,0.03665863453815261,0.024546184738955826,0.044251673360107095,0.012888888888888887,0.036294511378848725,0.021451137884872826,0.060310575635876836,0.07306024096385542,0.3055475234270415
4348313413,0.1681231593038822,0.062270414993306565,0.05061847389558233,0.026688085676037483,0.04388219544846051,0.018093708165997324,0.05627309236947791,0.04231325301204819,0.04160107095046854,0.0591004016064257,0.01817938420348059,0.042752342704149925,0.0259330655957162,0.05650334672021419,0.05898259705488621,0.2286854082998661
4348323249,0.13867740902259346,0.05222115455687782,0.07904624633503339,0.022414812624732057,0.0527324020006406,0.01580555350235297,0.08489171409564639,0.03376696971936827,0.02583339492941089,0.05815901643383349,0.015466775075763176,0.04844531500234065,0.021207529504521157,0.07049055116170203,0.06460812575455195,0.21623303028063173
4348326957,0.1555773092369478,0.06619477911646586,0.051490963855421686,0.02255522088353414,0.055512048192771085,0.018403614457831324,0.0598293172690763,0.03265060240963855,0.029066265060240962,0.059548192771084335,0.017093373493975904,0.05518072289156626,0.023649598393574296,0.06887550200803212,0.06552208835341365,0.2188504016064257
4348372947,0.1331673360107095,0.08175635876840696,0.04009638554216868,0.02563319946452476,0.046350736278447116,0.015935742971887545,0.053204819277108434,0.03172155287817938,0.02044979919678715,0.05454350736278448,0.012760374832663991,0.04474431057563588,0.0216760374832664,0.0676091030789826,0.0695582329317269,0.28079250334672023
4349064496,0.1653961691269098,0.06775627981093274,0.07099174176599159,0.02663738062168244,0.03534244215467769,0.021033194439958224,0.056768629477696314,0.03967613079664503,0.03380815487149671,0.05674171215693875,0.02048408109650398,0.039493093015493606,0.025415334259289168,0.07589069414386769,0.06631889488247897,0.19824606737943729
4349116310,0.13656224899598393,0.06929585006693441,0.05470950468540829,0.024546184738955826,0.04599732262382865,0.01874698795180723,0.0642623828647925,0.035127175368139224,0.027464524765729584,0.06663989290495315,0.01621954484605087,0.04847657295850067,0.02390896921017403,0.08306291834002677,0.05825435073627845,0.2267255689424364
4349122720,0.1317938420348059,0.05474278064639511,0.05469497035762096,0.02466054694970357,0.05224708357238478,0.01828265442723274,0.06325301204819277,0.03571428571428571,0.027414419583094284,0.05782176324344999,0.01689615605278256,0.05476190476190476,0.02312105565117613,0.08196595907439282,0.059944540065021985,0.24268502581755594
4349131322,0.14816370037791918,0.09234256059088902,0.03752274513604014,0.02712189239531854,0.03472334377725378,0.015122150801597813,0.04598016731806583,0.033452846237496905,0.019100530809565336,0.04342840531024904,0.010605424378479065,0.03689826329446472,0.01891210956426241,0.05855055611184685,0.07627830356277658,0.3017970003337748
4349133882,0.16741097724230256,0.06506024096385542,0.06179384203480589,0.02228647925033467,0.05300669344042838,0.02364658634538153,0.04718072289156626,0.040642570281124495,0.03866131191432396,0.049022757697456495,0.02275234270414993,0.053279785809906284,0.022409638554216862,0.06815528781793842,0.059914323962516725,0.20477643908969206
4368005437,0.16257758305951078,0.0643604721917975,0.0670926128757454,0.02548375319459657,0.039180966289400015,0.016155531215772182,0.06220640136302786,0.03539004502859924,0.029944018498235362,0.05030424729219911,0.017001338688085676,0.039850310332238036,0.024254594134112205,0.06541316782280636,0.07207009857612268,0.22871485943775094
4386201980,0.16370849250661182,0.05358017435596042,0.06307179939269272,0.02452737780389852,0.05316877265158194,0.02201978646292487,0.05938877461063768,0.036898814771280236,0.03194240376138701,0.058213341169556274,0.020854148300519154,0.058801057890096965,0.02350866882162797,0.07522774022920954,0.052698599275149374,0.20239004799686552
4386207200,0.17326372155287814,0.08423560910307899,0.04805354752342704,0.02272021419009371,0.04926372155287818,0.014307898259705487,0.057285140562249,0.0290281124497992,0.02533868808567604,0.04586345381526105,0.014174029451137885,0.04417135207496653,0.02278447121820616,0.05932530120481928,0.0816813922356091,0.22850334672021416
480417596,0.17170020564833058,0.15640578399388438,0.045624858684066016,0.02182456367023052,0.01358786351841683,0.007499165563056516,0.04368142812537011,0.021329284968291395,0.013749367442962195,0.040241394532553806,0.006513991623329781,0.01616654284699118,0.015402090937476447,0.05167048892621424,0.12407808176405355,0.25052488775477244
480417906,0.14736156421934388,0.04851039546927657,0.06705642947123615,0.022470579368411986,0.05989103868557339,0.015913520031870108,0.08267385897477308,0.029743639437104986,0.02567912400271326,0.0739526470493233,0.014858361058173713,0.05770535224005944,0.02286895571562389,0.07668206337413999,0.050168502427942324,0.20446396847443396
480418206,0.11453319982342235,0.05744694596078685,0.04216867469879518,0.025232296478137756,0.042227892804461806,0.015466692507294594,0.05567040279078782,0.03242998804870958,0.021275450326776274,0.058227548262756126,0.0106215747709336,0.04733680028424691,0.026292838915985658,0.08770739795643699,0.059115819847755637,0.3042464765227129
480418362,0.14620411942676872,0.038917062351281805,0.09356999041743379,0.01915974891523197,0.060165595357300525,0.018050755300020455,0.07950299858953239,0.024850070523380386,0.02153385660604886,0.07794717744974534,0.015498993292203668,0.06292731246702628,0.020532532273867588,0.11127082054760597,0.03603690903022277,0.17383205745232946
480418904,0.14938036327616094,0.08223779837850059,0.04044596617031127,0.02114624718713998,0.039164701702251364,0.011019951118145504,0.050631480344972384,0.021883781775897157,0.017582393918838896,0.046260107453944474,0.010465454310539746,0.042561667581855575,0.021345435360745933,0.05965416626290685,0.07825403490638155,0.30796645025140773
480419052,0.14864821215155527,0.06758939242223586,0.062458951085844726,0.02549608622156185,0.04222250934031031,0.014799142952507081,0.08193094092186438,0.03729663964167663,0.028037081301075614,0.06097311498002735,0.014174661110931663,0.04468813592170289,0.02158230778341247,0.06596358624847916,0.07018422214326475,0.21395501577355
480419186,0.13790820116928842,0.07036725992441617,0.052666429794244,0.024914672093198528,0.03893321274373634,0.015402090937476447,0.0603378662101489,0.03728048924922209,0.027671005738772785,0.05002314889585151,0.013307923382538195,0.03985378511364492,0.02345036984398721,0.07495935484565608,0.06197443931220861,0.27094975074560973
480419820,0.1487451145062825,0.10035853871249073,0.044553549317915095,0.035735435037738086,0.03170322038825543,0.015972738137536743,0.05192351174133531,0.05031923942418468,0.04416055643485469,0.056445621628605565,0.013501728091992637,0.03507326894710208,0.03246228883361866,0.051342097612972,0.0879711876998611,0.19973190348525469
480419960,0.14209653627916494,0.06111308504796665,0.039546927657008735,0.03432496743004188,0.036209179883071166,0.01769006320186914,0.047121461718186416,0.04297081085737049,0.03058345984474089,0.03992915361176609,0.01708173175274826,0.04210945659312855,0.03163323535428578,0.05501362016430333,0.0819740086350765,0.2806023019692712
480420136,0.09646091066679585,0.05916427102511925,0.03919700248716044,0.02376261076477492,0.030648061414559037,0.011294507789872628,0.05509437212657601,0.03528322404901106,0.01755547659808134,0.04740140185406505,0.009991709465206671,0.032440754977012605,0.018680620605747385,0.08206552752565219,0.0647361564219344,0.3762233922284312
480420496,0.11385488334033185,0.07911538917062351,0.04613090431430817,0.0238002950138355,0.029958978003165482,0.01450305242417391,0.06049398667054276,0.033242891135587926,0.021781495957018417,0.07465788085317139,0.011875921918235948,0.03534782561882921,0.020882457443715884,0.08577473432604413,0.07123399765280963,0.2773453061576063
480420746,0.15691721308827805,0.0633741399916018,0.055228958730363806,0.02716496010853064,0.038147226977615564,0.018169191511353724,0.054426822571788484,0.039713815045705605,0.03520247208673837,0.053242460458455806,0.01680717508102114,0.04420900761221831,0.02677735068962176,0.06883835610538669,0.06596896971263068,0.2358118802286896
480430109,0.12303907318281168,0.08042357095944097,0.04612552085015666,0.019945734681352755,0.04017679296273566,0.010680792876600237,0.07098635830184008,0.02676120029716722,0.01783541673395997,0.06058012209696696,0.008780430031116422,0.03417961389795105,0.01824994347362641,0.08787428534513389,0.07428642182671705,0.28007472248242293
480431997,0.13796741927495504,0.06704566254293312,0.06914521356202287,0.026669681406591515,0.03802340730213077,0.018589101715171683,0.06360562895011682,0.040882026766583764,0.032058529022255235,0.05970261744027047,0.01737782228108143,0.03999913864573576,0.02356342259116896,0.07834555379695726,0.07570765636271629,0.21131711833930894
480432781,0.12563390290384055,0.0596326324063008,0.054695995779364105,0.024780085489410728,0.034066561150769295,0.017049430967839185,0.049910096148669744,0.037118985324676716,0.02560913896874361,0.05805527740990773,0.015563594862021813,0.03948232608719058,0.021157014115443004,0.09363997545140347,0.057107787719241576,0.2864971952151771
5169435857,0.1637326787040925,0.07494858791735305,0.06874145375065947,0.027423366387803225,0.030906467693831624,0.019864982719080077,0.05456679263972782,0.03817414429837312,0.03212313059207339,0.057592299492877676,0.01817457497550524,0.03427113278852676,0.02601828224425853,0.07273060068693003,0.07210611884535459,0.20862538626355287
5169437163,0.16462676101230314,0.08997896347293938,0.044994793990777916,0.02416013259386753,0.04874524553239413,0.013524999468774569,0.05501370561611525,0.02712968275217271,0.02218397399120291,0.048235269118803256,0.013440003399842757,0.04572788508531481,0.02235927838337477,0.05856229149401841,0.08766282059454748,0.2336541934935509
5169439747,0.10054157649364212,0.05770535224005944,0.04329920217061274,0.02566835707441024,0.033765087158284614,0.011332192038933212,0.06986121429417401,0.03597769092455613,0.01843836471892933,0.06688415861838776,0.00974945357838862,0.03492791541501125,0.019676561473777145,0.07669283030244302,0.07162699053587002,0.3238530529625203
5169442285,0.17094323238901551,0.05414088787582764,0.05333767502442202,0.03199826332356453,0.04551720395093889,0.024237490502550744,0.05078693150982307,0.046342125257787914,0.03943340931292738,0.047139910995332684,0.02390100944317812,0.048947139910995335,0.030853142298925437,0.05949202214262455,0.05924237490502551,0.21368718115706067
5169442859,0.14224727327540726,0.051094458262002436,0.05423301786233405,0.03407732807907232,0.045393369725551,0.019482756764322703,0.05872282696469524,0.04341763838194602,0.02676658376131873,0.04425745878958192,0.0172324687489906,0.05014696857133629,0.02878538281813581,0.06196905584805711,0.061473777146117986,0.2606996350011305
5169443129,0.17804395150696242,0.09485136808917914,0.054629733888826325,0.02282494463836655,0.029524640618548963,0.017504597830574634,0.046696130315655136,0.034915362384115904,0.030950906429456138,0.04393274030702248,0.017711031040048043,0.030486431708140974,0.023162744435686677,0.0584159066171227,0.09783057463498857,0.21851893555530533
5170038692,0.15948878386474072,0.05911491268943176,0.06923273203310479,0.02178326565932237,0.05837160797887684,0.018100024407020347,0.05795003217289045,0.03867958019925004,0.035007433047105546,0.05539284208657836,0.019608822028445272,0.05562581818988663,0.022504382169562225,0.07329871974084182,0.05874880738423305,0.19709223634870976
5170039958,0.1523764434431493,0.0510606110077165,0.05017359410541897,0.02511944798162841,0.04972736474352695,0.017892709047572404,0.059424690632448485,0.04078645204122724,0.031742144730684256,0.04677789749785048,0.01984088113973509,0.05404272918231191,0.02893960666514296,0.06831118511988332,0.06858871801569422,0.2351955246460095
5170040376,0.130354301302244,0.04955130495025926,0.053399582156117724,0.023809523809523808,0.04599530196256725,0.01570162049816517,0.06450600244644344,0.0369672761125364,0.02653741651241083,0.04934563050043842,0.01606425702811245,0.04683964970393705,0.0242208727091655,0.0722133818292036,0.06724472012037368,0.27724915835850134
5170041286,0.1285261893495432,0.05915504919982044,0.043521518096555405,0.02769385699899295,0.033208362149504365,0.018284618837889326,0.04842330045256555,0.04395831058372463,0.03565318676518764,0.050237202586782166,0.015445467671289388,0.03666023611060557,0.027117533578422448,0.07045098824300222,0.0681699608100074,0.29349421856610736
5170041546,0.12315750939414495,0.07754880110253345,0.042707021113946406,0.03078803148249836,0.03448647135458725,0.01776543169999031,0.055148206768091124,0.03766271520397946,0.021619992032473057,0.0698558308300225,0.010126296068994477,0.04226019358937089,0.021404653466412567,0.08984463322458736,0.051837376314911116,0.27378683635345674
5170042850,0.14460523057376962,0.07135781732829441,0.05771073570421095,0.02651356094619766,0.038981663921099946,0.015795083820536838,0.06172679996123905,0.03493868234331428,0.02775714116519698,0.058922015138301184,0.014066991827901418,0.04008527407215996,0.024074851685562625,0.07594452878538281,0.07858242621962382,0.22893719650720845
5170044446,0.15786412978647266,0.06743806910811563,0.058804525030816325,0.028564754065768024,0.03919638951846992,0.0200157063899161,0.06188615849536761,0.03918147838880274,0.031666269036542204,0.0611903057775657,0.019240327647222555,0.04309813511471629,0.02606962503479264,0.06674718676686946,0.06914787864328602,0.20988906119527612
5170044846,0.15682031073355082,0.08169406849919784,0.0595841812289372,0.02400486665159297,0.03350129741486052,0.015498993292203668,0.0567632460135448,0.03412577925643593,0.02808014901428772,0.05775380341742304,0.015321338975203762,0.03449185481873876,0.022556714794836185,0.06398247144072268,0.08799272155646716,0.22782820289199696
5170045744,0.1537355857747343,0.07453944464183812,0.04766519159748915,0.02498465712716819,0.03886322770976668,0.01643033259041528,0.0540768974019402,0.034405719392314564,0.02658892944431883,0.04549027208027822,0.015418241329930985,0.03908394973997868,0.023568806055320482,0.055546583115303035,0.08411662736737836,0.2654855346318249
5229497385,0.14463753135867868,0.07072256855841597,0.05026002131851804,0.027261862463257857,0.0395792284419178,0.01479375948835557,0.058965082851513285,0.03757657977755526,0.03208006287886129,0.0614791606102695,0.014524586280779956,0.03972458197400863,0.02537226654607707,0.06604433821075185,0.07826480183468458,0.23871356740635466
5229638235,0.16633289188927292,0.07218148734347578,0.06614124056547907,0.027455667172712292,0.03714590264543429,0.01640879873380923,0.06005254261011876,0.03374355330167857,0.028936119814378155,0.06122075433099691,0.0151167673374463,0.04018217642688717,0.026621230229227903,0.07571303982686779,0.06930133402241674,0.20344649374979806
5229638367,0.15745555950342927,0.06845613015062932,0.058103728587271336,0.02824165293883308,0.048903388352336964,0.014110059541113516,0.06868761910914435,0.029619819761620206,0.02280973760995725,0.06852073172044747,0.0115475306049937,0.05140131571863863,0.024979273663016683,0.07322587938886915,0.06259892115378404,0.21133865219591505
5229638741,0.1371060650107131,0.0611723031536333,0.06511299891254024,0.02432249103653219,0.04836504193718574,0.0139700894731742,0.08279229518610635,0.02911915759552957,0.020198757496473832,0.061102318119663636,0.012064343163538872,0.040408281921250684,0.02175457863626086,0.08555939575998361,0.059018917493028414,0.23793296510438536
5229638835,0.14885816725346426,0.08174790314071298,0.052284203839486634,0.02776252462934849,0.03972996543816015,0.01338867534481088,0.0639501706558136,0.03298986832046685,0.02624977120277356,0.05621413267009055,0.011509846355933115,0.04016064257028112,0.0263089893084402,0.06578054846732777,0.08472495881649923,0.2283396319863906
5229638919,0.13453815261044175,0.08059045834813786,0.048230455333397926,0.030325053565468305,0.028661563142651038,0.011165304650236334,0.06273889122172335,0.031525566071255534,0.020548682666322125,0.05772688609666547,0.009308009517964622,0.0312025582221648,0.02660507983677337,0.06482229184835858,0.09766142317258307,0.2643496236958558
5229639031,0.11114161740796967,0.0705610646338706,0.045441820902914605,0.02286895571562389,0.03963306308343293,0.011908222703145021,0.07530928001550438,0.026405891663167414,0.018987478062383583,0.06810620498078104,0.007940609623480515,0.03259149197325495,0.020764021232382614,0.0912766346888896,0.0603378662101489,0.29672577710305026
5229639139,0.14651097688340492,0.06595820278432768,0.06372406516145009,0.023875663511956673,0.04772440970315578,0.012085877020144922,0.08207091098980371,0.027552569527439518,0.020683269270109928,0.07914230649138107,0.01023396535202472,0.04903259149197325,0.02271283525523004,0.07940071277065366,0.06063934020263359,0.20865230358431044
5229639229,0.14666171387964727,0.07304822507186925,0.05723699085887787,0.02352573834210838,0.04716991289555003,0.01176286917105419,0.06975892847529529,0.023611873768532576,0.017706213594323676,0.0706472000602948,0.008252850544268225,0.04876880174854915,0.02301430924771472,0.08639921616761954,0.06385326830108638,0.22858188787320866
5229639759,0.17066658053124026,0.06539293904841888,0.05893278206660421,0.028284720652045174,0.04413363911409714,0.01876137256802007,0.05507822173412148,0.041280403113795675,0.038771708819190974,0.05797990891178656,0.017964619873596262,0.0480797183371556,0.03038965513528645,0.06695952711650892,0.0628465605047536,0.1944776424733788
5230230282,0.13659463591631946,0.07252064558502105,0.05438913832272791,0.029985895323923036,0.039218536343766486,0.013953939080719662,0.06730945228635721,0.03274222896949729,0.02087707397956437,0.06573748075411566,0.010923048763418285,0.04124271886473508,0.02398333279498692,0.07872239628756313,0.06819772387135674,0.2436017528559277
5230231168,0.17908093500005384,0.06910214584881079,0.06053705438375486,0.029501383550286937,0.039186235558857405,0.020107238605898126,0.048978756850458126,0.04316461556682494,0.03989146936270551,0.04901105763536721,0.02006955435683754,0.04052133466843244,0.028957653670984206,0.061306889757421115,0.07224070544914242,0.19834296973416451
5230231312,0.16279595594172938,0.06954897337338631,0.06366484705578344,0.030061263822044205,0.036817511332192035,0.019633493760565047,0.052547993582910735,0.04220097548370425,0.04007450714385692,0.05391539347739483,0.017894634839626604,0.038917062351281805,0.030201233889983525,0.06646424841456981,0.06864993486008376,0.2066119706708873
5230231632,0.17307298900696622,0.07829710261959366,0.04535568547649041,0.027251095534954837,0.04473120363491499,0.014363082356234591,0.05066916459403297,0.03043810631265006,0.023778761157229454,0.04922101273727617,0.011816703812569312,0.04556564057839938,0.024790852417713755,0.06124767165175447,0.06539832251257038,0.2540026055966493
5230231770,0.14753921853634375,0.1001324332181272,0.03504635162634452,0.029054556025711425,0.02790249469728781,0.013334840703295756,0.04413902257824865,0.03297371792801232,0.020204140960625342,0.04299234471397655,0.009458746514206962,0.029172992237044695,0.020327960636110125,0.0592342560590889,0.06310496678402619,0.3253819567815498
536008018,0.16760091726422305,0.0605806913454422,0.05710455113505381,0.024514978342372512,0.041125225979446484,0.017775027602858564,0.04793190890450018,0.0355803880173261,0.031637122508159525,0.04466203181305282,0.017726495104284205,0.04195634501753237,0.025892087989419915,0.06736917458353049,0.06842475642752278,0.25011829796527507
538263047,0.17701622198764846,0.055320981812446164,0.06838229049127022,0.027869787306325,0.04284812967883618,0.025212633009378902,0.04745265048107839,0.04509275773790024,0.04059743505745034,0.04131935597374392,0.026171149856222476,0.044649898688409226,0.027669590749705767,0.06436015967192031,0.05821473203994225,0.20782222545772214
538263063,0.16851696817481407,0.05311881968963467,0.06674431866438564,0.02696586952037758,0.04611194020796176,0.024235916475569955,0.04904208980938861,0.04281173030490542,0.03843773887089143,0.048726628568655284,0.023859789611618682,0.0477863114087771,0.027851587619359613,0.07264101724117011,0.05209357065725136,0.21105570317523872
543179799,0.1658173479416154,0.0571106176973756,0.0562006333491064,0.025831422366201968,0.040852230674965725,0.018763877261311103,0.049958140719979616,0.03634477486987224,0.03252890716946335,0.04539608585398997,0.017969157597155994,0.04059743505745034,0.027238864824858343,0.06810929518678945,0.06907387859595482,0.2482073308339097
543179827,0.16383358206238852,0.06590106650165617,0.07287761317172012,0.022810274329948192,0.05337968186947185,0.01705310668656499,0.07402419345053932,0.031182130334024918,0.02708720076681348,0.05695895363933074,0.01703490699959961,0.04741625110714762,0.0225736783993982,0.07086351448088427,0.06164840631407807,0.19535543988643395
543179841,0.15582571979761947,0.071403438527524,0.05274875938800519,0.02777272230917628,0.035537922081073536,0.01716837137067909,0.05316735218820903,0.03709096203545299,0.030102282240745456,0.04944854948494886,0.01597325859328553,0.03737609046457734,0.02514590082383916,0.06704764678047538,0.08665477620451595,0.2375362477098727
5631278579,0.13788689501207246,0.06747230614300101,0.06272218784503573,0.030314611922008274,0.033608755262742804,0.013940960215484294,0.06613766243220616,0.034712869605309456,0.02173042623666873,0.05779613923973841,0.01096227811548308,0.033833218068649216,0.022943738701027675,0.07347820284157777,0.0657615355682549,0.26669821279074
5631278977,0.15435154515342334,0.07122144165787016,0.07056625292711632,0.02748759388005193,0.03356628932649025,0.016331185770271418,0.061011417270289615,0.033432824955410764,0.029010301022822406,0.06392336718475108,0.014292820830148387,0.03755808733423118,0.025054902389012243,0.08778922335869155,0.06719931083852024,0.20720343610089906
5631279319,0.13237238986156105,0.06673218553974206,0.05866972421407685,0.023374464625875103,0.045529550225069465,0.010828813744403596,0.083136170057875,0.028992101335857026,0.019892257853164924,0.05652216115216153,0.009409238161103627,0.038122277630158095,0.021044904694305925,0.08706730244239799,0.07570463121367646,0.2426018272485713
5631279621,0.15606231572816948,0.08956065955665561,0.05221490190368726,0.02569189143280069,0.03032674504665186,0.013322170858661232,0.06025916354238708,0.03194651718657106,0.02660794234339169,0.06076875477741784,0.012199856829129208,0.03214671374319028,0.024053919605916112,0.07136097259127144,0.08913600019412998,0.2243414746599692
5631279819,0.1423154855069826,0.0635654400077652,0.060374428226501166,0.02695980295805579,0.0327048374767954,0.014790278940535556,0.05421686746987952,0.03349349057862872,0.026729273589827587,0.05280942501122314,0.013018842742571495,0.033438891517732564,0.02490930489328917,0.08110993824239555,0.07046918792996762,0.2690945049078489
5631281679,0.150165617151385,0.06945607202222788,0.07372693189677137,0.02615295016925709,0.05237869908637571,0.013843895218335577,0.07262281755420473,0.03096373409044031,0.023131802133003317,0.06098715102100244,0.0111685412344241,0.04987320884747449,0.02146956405683156,0.07528603841347262,0.06475448622283696,0.20401849088195684
5631861250,0.14962569310474527,0.08680037370023902,0.05522998337761924,0.02607408485907376,0.03327509433504411,0.012145257768233051,0.07663888181123285,0.03156432376029799,0.023799123988400728,0.048781227629551435,0.01130807216782538,0.03195258374889285,0.021427098120578997,0.06906781203363302,0.08968805736541331,0.23262233222921894
5631863144,0.1506266758878414,0.06988073138475352,0.05759594268311919,0.024405780220580202,0.04636066926315534,0.018375617272716242,0.05555151118067436,0.035835183634841485,0.033190162462538975,0.051141120372729595,0.016525315764568848,0.04400077651997719,0.02384158992465329,0.06795763112874459,0.06474841966051516,0.23996287263859065
5631863348,0.1374925684611558,0.06530047683179849,0.05475072495419746,0.021354299372717454,0.05488418932527694,0.012988509930962521,0.07660248243730207,0.0247576408352443,0.01880634319756367,0.06265545565949598,0.010392021257234376,0.049084555745641176,0.02023198534318543,0.08380349191327241,0.06820636018393816,0.2386888945510137
5634045433,0.11290479137092176,0.0447954961841323,0.08726749899901722,0.02790012011793397,0.029004234460500614,0.013813562406726605,0.07304141035440857,0.03618704424950558,0.017459566362125242,0.04379451340103617,0.011332338417112559,0.02896783508656985,0.017477766049090626,0.09936422426867593,0.05836639609798711,0.29832320217425595
5634661359,0.14133876897317366,0.04999454009391038,0.06578580181754208,0.02397505429573278,0.05254856283138597,0.02348366274766741,0.05333721593321928,0.04175614846091314,0.03535592521141969,0.04853249857435785,0.021202635314672588,0.052542496269064175,0.021621228114876424,0.0827964425678545,0.04671252987781944,0.23901648891639066
5634662765,0.15406035016197722,0.055351314624055126,0.0682912920564433,0.024836506145427636,0.048059306713257866,0.020353316589621324,0.06868561860735996,0.038565136679649115,0.03220131280408644,0.055260316189228206,0.019121804438297,0.04759218141447967,0.024150984603064828,0.07318094128780983,0.05947657700287555,0.21081304068236686
5635242532,0.11959620961186135,0.09716812870818622,0.06900714641041507,0.03118819689634672,0.026868804523228863,0.011465802788192044,0.09353425787743119,0.03357235588881204,0.013601232725463788,0.06612552930756257,0.006175760443587037,0.027536126378626288,0.012770113687377913,0.0941833800458632,0.05344034749268979,0.2437666072143559
5635243374,0.1074509518436283,0.03636297455683762,0.10186364794525536,0.0170470401242432,0.043424453099406686,0.014262488018539415,0.0882260158458608,0.02474550771060071,0.01590045984542399,0.072998944418156,0.012199856829129208,0.04396437714604642,0.016306919520984238,0.1403802521263301,0.04055496912119778,0.2243111418483602
5635243888,0.16619954136788848,0.08525946687050316,0.056667758647884585,0.028215581358667294,0.04001504507455805,0.01584586078452784,0.055369514311020517,0.03150365813708005,0.030599740351132627,0.058184399228333274,0.013856028342979169,0.03653890486416967,0.02617721641854427,0.06397796624564724,0.07848311675705845,0.21310620124000532
5758168889,0.15913502032445892,0.08848768935926075,0.05655448541887916,0.025188901502667203,0.029076793496173137,0.01594829164683048,0.04883363240194822,0.03475909717898952,0.0310848256246872,0.0527947656888954,0.01434308663224326,0.030096068163230426,0.023052697110630974,0.057640897938257586,0.09128916883338825,0.2417145786794595
5758208845,0.11790017211703957,0.04863832228610491,0.051415387995752,0.017217807399812015,0.03652909510381954,0.013397053258627214,0.047814357734890935,0.026336348433246663,0.02343721390119749,0.04078319356453168,0.013073570879261727,0.031518169944214545,0.018389668094871886,0.05850758657731229,0.04691104844911561,0.4081310042602018
5758306215,0.06482464813661942,0.044365913502032436,0.04681949683231406,0.015380671622660855,0.04281563945752615,0.00819692142429902,0.09296151170029662,0.022918421405988692,0.009216196091356307,0.06046679117686553,0.004730166868080222,0.030205930103392294,0.013647294344551458,0.12147678861342025,0.06148606584392281,0.36048754287667384
5758321267,0.10163450153196373,0.039434333076988806,0.05405817800075682,0.019512701260970936,0.0413202963831008,0.013183432819423592,0.07087926172776211,0.030816274215402645,0.01581401594218821,0.04158884779238535,0.011297469513311604,0.03830519646976965,0.015936084764590276,0.06854774721988258,0.06840126463300009,0.3692703946485028
5758370319,0.13439167002355928,0.08983044640568352,0.0918812026220383,0.019280770498407,0.011492779629154916,0.0068724747012365575,0.07977807888087303,0.021575664359565924,0.018072289156626502,0.0708670548455219,0.0070799916993200766,0.015936084764590276,0.020397700223385943,0.10557122105443048,0.10721304671573834,0.1997595244198679
5758373707,0.15080992663663773,0.07055577934839663,0.061278548845839276,0.026708658341572974,0.036303267782375706,0.01663798049340218,0.06793129966675211,0.03546709634892152,0.03286092699063732,0.06274337471466412,0.01577129185434748,0.036376509075816944,0.02894862123265097,0.06905433283285116,0.0826833168540423,0.20586906898109156
5758375405,0.1434735904102733,0.0710379511968848,0.06157761746072436,0.02617155552300387,0.0343928907117833,0.01293929517461945,0.07911890723990185,0.03146934241525372,0.027972070653434402,0.07078771011096056,0.012664640324214792,0.034807924707950334,0.028606828529925167,0.07304598332539886,0.0889088267965479,0.20302486541912326
5758796664,0.12702481659159434,0.06671061144273141,0.04872377046178635,0.03051720560051757,0.03157310091429548,0.01717508331197129,0.05148862928919325,0.044140086180588615,0.02756314009838747,0.04747866847328524,0.012878260763418416,0.03138999768069237,0.019360115232968347,0.05873341389875612,0.0609611699075939,0.32428193015221984
5758858754,0.10286129319710452,0.06759561040514642,0.04080150388789199,0.02130100950916126,0.033507891749368295,0.01219467535796682,0.0784536321578106,0.030401240219235605,0.017846461835182674,0.0661796120652824,0.008239645512139744,0.03216513470294552,0.017114048900770253,0.0979602299776614,0.06802895472467377,0.3053490557976587
5758872516,0.12257540801503887,0.05511407331453474,0.03984936707315585,0.022570525262142798,0.03402668424457709,0.01599101573467121,0.047515289120005855,0.03467975244442817,0.024883729446662027,0.03624223337117466,0.015569878297384066,0.03716385298031031,0.01923804641056628,0.05776296676065965,0.06456830360957508,0.37224887391511335
5758912270,0.14799013683914994,0.06246261642313936,0.06663737014929016,0.02377290316280319,0.0437738797133824,0.017754910218381124,0.06426923499469002,0.03830519646976965,0.03448444232858486,0.06406171799660647,0.017828151511822366,0.04049633183188682,0.0244809023327352,0.07056798623063683,0.07308870741323958,0.21002551238388206
5758916622,0.14816713663163292,0.06309737429963014,0.08967786037768094,0.021233871656840125,0.03063317098179954,0.017199497076451704,0.0625419611577007,0.030321895484674264,0.02727627836574261,0.05853810378291281,0.017376496868934704,0.03240316890662956,0.023351765725516047,0.09902833217367953,0.07911280379878176,0.20004028271139268
5758921508,0.13625932300631094,0.06649088756240769,0.06215744436713419,0.024664005566338302,0.032390962024389354,0.014092845546319012,0.07167270907337556,0.03270223752151463,0.02577483185019714,0.0717154331612163,0.013177329378303487,0.03349568486712809,0.02425507501129136,0.07660428949841921,0.0842396943396687,0.230307247225986
5758923594,0.14798403339802982,0.0642570281124498,0.06400678702652557,0.0234433173423176,0.041118882826137376,0.017577910425898118,0.06626506024096385,0.038366230880970686,0.03593095787404939,0.06850502313204185,0.017742703336140916,0.04016064257028112,0.02432831630473261,0.07043981396711466,0.07199619145274105,0.2078771011096056
5758925432,0.15744436713419024,0.057470001586894685,0.08859755129942258,0.021984594914612857,0.03550982043676225,0.021148423481158682,0.056914588444965275,0.03516802773403645,0.030578240011718605,0.05352107518218772,0.021563457477325715,0.036522991662699435,0.02429779909913209,0.09175913379963625,0.06730874867250156,0.2002111790627556
5834620059,0.15102770330652368,0.08505335012974148,0.041775681815734794,0.022475962832563496,0.03796957266061565,0.013835502869386392,0.04837042540133725,0.02799401358786352,0.020656351949352367,0.04790206402015569,0.011875921918235948,0.039552311121160234,0.020624051164443297,0.06347642581048052,0.07358657148702047,0.2938240899253852
5834650619,0.11765560903129944,0.08820806012252765,0.05899738363642236,0.02469395006298653,0.0281178332633483,0.013517878484447172,0.08504796666558996,0.029802857542771618,0.015466692507294594,0.07462019660411082,0.008661993819783154,0.031827040063740215,0.013006449390053512,0.10075691505970262,0.06406322340299536,0.24555595034292665
5834654687,0.12303368971866015,0.07336046599265696,0.03738815853225234,0.03013663232016538,0.0366237066227376,0.016995596326324063,0.05198811331115346,0.0411619669024624,0.023245798206229743,0.04736910106915598,0.012231230552235751,0.03979995047212981,0.025065409089440875,0.062012123561269214,0.07260139754729372,0.30698665977583256
5834678415,0.16147162376045734,0.09434520925525157,0.04216329123464368,0.02713804278777308,0.037845752985130876,0.01687716011499079,0.0404136653854022,0.03384045565640578,0.028279337187893668,0.040096041000462976,0.013792435156174294,0.03639221766422258,0.02400486665159297,0.05497593591524274,0.08526868869580198,0.2630952765485535
5834682115,0.13182488667807962,0.06370791476899555,0.034276516252678274,0.025232296478137756,0.02643280898392497,0.013641698159931956,0.03965459694003898,0.03310830453180012,0.022109887270260663,0.04160879442703791,0.01078846215963048,0.03273146204119426,0.021469255036230712,0.07571303982686779,0.0610000323007849,0.3667000441444061
5834698207,0.13642236506347105,0.05512128944733357,0.05913197024021018,0.0281178332633483,0.04089817715903829,0.020866307051261343,0.05420071707742497,0.04650774680491403,0.034771794954617394,0.041366538540219856,0.021528473141897347,0.043466089559309626,0.02680965147453083,0.07261754793974827,0.06447236667851029,0.25370113160416463
5834725609,0.12663522723602186,0.05950881273081603,0.04743908610312564,0.028446224576590545,0.030868783444771036,0.015482842899749131,0.0585720899684529,0.04230326130258298,0.02613133499144029,0.04971090797506379,0.014449217782658784,0.037420459317161404,0.023951032010077845,0.07030265835459801,0.07142780236226408,0.2973502589446257
5834728587,0.1110124142683334,0.052585677831971316,0.06294884632363232,0.024995424055471213,0.0351271035886172,0.01573048225071869,0.07532004694380738,0.03941772451737244,0.021420803858867105,0.04927484737879131,0.014772225631749519,0.03744737663791897,0.018815207209535192,0.07381806044553549,0.07647749173638252,0.2908362673212959
5834738509,0.13304693304047288,0.07769953809877582,0.04533415161988436,0.025216146085683216,0.043611443091400456,0.013916254831659076,0.05424916825478859,0.03270992818458822,0.023719543051562816,0.050879119695941936,0.01185977152578141,0.04262626915167372,0.021447721179624662,0.06299729750099595,0.07512085877020144,0.2855658559169654
5834749503,0.12502018799056816,0.07477093360035315,0.07142780236226408,0.027794825414257568,0.032613025829861,0.015149068122355376,0.0678262648449024,0.031918558954315925,0.016414182197960744,0.07148163700377919,0.008430504861268128,0.038787859211645515,0.01752855927732377,0.10270572908255003,0.05167587239036575,0.2464549888562292
5835177370,0.15268042680103794,0.0863023138128923,0.04475812095567255,0.027520268742530444,0.033215973814830366,0.014804526416658591,0.05605262874554518,0.03607459327928336,0.03099798658440733,0.05163818814130517,0.013523261948598684,0.03353359819976959,0.02649202708959161,0.05455064224727328,0.10346479752791328,0.23439064569269036
5835185078,0.15611507692970272,0.04109736533264425,0.06975892847529529,0.023784144621380968,0.044090571400885036,0.022583632115593742,0.05004468275245756,0.04178644874403781,0.034174230433799545,0.043121547853612836,0.023191963564714625,0.04393445094049119,0.024882371308289457,0.08209782831056127,0.0496247725486396,0.2497119846678941
5835243068,0.12685594926623384,0.07144395275471861,0.05505130441336392,0.02378952808553248,0.039848401649493416,0.013178720242901905,0.06987736468662856,0.031407129859922264,0.01924588434165617,0.0609515811234213,0.010826146408691064,0.0393585064117058,0.020694036198412955,0.07409261711726262,0.07269291643786943,0.2706859610021857
5835284644,0.12616686585484027,0.0653175705502977,0.03984301818534191,0.026443575912228,0.03880400960410005,0.015757399571476254,0.048445793899458425,0.036946714471828325,0.025302281512107408,0.05312940771127405,0.01390010443920454,0.040241394532553806,0.020694036198412955,0.07394726358517177,0.0590619852062405,0.315998578765464
5835305952,0.13079664502514074,0.0706902677735069,0.06652884998438795,0.0231381289231995,0.04189411802706806,0.016925611292354405,0.08261464086910646,0.034712576848950766,0.02416637057613833,0.06157606296499672,0.016058873563960938,0.043557608449885335,0.0217707290287154,0.07892158446116909,0.07424873757765646,0.21239919463376292
608304277,0.13485577699538098,0.07856627582716927,0.0602463473195732,0.027035756968894344,0.031950859739225,0.015348256295961324,0.06757862549393284,0.03771654984549457,0.02515692798001658,0.053479332881122346,0.015326722439355275,0.03689826329446472,0.023299632847744868,0.07374807541156582,0.08899404588864841,0.2297985507714504
608309425,0.13143727725917073,0.07490552020414094,0.05574577128890898,0.024995424055471213,0.037398925460555364,0.014696857133628347,0.06433778007472249,0.03351206434316354,0.023821828870441552,0.05740387824757475,0.012333516371114486,0.03795880573231263,0.021856864455139596,0.07795794437804839,0.07847475693659356,0.2531627851890135
608311053,0.14555272026443575,0.0728490368982633,0.055374312262454636,0.02377337769307794,0.04174338103082571,0.013420976129719951,0.06546292408238852,0.03058345984474089,0.021593074711715496,0.05974030168933105,0.01161751563896336,0.042254810125219366,0.020930908621079488,0.06684647436932717,0.08225933223510663,0.2459973944033507
608313727,0.15252430634064407,0.07553000204571636,0.06256123690472346,0.023337317096805445,0.03212313059207339,0.015918903496021618,0.06776704673923577,0.036198412954768125,0.03229001798077027,0.06611970670887303,0.017006363254627087,0.034174230433799545,0.02656201212356127,0.07108326065656727,0.08779353338286121,0.19901051928895205
608318725,0.13284774486686693,0.06869300257329584,0.04287929196679479,0.02607750034992517,0.04078512441185654,0.015084466552537227,0.05301635496409229,0.03414731311304198,0.022486729760866526,0.046136287778459684,0.01360401391087137,0.04171108024591665,0.023428835987381158,0.06827309236947793,0.07623523584956446,0.29459392529905143
608540186,0.16319494846857308,0.05754745891195302,0.06741020306124094,0.02933420428702763,0.03386235705875712,0.02646328285027661,0.04589038886469572,0.047341978355187816,0.038281640618699694,0.042926726988274384,0.026237480040644502,0.038700988693730745,0.027515685230883373,0.06965613457847455,0.06431751100788696,0.2213190109836938
608542690,0.1378597499919248,0.06884373956953821,0.051552052714880975,0.027159576644379124,0.0309818361919528,0.016667205013081818,0.04926408045048828,0.03939619066076639,0.028209352153924006,0.04008527407215996,0.016096557813021526,0.035320908298071635,0.02379491154968399,0.06950590566017421,0.0769081688685035,0.2883544903474488
608547460,0.1383388783014094,0.059794136330846175,0.04486040677455129,0.028187818297317962,0.04761135695597403,0.014616105171355663,0.06215747709336004,0.03430881703758735,0.01918666623598953,0.0514766842167598,0.011159921186084823,0.04576482875200534,0.022912023428835988,0.06318571874629887,0.06429471236151038,0.29214444911011334
608551732,0.16396416766260755,0.07944916394801727,0.04939328359012457,0.022955091142048085,0.048978756850458126,0.01428771385811342,0.0650968485200857,0.029635970154074744,0.025103093338501456,0.0493609828052155,0.014589187850598102,0.04791283094845871,0.02433325796483521,0.06499456270120696,0.07931996080838097,0.2206251278572736
608555652,0.1345919872519569,0.0645208178558739,0.04943635130333667,0.026136718455591804,0.04214175737803762,0.015854301926203473,0.05809296165896832,0.03644605230573769,0.02542610118759219,0.05880357892696793,0.013991623329780245,0.046728468835126026,0.024117919398774727,0.07640212323826134,0.06155452910839066,0.2657547078394005
608559516,0.12836331922865726,0.08491876352595366,0.058189864013695525,0.024290190251623114,0.02825780333128762,0.012963381676841414,0.07318819513980857,0.03361973362619378,0.020575599987079685,0.05714008850415065,0.011531380212539164,0.030508091346619724,0.01885827492274729,0.08054739063492576,0.08359443134468167,0.2534534922531951
608566846,0.13761471589167915,0.07285366365058628,0.041398525830228544,0.030007580522894792,0.03555587813099788,0.017201335462331255,0.05218464218319059,0.04053160432896244,0.02926565700553217,0.052648344381542235,0.01481830938210674,0.04064853792680762,0.026132643021886743,0.06660376445541201,0.07417622296414572,0.26835857486169573
6279452697,0.14506363823875562,0.05790533736153072,0.05238476564869751,0.02830657979349422,0.03859546949125808,0.017944891347868818,0.053452480617333376,0.041228357538917,0.027748456059889102,0.04242953687863235,0.01624625389776629,0.039566119462745235,0.02568582487047889,0.0657554690059331,0.07080284885766633,0.2768839709290333
6279453305,0.15059027651391066,0.09648260716582341,0.052136036593503916,0.025455295502250692,0.026322813914267343,0.014462684575158641,0.05361021123770005,0.038449871995535005,0.0338514177556146,0.056904354578434575,0.01425642145621762,0.028779771654594208,0.026292481102658367,0.056728424271102536,0.09863623679006055,0.22704109489316784
6279458089,0.15369028986034775,0.07813125614239436,0.05566677586478846,0.024787973646853274,0.0361567114378966,0.01573059610041374,0.05766267486865893,0.03220737936640823,0.02869483978208908,0.05744427862507431,0.014523350198376587,0.03770368482995426,0.02398718742037637,0.0751889734163239,0.08061248013200839,0.22781154830803574
6279460063,0.15751720793936902,0.062491435558507,0.05404821385278648,0.020712772349239482,0.04796614278636857,0.01801958490128493,0.05062770768111818,0.034278847674161214,0.031822829375243764,0.05065933023432312,0.01769281851816716,0.04672232236030737,0.021403198094214128,0.06566950215560405,0.06064678662155184,0.2597212998977537
6279464277,0.1313046748929252,0.053846807168250035,0.049315085113869374,0.02382339023768791,0.04297552748759388,0.01636151858188039,0.05567890898943205,0.03664810298596197,0.028342979167424988,0.04735558548392968,0.016598114512430387,0.043430519661728485,0.025934553925672482,0.07077858260837913,0.07083318166927527,0.2867724675135588
6279465607,0.15241024521044905,0.06065955665562552,0.05060726288841165,0.02598915298656863,0.04503209211468229,0.0190004731918611,0.05470825901794489,0.03885026510877346,0.030642206287385187,0.05091665756682318,0.017981290721799586,0.0491694876181463,0.027687790436671158,0.07011126075298171,0.06582826775379463,0.24040573168808166
6279465865,0.14271587862022106,0.0632196459554229,0.048289836081486064,0.02689913733483784,0.038371006685351684,0.018327084774141886,0.0537740084203885,0.040294106941360604,0.0286705735328019,0.05048593164197576,0.01616132202526117,0.04316359091956952,0.024624176464164812,0.07137310571591501,0.06451789029228697,0.2691127045948143
6279974390,0.17704655479925746,0.05695895363933074,0.06916487703078174,0.027147866390031423,0.03828607481284655,0.022452347152962304,0.045869277715089966,0.04062776786905932,0.03552578895642995,0.04004537788616702,0.022980138074958443,0.040063577573132406,0.02607408485907376,0.06749657239228819,0.06354724032079982,0.2267135005277909
6279975618,0.14170882927480313,0.06371710406581006,0.052645627828534686,0.026571542969460925,0.03959038571203242,0.016579914825465003,0.0611388150790473,0.03798881325907861,0.03152792438636722,0.05160824567150778,0.016652713573326542,0.03971778352079011,0.027560392627913467,0.0716157682087868,0.07102731166357272,0.2503488273335032
6279975794,0.10486659629454373,0.08720076681347749,0.06936507358740096,0.018606146640944444,0.02055351314624055,0.01066501656171514,0.11656292845096396,0.022440214028318712,0.014826678314466326,0.09139276137783765,0.008226258508353656,0.023538261808563558,0.015196738616095802,0.10828813744403597,0.09174462199250172,0.19652628641454034
6279979662,0.1685897669226756,0.06444509154442543,0.049606280105315516,0.030484475667018524,0.04208374282629006,0.02270714277047768,0.03971171695846831,0.038898797607347824,0.03515572865480047,0.043515451534233605,0.01972846067047647,0.0426115337482862,0.02861597447190575,0.05620669991142818,0.07668134774748542,0.2409577888593649
6279981036,0.12868617326448653,0.06896793523299548,0.04428507681519729,0.025792057117358318,0.039223560910307896,0.01758143685854529,0.06783323771275579,0.034353286160515084,0.02338879326831134,0.06929941990182954,0.011825078090138332,0.044387072097915474,0.021801491681009755,0.07575699623892394,0.05918276279722062,0.2676356218524893
6279982412,0.1416481636515852,0.04958201385602834,0.05202683847171162,0.025661558621191717,0.04758004828983608,0.019182470061514943,0.05894271951855761,0.041009961295332395,0.032886834346449234,0.046748929251750206,0.02035938315194312,0.047871243281282234,0.02745119450612116,0.06458462247782673,0.06858855361021124,0.2558754656086582
6279986418,0.1416834530551227,0.07710970063218173,0.04062939454980807,0.02438143742161073,0.03210951059759543,0.016304967504085742,0.04947867178493152,0.036106571395994075,0.029506036765357964,0.05220883534136546,0.014277931916942216,0.03598621615800742,0.02604740729479432,0.06476378700923568,0.09314861971545488,0.2662574588575121
6279987718,0.16011477935912835,0.05017653696356423,0.0669141824093959,0.02514590082383916,0.03974204977007729,0.020753709702859776,0.04557808272364382,0.0376551523313799,0.03202538249675438,0.039032261978427296,0.019861925041555952,0.03955398633810165,0.026171149856222476,0.07569856465135465,0.06166053943872165,0.2599157961149735
6492323329,0.13431975636685714,0.07467331561897135,0.0871825671265121,0.02089930719858285,0.029022434147466,0.014505150511411203,0.0816195294774263,0.030818136594717237,0.025710091119766076,0.07936276829371867,0.01267911525255099,0.029058833521396762,0.01925526880937648,0.09863623679006055,0.07406059282447007,0.18819689634671616
6492324927,0.16137055775973985,0.07481284655237262,0.05133525036702702,0.03067253909899417,0.037667285456023485,0.018733544449702128,0.04636066926315534,0.03906259479003628,0.03157645688494158,0.05410160278576542,0.015500066732185541,0.03949938727720549,0.02734806294665065,0.06596779868719592,0.07239835474829832,0.2335929822007061
6492327911,0.12197430204200488,0.0695592035816984,0.06449969060532158,0.026359213288198114,0.02696586952037758,0.012145257768233051,0.06975333357599582,0.03167352188209029,0.0163493854572368,0.062327861294119075,0.009378905349494657,0.02985961974787367,0.018970140380252125,0.08083694293791478,0.07688761086642641,0.2824591417027627
6492329481,0.16377898300149238,0.07745786772467515,0.06473021997354979,0.02696586952037758,0.028816171028524976,0.01290964462077919,0.06665332022955872,0.03580485082323251,0.029374294762130087,0.06055035853383321,0.014905543624649657,0.03214064718086849,0.027869787306325,0.07179776507844066,0.07740326866377897,0.20884140792778366
6492330635,0.10713549060289496,0.061672672563365234,0.0504434657057232,0.026862737960907074,0.02794258605418654,0.01267911525255099,0.06240066004198061,0.03829820793749014,0.019030806003470072,0.05186304128902317,0.009488103471286959,0.030162947863963407,0.01866681226416239,0.07607469151530594,0.06443902498210365,0.3428396364915857
6492331921,0.14836384814181194,0.08223831883424937,0.05606110241570512,0.023799123988400728,0.041428554095536224,0.013310037734017642,0.06530047683179849,0.029629090379645475,0.021991288416505904,0.054508062461325675,0.010968344677804873,0.0373154248413594,0.020614178769458497,0.07283514723546755,0.07452165156092648,0.2471153496159866
6492335561,0.12282362076705615,0.07790679333648795,0.043363787476188735,0.02172435967434693,0.0382375423142722,0.01199966027250998,0.05570924180104103,0.029938485058057,0.019892257853164924,0.04366711559227848,0.009821764398985671,0.03355415620184666,0.0180783557189483,0.06681105084992538,0.0638020359383152,0.34266977274657545
6492339963,0.16767978257440638,0.05849379390674481,0.06496074934177799,0.025309698006527617,0.04713718924034506,0.02243414746599692,0.05636443053179485,0.04034870600225676,0.038122277630158095,0.05879105546051275,0.0223370824688482,0.047737778910202734,0.025376430192067364,0.07241655443526371,0.05607323554034871,0.19641708829274804
6492353629,0.14769652628641455,0.06093861852242807,0.06065349009330372,0.026504810783921185,0.03561678739125688,0.015876193596136814,0.06614979555684976,0.037721884516919636,0.02827018041956345,0.06269185503342675,0.015354469236462468,0.04160448440286828,0.02486077239471481,0.0768208786808867,0.062073065676603686,0.23716618740824325
6492354893,0.14167849646319414,0.04631213676458098,0.06210946505053446,0.02053531345927517,0.051468714738106505,0.020250185030150816,0.06002256761183707,0.03652677173952608,0.03274730341304796,0.054659726519370525,0.019133937562940583,0.049400016986374494,0.0225736783993982,0.0731202756645919,0.04633033645154637,0.2631310741455247
6492356293,0.14645894757276842,0.04592387677598612,0.07222849100328807,0.02306506994746357,0.051856974726701366,0.020771909389825163,0.06177580412283575,0.041185891602664434,0.03565925332750943,0.058882053895339674,0.01940693286742135,0.05069219476091678,0.0232652665040828,0.08132226792365836,0.04432230432303231,0.2231827612565064
6492367617,0.09116223200960943,0.0472160545505284,0.03582911707251968,0.0168104441936932,0.033918149941154344,0.011617466846236912,0.06420242905155364,0.027687790436671158,0.01739890073890729,0.050922724129144975,0.011581067472306144,0.03328722745968769,0.02082044188839952,0.08115847074096992,0.08276004319392373,0.373627440274694
6492373237,0.14309200548417236,0.05728654800470765,0.04807750640022325,0.026468411409990414,0.03283830184787488,0.016088523277399628,0.052961089069268004,0.03730329171671581,0.033250828085756926,0.04562661522221818,0.015591065167012459,0.036502505490238896,0.0245271114670161,0.059567575437702476,0.09303073320472222,0.2777878887149808
6492376689,0.10702022591878088,0.05842706172120505,0.0868185733872044,0.01792669166090343,0.02984748662323008,0.0073223407224062426,0.1135357138523884,0.020201652531576457,0.010404154381877966,0.08263264538516606,0.0069098144845242,0.03057547410184545,0.01506327424501632,0.09861803710309516,0.07337507128210727,0.24132178259867265
6492379519,0.12568703818294324,0.05313095281427826,0.046943059246047636,0.025582693311008386,0.032765503100013346,0.015566798917725281,0.059567575437702476,0.03789781482425169,0.028992101335857026,0.050237202586782166,0.013692231160290709,0.03550152270714277,0.02306506994746357,0.060793021026705016,0.08754656086581977,0.3030308545359687
719874647,0.1457734260304056,0.060392627913466564,0.053755808733423116,0.02777878887149808,0.04236280469309262,0.017817493539111127,0.056625292711632025,0.041440687220179816,0.03585944988412866,0.04701585799390917,0.01838775039735983,0.04299979373688106,0.03116999720938133,0.06434802654727673,0.07332047222121113,0.24095172229704315
7284026448,0.14668341037867486,0.06413569686601392,0.05410160278576542,0.028458243851539087,0.04120409128962982,0.018254286026280347,0.055369514311020517,0.04220507407272595,0.034312476492071003,0.05323408437374877,0.01841808320896881,0.04093716254747085,0.028773705092272405,0.060131765733629376,0.07534670403669057,0.23843409893349835
7284027740,0.10753588371613343,0.07210109319453038,0.04739198485786045,0.0204928475230226,0.03322049527414795,0.012084592145015106,0.053561678739125686,0.026237882041762216,0.01543940110896759,0.050200803212851405,0.009069510671083124,0.036502505490238896,0.01622198764847911,0.07324160691102778,0.05169317754401291,0.37500454992174137
7284029260,0.06360183938169596,0.06907387859595482,0.03399701525133768,0.01263058275397663,0.017131971996748322,0.007310207597762653,0.03712736140938376,0.01826641915092394,0.009639767529331829,0.047664980162341206,0.006752083864157536,0.01675584513279705,0.010331355634016428,0.060483626348293476,0.0747157815552239,0.5145172836360548
7284034050,0.16668486635363206,0.10992610927092054,0.04457709994054769,0.025249032383309673,0.02574649049369684,0.012673048690229194,0.04821703733362453,0.03505866365765176,0.028773705092272405,0.04033050631529138,0.012248389327703564,0.026929470146446813,0.02390832211019304,0.05640082990572561,0.10469673254953347,0.23857969642922144
7284038302,0.09064050764993507,0.0477923779710989,0.06427522779941518,0.025394629879032748,0.022961938387993056,0.010780281245829238,0.07966002984748663,0.04204127689003749,0.015663863914873996,0.035313459275167124,0.00894817942464723,0.02490930489328917,0.01267911525255099,0.06836409080430483,0.055023720258678216,0.3955519965056601
7284040528,0.12023319865564977,0.05871825671265121,0.03853480386804014,0.01930986787027263,0.036077846127713274,0.012266589014668948,0.05058906320144626,0.027614991688809615,0.02200342154114949,0.043321321539936175,0.011107875611206151,0.03443987430082869,0.01977092660672903,0.0610356835195768,0.08619978403038135,0.35877649571094045
7284042448,0.09930355864545795,0.057953869860105076,0.05583057304747692,0.02012278722139313,0.03238330967374028,0.012078525582693312,0.10008614518496947,0.037673352018345284,0.019958990038704667,0.05947657700287555,0.011429403414261274,0.03214064718086849,0.017744694791249592,0.08216552008638783,0.08810468459942487,0.27354736165204624
7284044240,0.1050121937902668,0.07913223892549047,0.033784685570074864,0.01810262196823548,0.02219755153544692,0.009918829396134386,0.065640204321819,0.0239568546087674,0.012588116817724069,0.044352637134641285,0.006970480107742147,0.02404785304359432,0.012375787136461251,0.062424926291267786,0.10496366129169243,0.37453135806064136
7284046260,0.14341353328722745,0.047610381101445054,0.0875162280542108,0.0223370824688482,0.03986338101651318,0.02057777939552773,0.06565840400878438,0.03769761826763246,0.027687790436671158,0.04996420728230141,0.022440214028318712,0.04335165435154515,0.02217935184848154,0.09429864472997732,0.0576990742425897,0.21770465547992573
7284051378,0.07534063747436877,0.06562200463485361,0.053901406229146194,0.018624346327909828,0.0237202586782174,0.011029010301022822,0.062000266928742165,0.027651391062740387,0.011938994649292031,0.06636212523811257,0.0060726288841165274,0.025655492058869918,0.012964243681675341,0.14065931399313264,0.04646380082262585,0.35199407903517393
7284053334,0.09693153277763622,0.06394763343403827,0.04801077421468351,0.02285274026620076,0.038686467926085,0.013043108991858671,0.0648151518460549,0.03091520159186595,0.015275603926279137,0.06593746587558694,0.007298074473119063,0.03863186886518885,0.017568764483917542,0.10277969885584634,0.06468168747497544,0.30862422499666337
7284055674,0.09978888363120154,0.07561363277884954,0.039056528227714486,0.025443162377607104,0.024399713658258413,0.012503184945218942,0.06823062643322535,0.03184945218942234,0.01616132202526117,0.06809109549982408,0.006315291376988315,0.02984748662323008,0.017908491973938047,0.1032953566531989,0.06180613693444473,0.31968963467161693
7284060516,0.1308011502202162,0.06180613693444473,0.0430665259224208,0.022622210897972558,0.03697569735133889,0.015724529538091944,0.04662153144299251,0.034124413060095365,0.02509130176294301,0.03376648588310948,0.017356434802654728,0.040658100680668295,0.02389618898554945,0.0545808612091872,0.06522767808393695,0.34768075322437786
7284062702,0.13028549242286366,0.0719736953857727,0.06466955435033184,0.02143923124522258,0.03698176391366068,0.013279704922408668,0.07233768912508039,0.030939467841153125,0.020953906259479,0.05524818306458462,0.013716497409577888,0.0382314757519504,0.01990439097780852,0.08022422014341353,0.08794088741673643,0.241873839769956
7284065246,0.14783605721981585,0.05820866547762045,0.06301944939880368,0.022913405889418703,0.04213227532486441,0.01683471044298038,0.06687171647314333,0.03393028306579793,0.02819738167170192,0.05513291838047052,0.016598114512430387,0.040900763173540085,0.024053919605916112,0.07256215193098679,0.07928996954585715,0.2315182178866524
733327580,0.12830172654363678,0.08511993593710188,0.03679976704400685,0.02366565961732125,0.03240757592302745,0.016525315764568848,0.03998471226294908,0.03135806064135697,0.023259199941761,0.05252429658209879,0.014074424586563775,0.03498586490979022,0.01942513255438673,0.06673825210206384,0.06315291376988316,0.33167716181948337
741255651,0.14795738846625173,0.08815928366032104,0.04074303255317342,0.02665647484196605,0.03848627136946578,0.016446450454385517,0.04646986738494765,0.03376648588310948,0.025515961125468643,0.053555612176803886,0.014505150511411203,0.03874713354930295,0.022986204637280242,0.07065118479962144,0.06487581746927285,0.2704776811172181
741255719,0.15251337676991955,0.06811536174911124,0.056036836166417935,0.02838544510367755,0.0405367694342324,0.01893374100632136,0.056297698346255115,0.03993617976437472,0.028828304153168567,0.04623327145439765,0.01912787100061879,0.040172775694924716,0.022227884347055898,0.06903747922202405,0.06175760443587036,0.2518594013516301
741255779,0.1624564724153411,0.07608682463994952,0.05451412902364746,0.02726313107414553,0.043515451534233605,0.02009245440978415,0.05755347674686662,0.03814047731712348,0.03474926897924022,0.0618364697460537,0.017708295417318817,0.04520802242201434,0.025697957995122485,0.06400223249493442,0.0652822771448331,0.20589305863939136
750690861,0.15286523738458366,0.07085744791856248,0.05493878838617309,0.0292529635156942,0.04125869035052597,0.019018672878826484,0.05487205620063335,0.04295126123830669,0.03644790642934275,0.0504373991434014,0.019291668183307246,0.04062776786905932,0.027293463885754498,0.058141933292080714,0.07825865395115204,0.22348608937259606
8452020262,0.13535863885650126,0.0650505246793626,0.04389601416418362,0.029726432612169108,0.040619467115774924,0.018898173338515352,0.05162585827179687,0.04016064257028112,0.027302759424795958,0.05114004404715637,0.015033251284708728,0.04289199809992658,0.024269119488707518,0.06994645247657297,0.06647018180247873,0.2776104417670683
