2212300301,0.09797866666666669,0.4623093333333334,0.11188800000000002,0.08894399999999998,0.145104,0.0022666666666666673,0.005856,0.0028373333333333328,0.0046026666666666655,0.04050666666666667,0.03770666666666666
2212302177,0.07386133333333332,0.4632906666666666,0.12308800000000002,0.093168,0.11679466666666667,0.00224,0.007546666666666666,0.0031466666666666665,0.004389333333333334,0.076176,0.03629866666666666
2212304635,0.17734933333333333,0.08135466666666667,0.12561066666666668,0.11810133333333335,0.18737066666666666,0.0055306666666666655,0.037456,0.06936000000000002,0.009850666666666669,0.12741866666666668,0.060597333333333336
2213092852,0.14478688524590164,0.05262295081967213,0.017978142076502734,0.4854918032786885,0.17254644808743166,0.00016939890710382513,0.0027540983606557374,0.024278688524590163,0.0073551912568306,0.08691256830601092,0.005103825136612022
2213093218,0.2052,0.11213866666666666,0.08757866666666665,0.03748266666666666,0.05319466666666666,0.007797333333333333,0.010917333333333331,0.009578666666666666,0.02438933333333333,0.4338613333333333,0.01786133333333333
2214646871,0.039584,0.08930133333333333,0.098912,0.125952,0.2552053333333333,0.004682666666666666,0.04420266666666666,0.0896,0.004762666666666666,0.11944,0.12835733333333332
2215439862,0.20323733333333333,0.008586666666666666,0.20091733333333334,0.087824,0.23399466666666666,0.00020266666666666667,0.004810666666666667,0.012752,0.0013546666666666663,0.095552,0.150768
2216540933,0.03928,0.005744,0.21058133333333331,0.035024,0.08938666666666667,0.010277333333333331,0.0026933333333333327,0.008613333333333334,0.000256,0.202736,0.395408
2216544555,0.23492800000000003,0.033109333333333324,0.23346666666666666,0.056128,0.13602666666666666,0.006352,0.008634666666666667,0.004010666666666667,0.0009066666666666666,0.14928,0.13715733333333333
2217335676,0.25079069767441853,0.16077519379844962,0.0137312661498708,0.3952248062015504,0.09025839793281651,0.00010852713178294572,0.0025116279069767444,0.002764857881136951,9.302325581395348e-05,0.08145219638242894,0.0022894056847545213
2257547988,0.2883963963963964,0.4978738738738738,0.04624024024024024,0.04601201201201202,0.07138138138138138,0.00047447447447447453,0.0017117117117117118,0.0008288288288288287,0.029261261261261263,0.003489489489489489,0.014330330330330331
2258160457,0.15376,0.009626666666666669,0.020922666666666662,0.26765866666666666,0.484064,0.0,0.0017013333333333331,0.001744,0.0,0.058133333333333335,0.0023893333333333327
2258171683,0.13373333333333334,0.003008,0.112048,0.108464,0.6162986666666666,4.266666666666666e-05,0.00048,0.0006613333333333333,0.00020266666666666667,0.0016746666666666668,0.02338666666666667
2258177045,0.20865066666666668,0.008586666666666666,0.050032,0.075088,0.6442773333333334,0.0,0.00020266666666666667,0.0063413333333333325,2.666666666666667e-05,0.0047466666666666655,0.002048
2258183835,0.016448,0.0017813333333333331,0.172144,0.03633066666666666,0.7416533333333334,0.0,0.000416,0.000816,5.333333333333334e-06,0.030330666666666662,7.466666666666666e-05
2423863366,0.053344,0.43968,0.020554666666666662,0.3734933333333333,0.006346666666666665,0.00020266666666666667,0.013968000000000001,0.046789333333333336,0.0004533333333333333,0.04474133333333333,0.00042666666666666667
2423864888,0.06946133333333332,0.6046613333333334,0.055424,0.19648533333333332,0.01933333333333333,3.2e-05,0.017050666666666662,0.017258666666666662,0.000144,0.0196,0.0005493333333333333
2440618445,0.3332266666666667,0.03794133333333333,0.10206933333333333,0.2379893333333333,0.000368,0.0002613333333333333,0.020074666666666668,0.06922666666666667,0.0018933333333333328,0.19659733333333332,0.000352
2440618667,0.15352533333333335,0.12642133333333333,0.081328,0.2833013333333333,0.028885333333333325,0.0018773333333333333,0.06797866666666667,0.015792,0.17434133333333332,0.05510933333333334,0.01144
2441447770,0.41874666666666666,0.013093333333333334,0.010464,0.19595733333333332,0.003856,0.0,0.03031466666666667,0.036693333333333335,5.333333333333334e-06,0.2893866666666667,0.0014826666666666664
2441448298,0.0916373333333333,0.002064,0.011029333333333334,0.6661973333333333,0.003504,0.0,0.028053333333333333,0.182976,5.333333333333334e-06,0.014496,3.733333333333333e-05
2441448480,0.4063306666666667,0.010069333333333331,0.040021333333333325,0.5086293333333334,0.00472,0.0,0.0011413333333333336,0.024464,6.933333333333333e-05,0.004554666666666665,0.0
2450161544,0.061386666666666666,0.5522986666666667,0.02139733333333333,0.22936,0.005888,0.0,0.038117333333333336,0.026048,0.00013333333333333334,0.064288,0.0010826666666666669
2450162628,0.3044213333333333,0.5158453333333334,0.011461333333333334,0.09646933333333331,0.010357333333333331,3.2e-05,0.005365333333333333,0.009434666666666666,0.000288,0.045061333333333335,0.001264
2450216244,0.047685333333333337,0.011536,0.17563733333333334,0.30584,0.31411733333333336,0.0,0.08027199999999998,0.02168,2.133333333333333e-05,0.042992,0.00021866666666666668
2456918469,0.07949333333333332,0.017866666666666666,0.029829333333333333,0.6547253333333334,0.001008,3.733333333333333e-05,0.122496,0.074752,0.00037866666666666664,0.019306666666666663,0.00010666666666666668
2456918629,0.13348266666666667,0.283072,0.029114666666666667,0.539232,0.008277333333333331,0.0,4.8e-05,0.004736,0.0,0.002026666666666666,1.0666666666666667e-05
2457745660,0.08393599999999998,0.21907733333333332,0.005728,0.076384,0.4337173333333333,3.733333333333333e-05,0.009424,0.009712,0.0007626666666666668,0.156704,0.004517333333333332
2457745846,0.0989493333333333,0.10636266666666666,0.07692266666666665,0.5424853333333334,0.02035733333333333,3.2e-05,0.02936533333333333,0.04343466666666667,0.004005333333333333,0.07544533333333332,0.00264
2457746116,0.00152,0.18696,0.007973333333333334,0.20607466666666666,0.002778666666666667,0.0,0.040485333333333325,0.08840533333333332,3.733333333333333e-05,0.464976,0.0007893333333333333
2477058053,0.11458278145695365,0.3945761589403973,0.0022251655629139076,0.16802649006622514,0.23290728476821196,0.0,0.002854304635761589,0.000900662251655629,0.00013245033112582781,0.08372847682119205,6.622516556291392e-05
2477060887,0.1518018018018018,0.038246246246246236,0.06075075075075075,0.5615315315315316,0.009981981981981981,0.0005765765765765766,0.020474474474474477,0.0013693693693693693,0.03987387387387387,0.10925525525525526,0.0061381381381381385
2477062839,0.21318202247191007,0.23792808988764044,0.13313258426966293,0.15995955056179775,0.037532584269662925,0.0,0.036013483146067414,0.0003955056179775281,0.0001393258426966292,0.17719101123595504,0.004525842696629213
2477871254,0.21089489489489488,0.029711711711711712,0.07581381381381382,0.5756696696696697,0.008102102102102101,0.0002822822822822822,0.01987987987987988,0.003021021021021021,0.0257957957957958,0.04925525525525525,0.0015735735735735734
2477871906,0.14536476426799008,0.04613895781637717,0.02916129032258065,0.21659057071960294,0.21694789081885854,0.0004962779156327543,0.011399503722084368,0.00403970223325062,0.02916129032258065,0.2962531017369727,0.0044466501240694786
2477873668,0.2184375,0.0130375,0.08985416666666665,0.36397916666666663,0.004816666666666667,8.75e-05,0.05250833333333333,0.004420833333333333,0.0017,0.2511333333333333,2.5e-05
2478873975,0.18040625,0.06659821428571429,0.005321428571428572,0.5396160714285714,0.10298660714285714,0.0,0.006066964285714286,0.00036160714285714285,3.571428571428572e-05,0.09852232142857142,8.482142857142858e-05
2478874181,0.025663082437275987,0.4866021505376344,0.027569892473118283,0.1875555555555556,0.17012186379928315,0.0,0.0025232974910394264,0.00017921146953405018,1.4336917562724014e-05,0.07802150537634407,0.02174910394265233
2478925841,0.06703196347031963,0.1326255707762557,0.01817351598173516,0.3629908675799087,0.2986666666666667,4.1095890410958905e-05,0.003913242009132421,0.00011415525114155252,0.0005799086757990868,0.11498173515981736,0.0008812785388127854
2479686758,0.15306906906906906,0.4948708708708709,0.03765165165165165,0.2385405405405405,0.03421021021021021,0.0006366366366366366,0.00578978978978979,0.00016816816816816817,3.603603603603604e-05,0.02714714714714715,0.00787987987987988
2479688606,0.1282124248496994,0.027927855711422846,0.017414829659318638,0.03377154308617235,0.004821643286573146,2.8056112224448894e-05,0.002128256513026052,0.00019639278557114228,0.007935871743486974,0.7774789579158317,8.41683366733467e-05
2479738318,0.2385776805251641,0.262437636761488,0.03852078774617068,0.10959737417943108,0.04315098468271335,2.1881838074398253e-05,0.01639387308533917,0.0006827133479212255,0.00014442013129102845,0.28759299781181613,0.002879649890590809
2479738524,0.12050450450450452,0.14231831831831832,0.01690690690690691,0.157981981981982,0.5507327327327327,0.0,0.0003663663663663664,0.0007327327327327326,0.0,0.010438438438438438,1.8018018018018016e-05
2479739062,0.056397094430992736,0.26441646489104115,0.05568038740920097,0.20986924939467316,0.20000484261501209,0.0012590799031476998,0.020731234866828086,0.0002905569007263922,0.0005133171912832929,0.16320581113801452,0.027631961259079903
2479739604,0.34061832061068703,0.02670992366412214,0.00249618320610687,0.1558320610687023,0.025152671755725192,0.0,0.0011145038167938931,0.001068702290076336,0.0,0.44686259541984735,0.00014503816793893126
2598486281,0.20113066666666668,0.42167466666666653,0.11541866666666667,0.12490666666666668,0.01689066666666666,0.00016,0.015173333333333334,0.02070933333333333,0.003984,0.079392,0.00056
2598688979,0.18196996996997,0.03157357357357357,0.027075075075075075,0.10804804804804803,0.04430030030030029,3.603603603603604e-05,0.015975975975975974,0.0016576576576576574,0.00022822822822822822,0.584048048048048,0.005087087087087086
2598690365,0.07416216216216216,0.3505465465465465,0.005219219219219218,0.018186186186186185,0.014294294294294296,0.0,0.0030150150150150146,0.0003423423423423424,9.609609609609608e-05,0.5278978978978978,0.00624024024024024
2598705467,0.07768168168168167,0.30064864864864865,0.04455255255255256,0.1134054054054054,0.03628828828828829,0.0016456456456456455,0.03697897897897898,0.003441441441441441,0.01708108108108108,0.3562102102102102,0.012066066066066066
2598708251,0.049039039039039035,0.13289489489489487,0.037009009009009004,0.08752552552552552,0.033615615615615616,0.0019279279279279281,0.03397597597597597,0.004336336336336336,0.017525525525525526,0.5860780780780781,0.016072072072072074
2598709673,0.0637057057057057,0.2704984984984985,0.0021261261261261255,0.09424624624624624,0.051441441441441436,0.0,0.0008528528528528529,0.00021621621621621621,0.0,0.5148528528528529,0.00206006006006006
2599306614,0.05299733333333333,0.40660266666666667,0.0034240000000000004,0.2828426666666667,0.017973333333333334,0.0,0.0006613333333333333,0.0009333333333333332,1.6e-05,0.234496,5.333333333333333e-05
2599308690,0.07176533333333332,0.4433653333333333,0.0033173333333333327,0.25511466666666666,0.031552,0.0,0.0007253333333333333,0.002464,0.0,0.191456,0.00024
2599310734,0.06016,0.432512,0.009205333333333331,0.22919466666666666,0.025082666666666663,0.0,0.0012266666666666667,0.002848,5.333333333333334e-06,0.2389333333333333,0.0008319999999999998
2599312272,0.3691413333333333,0.20958933333333327,0.08438933333333333,0.22344,0.022912,0.0,0.005941333333333333,0.008074666666666667,0.0,0.07643733333333333,7.466666666666666e-05
2599500042,0.011537537537537538,0.8528348348348348,0.001915915915915916,0.05683483483483484,0.051759759759759764,1.8018018018018016e-05,0.0019219219219219214,0.0011591591591591593,0.0015855855855855855,0.020222222222222218,0.00021021021021021022
2599504754,0.11177777777777778,0.26753153153153153,0.015903903903903904,0.4003723723723724,0.04904504504504505,6.606606606606607e-05,0.0046006006006006,0.0014894894894894894,3.603603603603604e-05,0.14765765765765765,0.0015195195195195196
2599517698,0.14865465465465466,0.03767567567567568,0.21526726726726728,0.27902702702702703,0.1723843843843844,0.0,0.0010450450450450448,0.0006906906906906907,1.2012012012012014e-05,0.13194594594594594,0.013297297297297296
2599531978,0.05963363363363364,0.8069309309309309,0.0181981981981982,0.054528528528528526,0.022954954954954955,0.0002882882882882883,0.0028708708708708713,0.001867867867867868,0.007099099099099098,0.023861861861861858,0.0017657657657657656
2599535370,0.08302102102102102,0.3888048048048048,0.04197597597597597,0.09118318318318316,0.03397597597597597,0.0017597597597597593,0.03248648648648648,0.002912912912912913,0.018414414414414413,0.2951231231231231,0.010342342342342345
2849497539,0.21471466666666664,0.032474666666666666,0.10340266666666667,0.026325333333333333,0.22431466666666666,0.0,0.0005386666666666666,0.0005546666666666666,5.333333333333334e-06,0.39656,0.0011093333333333333
2849497641,0.148544,0.4466826666666667,0.007226666666666666,0.2990293333333333,0.06703466666666667,0.0,0.0005066666666666666,4.266666666666666e-05,0.0,0.030239999999999996,0.0006933333333333333
2849497777,0.06503466666666667,0.32992,0.001136,0.185568,0.31178666666666666,0.0,0.00031466666666666665,7.466666666666666e-05,0.0,0.10584,0.0003253333333333333
2849497989,0.16253866666666664,0.27098666666666665,0.02944533333333333,0.271776,0.04100266666666666,2.133333333333333e-05,0.005402666666666666,0.001264,0.0004426666666666666,0.216096,0.001024
2849498069,0.19470933333333332,0.3870133333333333,0.01864,0.12102933333333335,0.2439146666666667,0.0,0.00036266666666666663,8.533333333333334e-05,0.0,0.02787733333333333,0.006368
2849498245,0.09907733333333331,0.4249973333333333,0.001248,0.2317493333333333,0.07905066666666667,0.0,0.0007626666666666668,0.0002666666666666667,3.2e-05,0.16258133333333333,0.00023466666666666666
2849498351,0.22111466666666665,0.484496,0.007994666666666667,0.14511466666666667,0.12775466666666666,0.0,0.003216,0.0017546666666666667,0.0005066666666666666,0.007941333333333333,0.00010666666666666668
2849498613,0.2323466666666667,0.006986666666666667,0.02984,0.5957653333333334,0.010544,0.0,0.0049493333333333325,0.0013173333333333331,5.8666666666666665e-05,0.118192,0.0
2849498673,0.276512,0.03736533333333333,0.02070933333333333,0.5233173333333333,0.04016,0.0,9.066666666666667e-05,0.0012106666666666667,0.0,0.10026666666666667,0.000368
2849498731,0.04085866666666666,0.6069653333333334,0.02144,0.2661493333333333,0.03930133333333333,0.0,0.00128,7.466666666666666e-05,0.0,0.02243733333333333,0.0014933333333333333
2850329510,0.196576,0.14551466666666665,0.019824,0.045893333333333335,0.28728,0.0,0.0005386666666666666,0.00012266666666666668,0.0,0.2917066666666667,0.012544
2850329796,0.09637866666666665,0.2712266666666667,0.053648,0.2504213333333333,0.064608,0.0,0.0008053333333333332,0.00012266666666666668,0.0,0.2620213333333333,0.000768
2850330306,0.050325333333333326,0.511424,0.020464,0.248992,0.14018666666666665,0.0,0.001632,0.001002666666666667,0.000288,0.025264,0.00042133333333333335
2850330452,0.06013866666666666,0.5609973333333333,0.044037333333333324,0.20399466666666666,0.11361066666666668,0.0,0.0014880000000000002,0.00014933333333333332,0.0,0.015312,0.000272
2850330508,0.15632,0.4101653333333333,0.0015626666666666664,0.367264,0.043056,0.0,0.000272,0.00018133333333333331,0.0,0.02111466666666667,6.4e-05
2902582615,0.06333870967741935,0.5908548387096774,0.006516129032258064,0.05235483870967742,0.2804838709677419,1.6129032258064513e-05,0.00016129032258064516,0.0012903225806451613,9.677419354838708e-05,0.004403225806451613,0.00048387096774193543
2902584245,0.07408982035928144,0.7130778443113772,0.00818562874251497,0.14211976047904193,0.03819161676646706,5.9880239520958085e-06,0.0017964071856287425,0.0009281437125748503,9.580838323353292e-05,0.019155688622754487,0.002353293413173653
2902585749,0.16222754491017966,0.4705149700598802,0.009485029940119759,0.2752574850299401,0.04826347305389222,0.0,1.7964071856287423e-05,0.00011377245508982036,5.9880239520958085e-06,0.029718562874251495,0.0043952095808383225
2902591727,0.09252095808383233,0.0014131736526946108,0.0091437125748503,0.6828922155688623,0.03322754491017964,0.0,0.0007844311377245507,0.00016766467065868265,2.3952095808383234e-05,0.17904790419161676,0.0007784431137724551
2902651005,0.17283233532934134,0.37980838323353294,0.009107784431137723,0.2223293413173653,0.21038922155688625,0.0,5.9880239520958085e-06,0.0016347305389221554,0.0,0.0038023952095808384,8.982035928143712e-05
2902685959,0.20789221556886228,0.3841976047904192,0.06340119760479042,0.2127425149700599,0.08620359281437126,0.0,3.5928143712574846e-05,0.0004251497005988024,0.0,0.04505988023952096,4.191616766467066e-05
2903432858,0.2370958083832335,0.004131736526946108,0.030610778443113777,0.5723832335329341,0.07074251497005989,5.9880239520958085e-06,0.0013592814371257485,0.0004011976047904192,1.1976047904191615e-05,0.08106586826347305,0.002191616766467066
2903435370,0.10776047904191616,0.0020598802395209587,0.009359281437125748,0.6856107784431138,0.04047904191616766,0.0,0.0005988023952095807,0.0002275449101796407,5.9880239520958085e-06,0.15322155688622754,0.0006766467065868264
2903470430,0.2024730538922156,0.07750299401197605,0.3042754491017964,0.03549101796407186,0.007167664670658681,0.018497005988023955,0.08664670658682634,0.0485808383233533,0.17412574850299403,0.03695808383233533,0.008281437125748501
2903479300,0.8270718562874253,0.005497005988023953,0.09329940119760478,0.01381437125748503,0.04672455089820359,0.0,0.000437125748502994,0.00020958083832335326,0.0,0.012580838323353294,0.00036526946107784435
2903521994,0.21052095808383234,0.40038323353293415,0.0007664670658682635,0.10249700598802396,0.267562874251497,0.0,3.5928143712574846e-05,0.0007664670658682635,0.0,0.01740119760479042,6.58682634730539e-05
2903524322,0.3105568862275449,0.28351497005988024,0.0010898203592814373,0.0925508982035928,0.3106107784431138,5.9880239520958085e-06,5.9880239520958085e-06,0.0003712574850299401,0.0,0.0012814371257485028,1.1976047904191615e-05
2903526246,0.2239880239520958,0.4861017964071857,0.007682634730538922,0.2032754491017964,0.07279041916167665,0.0,1.1976047904191615e-05,0.0005389221556886227,0.0,0.0056107784431137725,0.0
2903530486,0.23966467065868266,0.414437125748503,0.049245508982035925,0.17747305389221554,0.08992814371257485,0.0,1.7964071856287423e-05,0.0004131736526946108,0.0,0.028820359281437124,0.0
2903532388,0.41805988023952095,0.14703592814371258,0.013389221556886228,0.1937365269461078,0.1432694610778443,1.1976047904191615e-05,0.00028143712574850297,0.0006586826347305389,0.00014970059880239518,0.07866467065868263,0.004742514970059879
3118035379,0.097344,0.32772266666666666,0.041936,0.176768,0.11372266666666668,0.00013333333333333334,0.027498666666666668,0.005552,0.0010613333333333334,0.18532266666666666,0.022938666666666663
3118036539,0.054053333333333335,0.417504,0.05021866666666666,0.19232,0.17687466666666668,0.0004053333333333333,0.015989333333333338,0.003253333333333333,0.0006666666666666666,0.073328,0.015386666666666668
3118039171,0.13261866666666666,0.43716266666666653,0.034869333333333336,0.2325973333333333,0.13489066666666666,0.0,0.001312,0.005013333333333333,0.00024,0.021290666666666663,5.333333333333334e-06
3118040593,0.16500266666666666,0.02968,0.017973333333333334,0.40257066666666663,0.315696,0.0,0.005584,0.003733333333333333,0.00013866666666666666,0.059290666666666665,0.00033066666666666666
3118047559,0.2640746666666667,0.358624,0.06603733333333334,0.165232,0.06008,0.0,0.014128,0.004373333333333333,0.001376,0.06590933333333332,0.00016533333333333333
3118869290,0.18335466666666667,0.2381173333333333,0.02652266666666667,0.35608,0.08345066666666667,3.2e-05,0.004373333333333333,0.002704,0.0009013333333333332,0.10154666666666666,0.002917333333333333
3118870690,0.12844266666666668,0.4651573333333333,0.01939733333333333,0.25088,0.015669333333333334,2.666666666666667e-05,0.003072,0.0050666666666666655,0.017589333333333332,0.08848,0.006218666666666666
3118872018,0.187152,0.4912533333333333,0.01575466666666667,0.19410133333333326,0.04429866666666666,0.000192,0.0064586666666666655,0.010448,0.035669333333333324,0.012032,0.00264
3118873464,0.15202133333333334,0.5498826666666666,0.009674666666666666,0.20211733333333332,0.04668266666666666,0.00021866666666666668,0.006181333333333333,0.004992,0.011770666666666669,0.014858666666666666,0.0016
369445762,0.2651764705882353,0.3397326203208556,0.01851336898395722,0.12688235294117647,0.052518716577540106,2.1390374331550806e-05,0.0018823529411764702,0.0012192513368983954,0.00026203208556149733,0.19332620320855612,0.00046524064171122996
369446541,0.2531978609625669,0.20905882352941174,0.023149732620320856,0.2227326203208556,0.036679144385026737,0.00010160427807486633,0.002855614973262032,0.003016042780748663,0.0003743315508021391,0.2453262032085561,0.0035080213903743314
369446910,0.2432085561497326,0.1793048128342246,0.046844919786096256,0.3091229946524064,0.09222459893048128,1.60427807486631e-05,0.011935828877005348,0.002780748663101605,0.0005080213903743316,0.11401604278074864,3.74331550802139e-05
369447268,0.10641711229946524,0.4834491978609626,0.00876470588235294,0.20652941176470588,0.020508021390374328,0.0,0.001572192513368984,0.0016951871657754011,0.0001497326203208556,0.17023529411764707,0.0006791443850267379
369448297,0.16059358288770054,0.4711283422459893,0.0718288770053476,0.1501336898395722,0.03977540106951872,3.20855614973262e-05,0.011780748663101605,0.0019465240641711235,0.0011283422459893047,0.07940641711229945,0.012245989304812832
369448727,0.2837433155080214,0.2998128342245989,0.04335294117647058,0.1290374331550802,0.06980748663101605,3.74331550802139e-05,0.0012994652406417113,0.0003208556149732621,0.000213903743315508,0.17166844919786095,0.0007058823529411765
4257656589,0.20072672672672676,0.08793393393393394,0.041117117117117116,0.3555915915915916,0.005447447447447447,6.006006006006007e-06,0.0004924924924924925,0.0005225225225225224,0.001987987987987988,0.30596996996996995,0.0002042042042042042
4257657019,0.11248048048048047,0.09915315315315315,0.026462462462462463,0.32903303303303305,0.03331531531531532,0.0011471471471471472,0.006618618618618618,0.0027147147147147145,0.04481081081081082,0.3396396396396396,0.004624624624624625
4257658009,0.1242102102102102,0.051129129129129126,0.018240240240240242,0.2796516516516517,0.0005885885885885886,0.0,0.014960960960960959,0.004306306306306306,0.00012012012012012012,0.5066186186186186,0.00017417417417417416
4257658331,0.08204804804804805,0.05556756756756757,0.008660660660660659,0.4724024024024024,0.011747747747747748,1.2012012012012014e-05,0.0028708708708708713,0.001015015015015015,0.0006906906906906907,0.36498498498498494,0.0
4257659425,0.04423423423423423,0.014408408408408409,0.04515915915915916,0.42183183183183187,0.32761561561561564,0.0,0.010366366366366366,0.007333333333333333,0.002252252252252252,0.12191591591591593,0.004882882882882883
4257660145,0.19189789789789793,0.4439279279279279,0.016306306306306306,0.2430870870870871,0.10301501501501502,0.0,0.0,0.0017537537537537535,1.2012012012012014e-05,0.0,0.0
4257660395,0.11189189189189187,0.012354354354354356,0.021183183183183185,0.6108768768768769,0.006498498498498498,3.603603603603604e-05,0.005177177177177177,0.003483483483483484,0.0017117117117117118,0.2267627627627628,2.4024024024024028e-05
4258414762,0.19136119402985075,2.985074626865672e-05,0.08205373134328359,0.708865671641791,0.008191044776119403,7.761194029850747e-05,0.0028895522388059703,0.0017731343283582087,0.0021492537313432835,0.002567164179104477,4.179104477611941e-05
4258414830,0.09591666666666665,0.2299761904761905,0.006821428571428571,0.6602619047619047,0.0007380952380952381,0.0,0.0008333333333333334,0.00038095238095238096,0.0014642857142857142,0.003607142857142857,0.0
4258415044,0.04031137724550898,0.14879041916167665,0.021856287425149702,0.27183832335329333,0.003706586826347305,0.002694610778443114,0.05101796407185629,0.008832335329341315,0.04811377245508982,0.3998922155688623,0.0029461077844311376
4258416242,0.08198198198198196,0.03390390390390391,0.02803603603603604,0.3044984984984985,0.013075075075075077,0.0006126126126126127,0.04045045045045045,0.0023843843843843844,0.008828828828828829,0.4855615615615616,0.0006666666666666666
4258416596,0.0835135135135135,0.005279279279279279,0.061081081081081075,0.39135135135135135,0.008654654654654655,0.0,0.0574054054054054,0.0017897897897897895,0.00015615615615615616,0.3907387387387387,3.003003003003003e-05
4258417618,0.12062462462462464,0.1218138138138138,0.022444444444444444,0.6553093093093093,0.03181981981981982,4.204204204204204e-05,0.011027027027027026,0.0013633633633633633,0.0156996996996997,0.019855855855855857,0.0
4258418616,0.06743543543543544,0.1082942942942943,0.1001021021021021,0.594042042042042,0.010186186186186186,0.0022162162162162164,0.0006906906906906907,0.0006306306306306306,0.0006066066066066065,0.1157957957957958,0.0
4258419896,0.07736936936936938,0.013213213213213212,0.18031231231231232,0.5341081081081082,0.029369369369369368,0.0,0.0017237237237237235,0.0022042042042042047,5.4054054054054054e-05,0.1584024024024024,0.003243243243243243
4498877138,0.1499879518072289,0.44197590361445777,0.05585542168674698,0.03908433734939759,0.08194578313253012,0.0018795180722891566,0.03149397590361445,0.003656626506024096,0.0020963855421686746,0.1692710843373494,0.02275301204819277
4501138433,0.043548192771084335,0.6392530120481928,0.09492168674698795,0.1380722891566265,0.025819277108433736,0.0005120481927710842,0.021644578313253008,0.0004819277108433735,0.0002891566265060241,0.03071686746987952,0.0047409638554216866
4501140729,0.10105421686746988,0.4862951807228916,0.022602409638554217,0.2787289156626506,0.0017891566265060238,0.00045783132530120477,0.026210843373493976,0.02496987951807229,0.00016867469879518071,0.05651807228915664,0.0012048192771084338
4501142371,0.13606626506024094,0.2198192771084337,0.1652409638554217,0.045765060240963856,0.05574698795180723,0.002216867469879518,0.09242771084337348,0.005813253012048193,0.005602409638554217,0.24739759036144576,0.023903614457831325
4501146209,0.11627710843373495,0.023325301204819283,0.026054216867469882,0.2977590361445783,0.006921686746987952,0.0,0.01942771084337349,0.017945783132530122,0.0006867469879518072,0.4916024096385542,0.0
4501149417,0.1174277108433735,0.5275240963855422,0.06477108433734939,0.03889759036144578,0.054361445783132525,0.00011445783132530119,0.0393132530120482,0.0009216867469879518,0.0004939759036144577,0.15247590361445784,0.0036987951807228923
4501150865,0.19072289156626507,0.22134939759036146,0.05308433734939759,0.04321084337349398,0.04305421686746988,0.00022891566265060239,0.027168674698795185,0.0014939759036144578,0.00029518072289156624,0.4078433734939759,0.011548192771084338
4501152483,0.05948795180722891,0.5991686746987952,0.1742710843373494,0.09392771084337348,0.0033433734939759038,0.0014698795180722892,0.028632530120481926,0.0005783132530120482,0.000644578313253012,0.03433132530120482,0.004144578313253013
4501760852,0.03045180722891566,0.16654819277108435,0.022415662650602408,0.1014156626506024,0.3579518072289157,2.4096385542168674e-05,0.014777108433734941,0.00045783132530120477,6.0240963855421675e-06,0.22331927710843372,0.08263253012048193
4501762660,0.0013734939759036144,0.4794156626506024,0.10062650602409637,0.02719879518072289,0.13922289156626505,0.0014096385542168677,0.007457831325301205,0.00013253012048192772,6.0240963855421675e-06,0.008156626506024096,0.235
4501765022,0.03659638554216867,0.3432168674698795,0.04186144578313253,0.3810963855421687,0.01427710843373494,5.421686746987952e-05,0.017566265060240963,0.0008313253012048193,5.421686746987952e-05,0.13942771084337346,0.025018072289156628
4501766904,0.024403614457831325,0.4642289156626506,0.0530421686746988,0.2122831325301205,0.08263855421686747,5.421686746987952e-05,0.023036144578313253,0.0003795180722891566,3.012048192771084e-05,0.07010240963855421,0.06980120481927711
4501768222,0.012373493975903614,0.366289156626506,0.08829518072289155,0.02926506024096385,0.07153614457831325,0.015228915662650604,0.02406626506024096,0.0013795180722891564,0.01066265060240964,0.05604819277108434,0.32485542168674697
4501770658,0.034218543046357616,0.6263576158940397,0.21573509933774834,0.037079470198675496,0.0323046357615894,0.0014768211920529802,0.018357615894039732,0.00022516556291390726,0.0005033112582781457,0.02686092715231788,0.006880794701986754
4501788190,0.27715060240963857,0.060240963855421686,0.049722891566265054,0.31828915662650603,0.019096385542168675,0.0003253012048192771,0.01756024096385542,0.008614457831325301,3.012048192771084e-05,0.22005421686746987,0.028915662650602414
5099625465,0.11054901960784314,0.31552380952380954,0.14472829131652662,0.0526218487394958,0.1622408963585434,0.0065154061624649855,0.022644257703081237,0.0014565826330532213,0.0004817927170868348,0.04900840336134454,0.1342296918767507
5099634667,0.084,0.41758,0.313205,0.084335,0.04405,0.000335,0.004805,0.001335,0.00033,0.038635,0.01139
5099651367,0.18314619883040936,0.28790643274853805,0.2410116959064328,0.09759649122807018,0.026175438596491227,0.0009532163742690057,0.1082280701754386,0.0029941520467836255,0.0003742690058479533,0.03967836257309942,0.011935672514619885
5099658661,0.13353571428571429,0.519,0.21085714285714285,0.027029761904761904,0.040785714285714286,0.005380952380952381,0.0009761904761904762,0.0007023809523809525,0.0055,0.004863095238095238,0.05136904761904762
5099670993,0.13650267379679146,0.3826310160427808,0.13272192513368986,0.1130427807486631,0.04667379679144385,0.0007593582887700535,0.12202139037433155,0.012668449197860962,6.41711229946524e-05,0.014668449197860962,0.038245989304812836
5099679869,0.2220374331550802,0.44757219251336894,0.08893582887700535,0.10326203208556148,0.014331550802139038,5.347593582887701e-06,0.05174331550802138,0.015016042780748662,1.0695187165775403e-05,0.03791978609625669,0.019165775401069517
5100226496,0.13152218430034127,0.29877815699658705,0.30051877133105803,0.009713310580204776,0.046177474402730366,0.006197952218430034,0.0020273037542662123,0.00012969283276450513,0.0003754266211604096,0.02364505119453925,0.1809146757679181
5100230736,0.05082887700534759,0.32254010695187163,0.231192513368984,0.07792513368983955,0.0916577540106952,0.0008609625668449197,0.009893048128342245,0.0001550802139037433,7.48663101604278e-05,0.030213903743315507,0.1846577540106952
5100232718,0.18668983957219248,0.2921657754010695,0.3287914438502674,0.03366310160427807,0.03071657754010695,0.0005775401069518717,0.002695187165775401,0.0005614973262032085,0.0008663101604278073,0.02795187165775401,0.09532085561497326
5100256572,0.10402739726027398,0.09861369863013697,0.10056986301369863,0.16112328767123288,0.2312,0.0007178082191780822,0.08418082191780822,0.0005643835616438356,0.0031890410958904107,0.118613698630137,0.0972
5100271980,0.25935294117647056,0.1943155080213904,0.08548128342245989,0.3397860962566845,0.01941711229946524,1.0695187165775403e-05,0.03902139037433154,0.006491978609625668,0.00016577540106951872,0.04993582887700535,0.006021390374331551
5100277306,0.1277433155080214,0.3656310160427808,0.17105882352941176,0.01072192513368984,0.013577540106951872,0.022711229946524063,0.0003155080213903743,0.0003101604278074866,0.0005026737967914438,0.05105882352941177,0.23636898395721925
5159842047,0.42844799999999994,0.041301333333333336,0.08010666666666667,0.2274346666666667,0.01961066666666666,0.000288,0.0041386666666666655,0.0010346666666666666,7.466666666666666e-05,0.17359466666666667,0.023968
5160401002,0.2786529209621993,0.005951890034364261,0.12021993127147765,0.4584879725085911,0.01638487972508591,0.0001099656357388316,0.01627491408934708,0.00147766323024055,0.0016975945017182132,0.09200687285223368,0.008735395189003438
626387657,0.20955614973262032,0.29211764705882354,0.028641711229946524,0.14975401069518718,0.16031016042780746,0.0,0.009171122994652404,0.006144385026737968,0.00013368983957219252,0.14399465240641712,0.00017647058823529413
626390527,0.21424449877750606,0.02290953545232274,0.0818044009779951,0.6309486552567237,0.02489975550122249,0.0,0.0015158924205378973,0.008660146699266505,0.00028361858190709046,0.014733496332518338,0.0
626405993,0.18661497326203208,0.08850267379679144,0.015336898395721926,0.6533636363636364,0.012732620320855616,0.0,0.003529411764705883,0.006802139037433155,9.09090909090909e-05,0.03132085561497326,0.0017058823529411766
626407669,0.2162566844919786,0.43637967914438497,0.011844919786096256,0.2395561497326203,0.022197860962566842,2.1390374331550806e-05,0.005096256684491978,0.01151336898395722,0.0003850267379679144,0.055989304812834234,0.0007593582887700535
626422679,0.11205347593582887,0.3049679144385027,0.021251336898395718,0.29258823529411765,0.07628877005347594,0.00016042780748663101,0.012764705882352942,0.006037433155080214,0.0005133689839572192,0.17254010695187166,0.0008342245989304812
626423947,0.10884639498432602,0.0378871473354232,0.0007899686520376175,0.04574294670846395,0.06375548589341692,0.0,0.00219435736677116,0.005335423197492163,0.00018808777429467084,0.7352225705329154,3.7617554858934165e-05
626425111,0.4368789808917197,0.19487473460721869,0.09313375796178344,0.05051380042462845,0.020794055201698514,0.00022929936305732485,0.0054394904458598715,0.01925265392781316,0.0010828025477707009,0.1609723991507431,0.016828025477707006
626427043,0.15379144385026738,0.4062673796791444,0.0040427807486631,0.09687700534759358,0.07493582887700535,0.0,0.0028502673796791445,0.018422459893048127,1.60427807486631e-05,0.2365935828877005,0.006203208556149733
626429569,0.6890374331550801,0.0226951871657754,0.035791443850267377,0.1097326203208556,0.07210695187165776,0.0,0.00611764705882353,0.01928877005347594,2.67379679144385e-05,0.04503208556149733,0.00017112299465240642
627269522,0.1806096256684492,0.11697860962566844,0.0216951871657754,0.4471283422459893,0.02957754010695187,0.0,0.03285561497326203,0.009267379679144384,8.021390374331551e-05,0.16180213903743315,5.347593582887701e-06
627277774,0.045803370786516855,0.8455674157303371,0.013196629213483146,0.020342696629213484,0.05087640449438202,0.0,0.0012865168539325845,0.00299438202247191,0.0002921348314606742,0.016005617977528086,0.003634831460674158
627281860,0.16304197530864198,0.7598172839506173,0.0030716049382716053,0.051990123456790126,0.016138271604938272,0.0,0.0003160493827160494,0.0024790123456790124,2.9629629629629633e-05,0.0030617283950617282,5.432098765432098e-05
627282812,0.1667860962566845,0.7225668449197858,0.002379679144385027,0.08729411764705881,0.013459893048128342,0.0,0.0003208556149732621,0.0012192513368983954,0.0,0.005957219251336898,1.60427807486631e-05
627289094,0.13152941176470587,0.08751336898395722,0.012786096256684492,0.40166844919786093,0.03738502673796792,0.0,0.10997860962566844,0.014877005347593585,0.00011764705882352942,0.2041336898395722,1.0695187165775403e-05
627293626,0.043,0.6472192513368984,0.015721925133689838,0.12945989304812835,0.01332620320855615,0.0,0.0007165775401069518,0.00032620320855614973,0.0,0.14908021390374332,0.0011497326203208555
6739484063,0.042629333333333325,0.325504,0.221056,0.2303146666666667,0.148624,0.0,0.005104,0.0023786666666666665,0.000448,0.022176,0.0017653333333333336
6739484983,0.062304,0.321424,0.20425066666666666,0.25710933333333336,0.11282133333333333,1.0666666666666667e-05,0.007701333333333333,0.004992,0.0009066666666666666,0.026304,0.002176
6739485967,0.29718933333333336,0.12574933333333332,0.044288,0.301808,0.04759466666666666,0.00011733333333333333,0.040917333333333326,0.022336,0.001648,0.11038933333333334,0.007962666666666665
6739487013,0.298976,0.10746133333333334,0.025264,0.14163733333333334,0.21725333333333333,5.333333333333334e-06,0.02602666666666667,0.021728,0.00018133333333333331,0.14902933333333335,0.012437333333333331
6739487927,0.140336,0.09463466666666669,0.01442666666666667,0.638928,0.040949333333333324,5.333333333333334e-06,0.011674666666666668,0.009802666666666666,0.0006933333333333333,0.047824,0.0007253333333333333
6739488965,0.113232,0.561824,0.012629333333333331,0.20570666666666668,0.007749333333333333,6.933333333333333e-05,0.004586666666666666,0.008613333333333334,0.00011733333333333333,0.08518399999999998,0.000288
6739489903,0.07468266666666665,0.801824,0.000272,0.11074666666666666,0.0029706666666666666,8e-05,0.0003413333333333333,0.005882666666666665,0.002928,0.000272,0.0
6739491561,0.32672,0.0013706666666666667,0.3047253333333333,0.11792533333333333,0.029253333333333333,0.000128,0.040474666666666666,0.012858666666666666,0.002064,0.15442666666666666,0.01005333333333333
6739493259,0.2462293333333333,0.013226666666666666,0.05309866666666666,0.3646613333333333,0.050666666666666665,0.0,0.020629333333333333,0.009584,0.000816,0.2385173333333333,0.0025706666666666673
6739494085,0.293904,0.0009493333333333332,0.04784,0.11717333333333335,0.048725333333333336,0.0,0.03432533333333333,0.006384,0.002224,0.44676266666666653,0.0017120000000000002
6739494919,0.043194666666666666,0.001616,0.47432,0.39965866666666666,0.013466666666666668,0.00064,0.005184,0.004112,0.001008,0.054538666666666666,0.0022613333333333326
6739501411,0.007744,0.3685386666666666,0.2601013333333333,0.19411733333333334,0.14288533333333334,0.0,0.005856,0.0025653333333333327,0.00024,0.015968,0.001984
6739502517,0.07622933333333333,0.14167466666666667,0.32359466666666664,0.156672,0.2295573333333333,0.0,0.012362666666666666,0.0042506666666666665,0.0003893333333333333,0.047648,0.007621333333333332
6739503599,0.18092266666666668,0.07335999999999998,0.032021333333333325,0.2270933333333333,0.042741333333333326,0.00011733333333333333,0.024832,0.004826666666666666,0.0003413333333333333,0.41307733333333335,0.0006666666666666666
6739504555,0.21854933333333332,0.06768,0.008912,0.3306133333333333,0.03861866666666666,3.2e-05,0.012474666666666669,0.008117333333333334,0.0002666666666666667,0.31392,0.000816
7179795872,0.07840569395017793,0.32155871886121,0.03593594306049822,0.17530249110320284,0.3007402135231317,0.0002846975088967972,0.01876156583629893,0.0018505338078291813,7.117437722419929e-06,0.03241992882562277,0.03473309608540925
7189671892,0.1996876876876877,0.4028528528528528,0.04129129129129129,0.2297237237237237,0.09566366366366366,4.8048048048048055e-05,0.002978978978978979,0.0002642642642642643,1.2012012012012014e-05,0.021903903903903902,0.005573573573573572
7189681078,0.24622775800711744,0.4445907473309609,0.07069039145907473,0.18039857651245556,0.0018078291814946613,2.1352313167259786e-05,0.011473309608540923,0.00010676156583629892,4.98220640569395e-05,0.04308185053380783,0.0015516014234875446
7189701544,0.301987987987988,0.23578978978978976,0.0473033033033033,0.1635015015015015,0.08344144144144144,0.00025225225225225225,0.0003783783783783784,0.00015615615615615616,4.204204204204204e-05,0.12578378378378374,0.04136336336336336
7189732106,0.10763701067615658,0.5919430604982207,0.05556583629893239,0.13850533807829182,0.0007188612099644128,0.00012099644128113879,0.04229893238434164,0.018,0.00030604982206405693,0.0437153024911032,0.0011886120996441284
7189748072,0.05928813559322034,0.0,3.9548022598870056e-05,0.6261242937853108,0.034525423728813565,0.0,0.00011864406779661016,0.0,0.0,0.2799039548022599,0.0
7189752932,0.018931818181818185,0.0,0.061613636363636363,0.5717670454545455,0.030136363636363638,0.0,9.09090909090909e-05,0.0,0.0,0.3174602272727273,0.0
7189761950,0.08057651245551602,0.0,0.04597864768683274,0.7674234875444838,0.03446975088967971,0.0,0.00011387900355871887,0.0,0.0,0.07143772241992881,0.0
7189767826,0.1436996996996997,0.479045045045045,0.09231231231231232,0.13936336336336336,0.015651651651651652,6.006006006006007e-06,0.00406006006006006,0.00024624624624624625,6.006006006006007e-06,0.12413213213213213,0.0014774774774774775
7191682578,0.013924,0.0,0.678464,0.261008,0.004644,0.0,0.000332,0.0,0.0,0.025224,0.016404
7191685656,0.1498078078078078,0.0,0.0,0.7117237237237237,0.0,0.0,0.0,0.0,0.0,0.13846846846846847,0.0
7191690694,0.07578978978978977,0.4190510510510511,0.05615615615615616,0.3258138138138138,0.02157957957957958,0.003357357357357357,0.018006006006006006,0.0016576576576576574,0.0006126126126126127,0.07386186186186185,0.0041141141141141134
7191700558,0.006895953757225433,0.0,0.06774566473988439,0.1702601156069364,0.00869942196531792,0.0,0.0004797687861271677,0.0,0.0,0.7459190751445086,0.0
7191707200,0.16314114114114114,0.0,0.0,0.7901681681681682,0.0,0.0,0.0,0.0,0.0,0.046690690690690685,0.0
7191769184,0.15180071174377224,0.44551601423487547,0.05601423487544484,0.25197153024911034,0.03723131672597865,2.1352313167259786e-05,0.0028469750889679717,0.007067615658362989,5.6939501779359435e-05,0.043380782918149466,0.004092526690391459
7692504868,0.11977272727272728,0.2340340909090909,0.17861363636363636,0.013340909090909093,0.09819318181818179,0.09011363636363635,0.01243181818181818,0.0012613636363636364,0.0002386363636363636,0.04864772727272727,0.20335227272727271
7708306180,0.14754133333333333,0.16420266666666666,0.015269333333333331,0.14075733333333335,0.36350933333333335,0.0,0.0010826666666666669,0.0021813333333333333,0.00022400000000000002,0.165232,0.0
7708306446,0.19262933333333332,0.19382933333333333,0.029808,0.3801866666666667,0.054928,5.333333333333334e-06,0.0043146666666666654,0.00048,0.00088,0.14290133333333332,3.733333333333333e-05
7708306700,0.16178133333333333,0.0020586666666666665,0.035264,0.7874879999999999,0.010613333333333334,0.0003413333333333333,0.001968,5.333333333333334e-06,0.00042133333333333335,0.0,5.8666666666666665e-05
7708307028,0.26096,0.302544,0.0005173333333333333,0.3380053333333333,0.08770666666666667,0.0,0.000272,0.009013333333333332,5.333333333333334e-06,0.000976,0.0
7708307258,0.32181866666666664,0.02526933333333333,0.011936,0.03741866666666667,0.2637386666666667,0.0,0.0008533333333333333,0.0008426666666666667,0.000576,0.3374773333333333,6.933333333333333e-05
7708307496,0.09855466666666665,0.4912213333333333,0.02973333333333333,0.306656,0.02373333333333333,3.733333333333333e-05,0.0003413333333333333,5.333333333333333e-05,0.00014933333333333332,0.049456,6.4e-05
7708307688,0.3347466666666667,0.5578453333333333,0.0008213333333333333,0.057648,0.033466666666666665,1.0666666666666667e-05,4.266666666666666e-05,0.0016533333333333333,4.8e-05,0.013696000000000002,2.133333333333333e-05
7708307888,0.2590826666666667,0.028544,0.0284,0.092928,0.340096,0.0,0.0003733333333333333,0.00043733333333333336,5.333333333333334e-06,0.250128,5.333333333333334e-06
7708308116,0.06453866666666665,0.05431466666666666,0.3559466666666667,0.2267946666666667,0.13797866666666667,0.0,0.0010186666666666666,1.0666666666666667e-05,1.0666666666666667e-05,0.15925333333333333,0.00013333333333333334
7708308322,0.17936,0.3569173333333333,0.008512,0.13125333333333333,0.2754453333333333,0.0,2.133333333333333e-05,0.0007626666666666668,4.266666666666666e-05,0.047664,2.133333333333333e-05
7708308512,0.121504,0.6829173333333334,0.018122666666666662,0.10639466666666668,0.06989866666666666,0.0,3.2e-05,0.0003413333333333333,2.666666666666667e-05,0.000736,2.666666666666667e-05
7708308682,0.08117333333333332,0.241216,0.10059733333333333,0.06453866666666665,0.371872,2.666666666666667e-05,0.0007093333333333332,0.0002826666666666667,0.00042666666666666667,0.13888,0.0002773333333333333
7708308862,0.0015893333333333337,0.5051306666666666,0.02304,0.016741333333333334,0.447888,0.0,0.0003253333333333333,0.00016533333333333333,5.333333333333334e-06,0.005077333333333333,3.733333333333333e-05
7708309292,0.373968,0.33184,0.0006613333333333333,0.06316266666666667,0.19444266666666668,0.0,0.0005546666666666666,0.03396266666666667,0.00011733333333333333,0.0012906666666666667,0.0
7708309574,0.07168,0.2940373333333333,0.029333333333333333,0.008245333333333332,0.52504,0.000176,0.00056,0.000944,6.933333333333333e-05,0.045434666666666665,0.02448
8155015011,0.12765497076023394,0.2869415204678363,0.04718713450292397,0.3068245614035088,0.02964327485380117,0.00010526315789473683,0.0031403508771929824,0.004678362573099414,0.003567251461988304,0.18666666666666668,0.003590643274853801
8155173557,0.023706896551724137,0.6737413793103448,0.002706896551724138,0.26514367816091955,0.013683908045977012,0.0,0.0008563218390804599,9.195402298850573e-05,0.004235632183908047,0.01560919540229885,0.0002241379310344828
8155174797,0.03776291793313069,0.8488510638297871,0.004765957446808511,0.02975683890577508,0.05544072948328267,0.0019270516717325226,0.0019635258358662614,0.000662613981762918,0.0024620060790273555,0.015617021276595745,0.0007902735562310031
8155178515,0.0542010582010582,0.6116560846560847,0.008756613756613756,0.2200740740740741,0.02735978835978836,0.0020952380952380953,0.00010582010582010582,0.0001798941798941799,0.0,0.02815873015873016,0.047412698412698406
8155179911,0.16550750750750753,0.04996996996996997,0.003141141141141141,0.1852132132132132,0.11345345345345345,4.204204204204204e-05,0.00024024024024024023,6.606606606606607e-05,0.00025225225225225225,0.4811831831831832,0.0009309309309309308
8155183601,0.17524924924924926,0.14291891891891892,0.011105105105105106,0.3230990990990991,0.19112312312312316,2.4024024024024028e-05,0.0005705705705705706,4.204204204204204e-05,0.0001021021021021021,0.15085885885885886,0.004906906906906907
8155184983,0.03009968847352025,0.692809968847352,0.005794392523364486,0.19436760124610591,0.04583177570093457,3.115264797507788e-05,0.0005171339563862929,0.0002118380062305296,0.00025545171339563864,0.02978816199376947,0.0002928348909657321
8155188753,0.24741917808219174,0.32866301369863016,0.010750684931506849,0.15936438356164384,0.01589041095890411,0.0013315068493150685,0.008142465753424658,0.006186301369863013,0.03411506849315068,0.18494246575342466,0.003194520547945205
8155196702,0.027847953216374267,0.4152105263157895,0.003473684210526316,0.2828888888888889,0.22140935672514614,1.7543859649122806e-05,0.0002514619883040936,9.941520467836258e-05,8.187134502923976e-05,0.042923976608187135,0.0057953216374269
8155198192,0.03237837837837838,0.4044324324324324,0.01272072072072072,0.2985225225225225,0.2201261261261261,6.006006006006007e-06,0.00034834834834834833,0.00012612612612612612,5.4054054054054054e-05,0.028120120120120117,0.0031651651651651647
8155205218,0.14332876712328768,0.5339520547945206,0.011164383561643836,0.1608082191780822,0.017554794520547944,0.00018493150684931504,0.0003150684931506849,0.0010342465753424657,0.00018493150684931504,0.13058904109589042,0.0008835616438356164
8155206766,0.176895,0.394125,0.00901,0.10629000000000001,0.0259,7e-05,0.02479,0.00421,5e-05,0.253525,0.005135
8155210366,0.17921428571428571,0.32294047619047617,0.11596428571428573,0.1031845238095238,0.020315476190476186,0.00836309523809524,0.01399404761904762,0.0017857142857142854,0.006571428571428572,0.18069047619047615,0.046976190476190484
8155220516,0.08433633633633633,0.4596756756756757,0.00884084084084084,0.3202282282282283,0.014696696696696697,3.003003003003003e-05,0.00018618618618618615,0.00013213213213213214,6.606606606606607e-05,0.10848048048048048,0.0033273273273273273
8155222822,0.020618279569892477,0.33795161290322573,0.0036182795698924725,0.1455,0.3633387096774193,0.0001827956989247312,0.0017258064516129034,0.00047849462365591396,0.0006075268817204301,0.11772043010752688,0.00825806451612903
8557857521,0.0069813333333333324,0.7095946666666667,0.08314133333333333,0.06088,0.13136533333333333,5.333333333333334e-06,0.0008853333333333332,0.0002773333333333333,1.0666666666666667e-05,0.006378666666666667,0.00048
8557862523,0.11166933333333333,0.357328,0.002901333333333333,0.17666133333333334,0.24993066666666666,5.333333333333333e-05,0.0014933333333333333,0.003429333333333333,8e-05,0.09616,0.0002933333333333333
8557871431,0.545616,0.089504,0.008831999999999998,0.2328106666666667,0.021354666666666668,5.333333333333334e-06,0.0034666666666666665,0.007205333333333334,0.0,0.08814933333333333,0.003056
8557876311,0.07360533333333331,0.030405333333333333,0.009888,0.7649439999999998,0.031456,0.0,0.004885333333333334,0.011626666666666669,5.333333333333334e-06,0.07200533333333334,0.0011786666666666664
8557881025,0.21269866666666667,0.45152,0.0027306666666666673,0.17042666666666667,0.058309333333333324,1.6e-05,0.0024106666666666673,0.005045333333333333,8e-05,0.09663466666666666,0.000128
8557890681,0.61864,0.14657066666666665,0.009626666666666669,0.14354666666666666,0.03949866666666666,0.0,0.006266666666666666,0.008010666666666668,0.00020266666666666667,0.026752,0.0008853333333333332
8557891475,0.10732266666666666,0.517248,0.002602666666666667,0.2762186666666667,0.03783466666666666,5.333333333333334e-06,0.003861333333333333,0.0036693333333333335,6.4e-05,0.050976,0.00019733333333333327
8558970800,0.15357866666666667,0.054848,0.09218666666666665,0.504432,0.011306666666666666,0.0,0.011413333333333331,0.0017173333333333333,0.0,0.17051733333333333,0.0
8558970954,0.47792,0.119344,0.07072533333333332,0.22904,0.009333333333333334,0.0,0.002922666666666667,0.010256,0.00010133333333333332,0.08035733333333332,0.0
8558975538,0.0969653333333333,0.674912,0.014384,0.161232,0.03473066666666667,0.0,0.004522666666666667,0.0030293333333333327,3.2e-05,0.009674666666666666,0.0005173333333333333
8558976032,0.07346133333333332,0.7316266666666666,0.011034666666666668,0.138368,0.03610666666666666,0.0,0.002325333333333333,0.003136,1.0666666666666667e-05,0.0037813333333333327,0.00014933333333333332
8558978104,0.36519466666666667,0.170352,0.0018773333333333333,0.06063466666666668,0.12317333333333333,0.0,0.002272,0.005104,1.0666666666666667e-05,0.2706293333333333,0.0007519999999999998
8558986902,0.2278826666666667,0.27970133333333336,0.0011626666666666669,0.20372266666666666,0.033248,0.0,0.00104,0.009130666666666669,5.333333333333334e-06,0.2440533333333333,5.333333333333333e-05
8558988832,0.10264533333333334,0.39456,0.007093333333333333,0.158176,0.2597866666666667,1.6e-05,0.0018293333333333332,0.00368,0.000304,0.07170666666666667,0.00020266666666666667
8558989306,0.26282666666666665,0.17346666666666666,0.000208,0.19023466666666666,0.014805333333333334,0.0,0.008842666666666667,0.008912,0.0,0.337776,0.002928
8653272913,0.11238066465256798,0.41376435045317217,0.020616314199395767,0.30883987915407857,0.012785498489425982,4.229607250755287e-05,0.00308761329305136,0.00044712990936555887,1.2084592145015104e-05,0.12307552870090635,0.004948640483383686
8653279555,0.2146948640483384,0.21276132930513594,0.0036435045317220545,0.05882175226586104,0.11829607250755288,0.00024773413897280966,0.0013534743202416918,0.0010211480362537764,0.0004894259818731118,0.16762537764350452,0.2210453172205438
8653286717,0.08728700906344411,0.1814501510574018,0.009709969788519636,0.40497280966767374,0.024163141993957703,1.2084592145015104e-05,0.0008459214501510574,0.004894259818731118,0.0022175226586102718,0.19862235649546828,0.08582477341389727
8653288843,0.036126888217522655,0.5763685800604229,0.0216012084592145,0.0793534743202417,0.01566163141993958,6.042296072507552e-06,0.0030151057401812693,0.00030211480362537764,0.0,0.26594561933534744,0.001619335347432024
8653297845,0.34940785498489424,0.1244712990936556,0.07375226586102719,0.10105740181268882,0.019800604229607246,0.0005498489425981874,0.016477341389728097,0.004006042296072507,0.0015528700906344412,0.2984894259818731,0.010435045317220544
8653300067,0.22241087613293048,0.22412688821752266,0.014574018126888218,0.2368580060422961,0.024779456193353474,0.0003383685800604229,0.009365558912386707,0.0023383685800604233,0.0012688821752265859,0.2554441087613293,0.008495468277945619
8653303931,0.09699697885196375,0.3426404833836858,0.03762537764350452,0.3184652567975831,0.01244712990936556,0.0017401812688821751,0.014616314199395773,0.002205438066465257,0.0026465256797583076,0.16732930513595165,0.003287009063444109
8653306711,0.02865256797583082,0.3965498489425982,0.06079154078549849,0.37504531722054374,0.021141993957703928,0.0027613293051359515,0.010084592145015106,0.0014501510574018127,0.0015287009063444108,0.09261027190332324,0.009383685800604228
8654373732,0.08589728096676737,0.3582658610271903,0.051015105740181275,0.2659577039274925,0.1730996978851964,7.250755287009064e-05,0.0010453172205438066,0.00015105740181268882,4.833836858006042e-05,0.03354078549848943,0.03090634441087613
8654383558,0.1688761329305136,0.4638489425981873,0.01791540785498489,0.1386404833836858,0.022205438066465258,0.00017522658610271904,0.010435045317220544,0.0015649546827794561,0.0007552870090634441,0.01994561933534743,0.15563746223564956
8654391386,0.07086404833836857,0.4867069486404834,0.059764350453172216,0.2272567975830816,0.0076072507552870094,7.854984894259818e-05,0.013317220543806648,0.00030211480362537764,4.833836858006042e-05,0.12526888217522658,0.008785498489425982
8654402912,0.19410876132930516,0.33955287009063445,0.02189123867069486,0.15209667673716012,0.08636858006042296,1.2084592145015104e-05,0.005824773413897281,0.0005981873111782477,1.2084592145015104e-05,0.1908821752265861,0.008652567975830814
8654409280,0.13435045317220545,0.12259818731117825,0.0764773413897281,0.4156737160120845,0.05019939577039275,0.0004833836858006042,0.008628398791540785,0.0009305135951661633,0.0010332326283987916,0.06134743202416919,0.12827794561933534
8671077420,0.2297703927492447,0.3711722054380665,0.14338972809667674,0.10609667673716013,0.019897280966767367,0.015570996978851963,0.015111782477341388,0.000688821752265861,4.229607250755287e-05,0.03683987915407855,0.06141993957703928
8671091746,0.009697885196374623,0.3606767371601208,0.0385619335347432,0.2828761329305136,0.030803625377643508,0.0001268882175226586,0.0041450151057401815,0.00021148036253776435,5.4380664652567966e-05,0.07522658610271904,0.19761933534743206
8768427721,0.19493478260869565,0.025157608695652173,3.260869565217391e-05,0.018744565217391304,0.3406358695652174,0.0,0.0,5.978260869565218e-05,0.0,0.4204347826086957,0.0
8768460867,0.3397333333333333,0.004661333333333332,0.0021706666666666667,0.025695999999999997,0.4112213333333333,4.266666666666666e-05,0.000272,0.001424,3.733333333333333e-05,0.211344,0.003397333333333333
8768496841,0.08588266666666665,0.18367466666666668,0.01981333333333333,0.2849813333333333,0.19346133333333332,0.0009013333333333332,0.003408,0.001930666666666667,0.0008053333333333332,0.21422933333333333,0.010912
8768516369,0.177984,0.2794986666666667,0.0034773333333333327,0.19789333333333334,0.11736,0.0,0.00013866666666666666,0.0002293333333333333,5.333333333333334e-06,0.22252800000000003,0.0008853333333333332
8768527097,0.042624,0.387776,0.014256,0.11216,0.3092586666666667,0.0,1.6e-05,6.933333333333333e-05,0.0,0.13205333333333333,0.0017866666666666669
8768539223,0.08546666666666665,0.30689066666666664,0.007536,0.176016,0.22472533333333333,1.6e-05,0.0004533333333333333,0.00304,0.0,0.16911466666666666,0.02674133333333333
8768541971,0.03599466666666667,0.015525333333333334,0.008869333333333333,0.2439466666666667,0.44620266666666664,4.266666666666666e-05,0.00021866666666666668,0.0007733333333333333,0.0,0.20139733333333332,0.047029333333333326
8768546535,0.15901866666666667,0.414144,0.030416,0.13736,0.17428266666666667,0.0,4.8e-05,0.00036266666666666663,0.0,0.075296,0.009072
8773245552,0.08595733333333333,0.0034826666666666665,0.00036266666666666663,0.024506666666666663,0.4953173333333333,0.0,3.2e-05,0.0002933333333333333,0.0,0.38998933333333335,5.8666666666666665e-05
8773280344,0.16606933333333335,0.284736,0.000896,0.050661333333333336,0.38121066666666653,0.0,2.666666666666667e-05,9.6e-05,0.0,0.11584533333333333,0.0004586666666666666
8773283324,0.13188266666666668,0.14766933333333335,0.002032,0.08283733333333332,0.4407466666666667,0.0,3.2e-05,0.00033066666666666666,0.0,0.19229333333333332,0.002176
8773325088,0.17989333333333332,0.19457066666666667,0.0027146666666666673,0.2448586666666667,0.19899733333333333,0.0,0.00013866666666666666,0.0006293333333333333,0.0,0.17795733333333333,0.00024
8773336198,0.03919466666666666,0.3716853333333333,0.0040746666666666665,0.36868266666666666,0.08248,0.0,0.000128,0.00014933333333333332,0.0,0.13307733333333333,0.000528
8773346090,0.164208,0.10407466666666666,0.01962133333333333,0.095488,0.35562666666666665,0.0,3.2e-05,0.00017066666666666668,5.333333333333334e-06,0.25952,0.0012533333333333333
8773360440,0.14621333333333333,0.14296,0.006613333333333333,0.26105066666666665,0.11237333333333334,0.0,0.0010666666666666667,0.0038133333333333335,0.0,0.31776,0.008149333333333333
8978419236,0.09669811320754716,0.29995283018867924,0.2902028301886793,0.026042452830188682,0.1139245283018868,0.005254716981132075,0.002834905660377359,0.0005896226415094339,0.012273584905660377,0.14410377358490567,0.008122641509433962
9099219295,0.13516014234875445,0.06776512455516014,0.0588185053380783,0.416135231316726,0.016604982206405695,0.004832740213523132,0.019772241992882564,0.05037722419928826,0.008035587188612098,0.2135658362989324,0.00893238434163701
9279760637,0.6101764705882353,0.024550802139037438,0.14806951871657753,0.1889251336898396,0.00852941176470588,0.0,0.0021390374331550803,0.0003582887700534759,5.3475935828877e-05,0.017171122994652406,2.67379679144385e-05
9279762379,0.3775657142857143,0.013325714285714286,0.014405714285714287,0.3708057142857143,0.09544571428571427,1.1428571428571427e-05,0.028274285714285717,5.142857142857143e-05,0.0,0.09935428571428573,0.00076
9279767211,0.5350537634408602,0.22314516129032255,0.004311827956989247,0.2028870967741936,0.02685483870967742,0.0,0.001870967741935484,0.00029032258064516127,5.376344086021505e-06,0.005413978494623656,0.00016666666666666666
9279813863,0.4671742627345845,0.24967828418230564,0.00012332439678284179,0.18864343163538874,0.00032171581769437004,0.0,0.00019839142091152812,8.042895442359251e-05,0.0,0.09378016085790884,0.0
9279816157,0.09032,0.38906666666666667,0.350928,0.08985066666666665,0.05782933333333334,0.0004693333333333333,0.010293333333333331,0.00021866666666666668,0.0,0.008533333333333332,0.002490666666666666
9282545690,0.11575466666666667,0.4279893333333333,0.022426666666666668,0.21066666666666667,0.20405333333333334,0.0,0.006096,0.000432,1.0666666666666667e-05,0.012533333333333334,3.733333333333333e-05
9282550652,0.2291236559139785,0.0600268817204301,0.13279569892473114,0.1373010752688172,0.375994623655914,5.913978494623656e-05,0.021516129032258063,0.00010215053763440861,0.0014516129032258063,0.03644086021505377,0.005188172043010753
9282555290,0.38666133333333336,0.18331733333333333,0.013402666666666669,0.272864,0.06764266666666667,1.0666666666666667e-05,0.03324266666666666,5.8666666666666665e-05,0.0,0.041973333333333335,0.0008266666666666666
9282556000,0.269856,0.2620906666666667,0.010208,0.2644746666666667,0.14090133333333332,5.333333333333334e-06,0.01939733333333333,9.6e-05,0.0,0.032656,0.00031466666666666665
9282559098,0.322192,0.32266133333333336,0.0014293333333333332,0.2635786666666667,0.03792,0.0,0.006912,0.0012,0.00011200000000000001,0.043936,5.8666666666666665e-05
9282566668,0.1155614973262032,0.3653957219251337,0.07197326203208557,0.21771657754010693,0.13050267379679145,5.347593582887701e-06,0.009310160427807487,0.0006363636363636364,5.3475935828877e-05,0.08871122994652407,0.00013368983957219252
9282567320,0.2660213333333333,0.36962133333333336,0.00016,0.2535306666666667,0.0002826666666666667,0.0,5.333333333333333e-05,4.266666666666666e-05,0.0,0.11028800000000001,0.0
9282579316,0.102375,0.41675,0.2811195652173913,0.15277717391304346,0.004255434782608696,0.0002880434782608696,0.017625,0.0010489130434782608,0.0001576086956521739,0.01602173913043478,0.007581521739130435
9282584782,0.06663101604278075,0.6094117647058823,0.2076470588235294,0.07232085561497326,0.0006737967914438503,0.00139572192513369,0.02,0.0001818181818181818,0.0,0.017491978609625668,0.004245989304812833
9282586236,0.255648,0.3989973333333333,0.07085333333333334,0.06994133333333333,0.151968,0.00012266666666666668,0.017989333333333333,0.0008213333333333333,2.666666666666667e-05,0.027978666666666662,0.005653333333333333
9838838294,0.13006606606606608,0.21912312312312315,0.230012012012012,0.0803123123123123,0.20538738738738735,0.005087087087087086,0.02130930930930931,0.0002222222222222222,0.00043243243243243243,0.05708708708708709,0.05096096096096096
9838858124,0.16015615615615614,0.09625825825825825,0.19913513513513514,0.3964264264264265,0.08882882882882881,0.0,0.0003903903903903904,0.0011291291291291288,6.006006006006007e-06,0.057093093093093086,0.0005765765765765766
9838887075,0.2733153153153153,0.4683303303303304,0.06837237237237237,0.12228828828828828,0.0511051051051051,0.0005585585585585586,0.0026846846846846845,0.0008948948948948948,7.207207207207206e-05,0.005039039039039039,0.007339339339339339
9838891576,0.1384204204204204,0.10354354354354356,0.12088888888888888,0.5743183183183184,0.040294294294294285,4.204204204204204e-05,0.0014414414414414415,0.0010750750750750753,0.0004864864864864865,0.016558558558558558,0.002930930930930931
9838945473,0.13485885885885887,0.38026426426426413,0.08223423423423422,0.2411831831831832,0.13052852852852853,0.0007507507507507506,0.0007447447447447447,0.0006006006006006006,0.0007267267267267268,0.012384384384384384,0.015723723723723725
9838948093,0.10112312312312312,0.3353273273273273,0.09111111111111113,0.2344444444444445,0.12437837837837837,0.002024024024024024,0.012024024024024024,0.0009129129129129127,0.0035075075075075074,0.06166366366366367,0.033483483483483484
9838952953,0.14117117117117114,0.18484084084084085,0.2410630630630631,0.13633033033033032,0.19023423423423425,0.0034174174174174173,0.014918918918918918,0.00041441441441441434,0.0003123123123123123,0.04395195195195195,0.04334534534534534
9838954383,0.18513513513513516,0.1371111111111111,0.15600600600600598,0.20696096096096092,0.16465465465465465,0.002468468468468469,0.004288288288288289,0.005363363363363363,0.0018258258258258254,0.06252852852852853,0.07365765765765765
9838956473,0.2304204204204204,0.10310510510510512,0.18023423423423424,0.24815015015015016,0.06358558558558558,0.0,0.00024624624624624625,0.0007987987987987989,0.0,0.1726066066066066,0.0008528528528528529
9838958763,0.10544144144144144,0.4455855855855856,0.20462462462462466,0.18600000000000003,0.04126126126126126,0.0012072072072072072,0.005417417417417418,0.0005645645645645644,7.807807807807808e-05,0.004594594594594594,0.005225225225225226
9838965013,0.2768528528528528,0.27017417417417416,0.07137537537537537,0.3393153153153153,0.027075075075075075,1.2012012012012014e-05,0.00024624624624624625,0.0015795795795795794,0.0003423423423423424,0.011765765765765766,0.0012612612612612614
9838968313,0.3187327327327327,0.33236636636636635,0.03616216216216216,0.2655915915915916,0.010972972972972972,0.0,0.00016216216216216215,0.0014294294294294296,0.0002222222222222222,0.034042042042042045,0.0003183183183183183
9838973373,0.22462462462462465,0.5342342342342342,0.0628048048048048,0.08952552552552552,0.049561561561561565,0.0006786786786786785,0.005855855855855856,0.0010870870870870874,0.0003723723723723724,0.01887687687687688,0.012378378378378378
