112242497,0.2487514792899408,0.3950118343195265,0.0161715976331361,0.0412603550295858,0.039662721893491126,0.0,0.0008402366863905325,0.03802366863905325,3.550295857988165e-05,0.2199171597633136,0.00032544378698224854
112242501,0.12884939759036146,0.058325301204819276,0.05703012048192771,0.3722590361445784,0.012548192771084337,0.00013253012048192772,0.09716265060240965,0.14656024096385542,3.012048192771084e-05,0.12639156626506026,0.0007108433734939759
112243180,0.09070414201183433,0.15723668639053254,0.04167455621301775,0.3666153846153847,0.039568047337278096,0.000378698224852071,0.0507810650887574,0.13401183431952662,0.002757396449704142,0.11611242603550295,0.00015976331360946746
112243571,0.4626213017751479,0.2533372781065089,0.017420118343195266,0.14820118343195265,0.006585798816568047,7.692307692307693e-05,0.0022662721893491125,0.07097633136094675,0.0009289940828402367,0.03720118343195266,0.0003846153846153846
112243572,0.11762700964630225,0.2963086816720257,0.3572154340836013,0.02651446945337621,0.010244372990353698,1.2861736334405146e-05,0.0046816720257234715,0.058,0.0003086816720257235,0.128983922829582,0.00010289389067524117
112243575,0.4567138263665594,0.2505273311897106,0.002077170418006431,0.002533762057877813,0.07567202572347267,0.0,1.2861736334405146e-05,0.0012154340836012859,0.0,0.2112411575562701,6.430868167202573e-06
112244038,0.086023598820059,0.3048613569321533,0.2334749262536873,0.13225368731563422,0.018106194690265486,0.001663716814159292,0.0780825958702065,0.05171681415929204,0.00010619469026548672,0.09019469026548672,0.0035162241887905605
112244042,0.14770501474926254,0.1351622418879056,0.1352566371681416,0.13638348082595866,0.20521533923303836,0.0006548672566371682,0.04752802359882006,0.03668436578171092,0.00012979351032448377,0.13486725663716814,0.020412979351032447
112244446,0.16811834319526628,0.3001715976331361,0.1294378698224852,0.09889940828402367,0.14959171597633136,8.284023668639054e-05,0.007011834319526627,0.004692307692307693,1.7751479289940825e-05,0.025562130177514797,0.11641420118343195
112244447,0.06959763313609467,0.2635207100591716,0.3101360946745563,0.1355207100591716,0.05115384615384616,0.0006035502958579882,0.09092307692307693,0.028852071005917163,8.875739644970412e-05,0.04560946745562129,0.003994082840236687
112244448,0.3149047619047619,0.3469047619047619,0.029190476190476187,0.06795238095238096,0.04838690476190476,1.785714285714286e-05,0.00225,0.04128571428571429,1.1904761904761905e-05,0.1484940476190476,0.0006011904761904762
112244851,0.17626190476190476,0.15185119047619047,0.035386904761904765,0.3284583333333333,0.11966071428571427,0.0001607142857142857,0.046910714285714285,0.0702202380952381,0.0,0.06910714285714285,0.001982142857142857
112244853,0.3163382789317508,0.3540059347181009,0.06253412462908013,0.003459940652818991,0.003525222551928783,0.0,0.00013649851632047474,0.01392878338278932,0.0,0.2459821958456973,8.902077151335312e-05
1799241762,0.10073273273273273,0.3404924924924925,0.051771771771771766,0.10704504504504504,0.17672072072072073,0.0,0.011003003003003005,0.00022822822822822822,7.207207207207206e-05,0.11546546546546545,0.09646846846846847
1799274620,0.18153753753753754,0.0075375375375375375,0.047471471471471474,0.3623483483483483,0.15727327327327328,0.0,0.0004864864864864865,0.00033033033033033035,6.006006006006007e-06,0.243003003003003,6.006006006006007e-06
1811502245,0.02278678678678679,0.15145345345345346,0.10812612612612613,0.13785585585585586,0.03907507507507507,0.00017417417417417416,0.01556156156156156,0.00012612612612612612,0.0005465465465465466,0.2463843843843844,0.27790990990990994
1811502361,0.02058258258258258,0.5264504504504505,0.09490690690690692,0.10073873873873876,0.09526126126126126,3.003003003003003e-05,0.014672672672672672,2.4024024024024028e-05,7.807807807807808e-05,0.10992792792792792,0.037327327327327325
1811503423,0.06013213213213212,0.22457657657657654,0.10938138138138137,0.3404384384384385,0.03537537537537538,0.00012012012012012012,0.02783783783783784,7.807807807807808e-05,7.807807807807808e-05,0.20085285285285284,0.0011291291291291288
1811503757,0.0590930930930931,0.32925525525525523,0.0755975975975976,0.31276876876876875,0.03407207207207207,6.006006006006007e-06,0.02342942942942943,2.4024024024024028e-05,0.00011411411411411411,0.16547147147147148,0.00016816816816816817
1812346070,0.019219219219219215,0.4344804804804805,0.04165765765765766,0.3167627627627628,0.06691891891891892,6.006006006006007e-06,0.01713513513513514,6.006006006006007e-06,6.006006006006007e-06,0.10166366366366368,0.0021441441441441447
1812346226,0.029381381381381383,0.30855855855855857,0.03493093093093092,0.38816216216216215,0.08084684684684686,6.006006006006007e-06,0.012354354354354356,1.2012012012012014e-05,2.4024024024024028e-05,0.14103903903903905,0.004684684684684685
1812346442,0.020084084084084085,1.8018018018018016e-05,0.34535135135135137,0.06587987987987988,0.20293093093093093,1.2012012012012014e-05,0.011495495495495495,0.0,0.0,0.14022822822822822,0.214
1812346600,0.0009969969969969969,0.0,0.2672912912912913,0.3592912912912913,0.016282282282282283,0.0,0.012768768768768769,0.0,0.0,0.16924324324324325,0.17412612612612613
1812346810,0.00019819819819819816,1.8018018018018016e-05,0.34345945945945944,0.2828288288288288,0.0732972972972973,0.00034834834834834833,0.005597597597597597,0.0,0.0,0.20151951951951952,0.09273273273273272
1812347970,0.15056456456456455,0.038564564564564564,0.0672012012012012,0.35099699699699694,0.12706306306306306,0.0,0.0017177177177177176,4.204204204204204e-05,6.006006006006007e-06,0.2637957957957959,4.8048048048048055e-05
1812348124,0.3311711711711712,0.012756756756756756,0.005363363363363363,0.33306306306306305,0.20906306306306308,0.0,0.0015375375375375375,0.0005885885885885886,6.006006006006006e-05,0.10636036036036037,3.603603603603604e-05
1812348642,0.4115015015015015,0.32368168168168165,0.0015795795795795794,0.07335735735735736,0.09728528528528528,0.0,0.0003363363363363364,3.003003003003003e-05,0.0,0.09222822822822822,0.0
193788469,0.019226666666666663,0.56528,0.026693333333333333,0.2682453333333333,0.028192,2.133333333333333e-05,0.012090666666666666,0.0009066666666666666,0.0003413333333333333,0.078928,7.466666666666666e-05
193788811,0.020522666666666668,0.492352,0.027472000000000003,0.29546666666666666,0.007536,9.6e-05,0.01957333333333333,0.0013333333333333333,0.0007413333333333333,0.134848,5.8666666666666665e-05
193789218,0.010176,0.30689066666666664,0.07695466666666667,0.4945226666666666,0.009488000000000002,0.00072,0.02887466666666667,0.002736,0.0013386666666666664,0.06735466666666666,0.000944
193789678,0.03674133333333333,0.19060266666666667,0.08408,0.3033226666666667,0.23062399999999997,6.933333333333333e-05,0.07457066666666666,0.005114666666666666,0.0064586666666666655,0.068064,0.000352
193790888,0.019952,0.3059306666666667,0.237952,0.041829333333333336,0.339664,0.0,0.015263999999999998,0.00024,0.00016,0.029322666666666667,0.009685333333333334
193791308,0.03942933333333333,0.367056,0.05376,0.142768,0.381296,0.0,0.000304,0.0002453333333333333,5.333333333333334e-06,0.014976,0.00016
193791736,0.016192,0.27554666666666666,0.13575466666666666,0.069072,0.4516906666666666,0.0,0.004656,0.000208,7.466666666666666e-05,0.0444,0.0024053333333333327
193792167,0.010437333333333331,0.31561066666666665,0.04692266666666666,0.08036266666666665,0.479776,0.0,0.00568,4.266666666666666e-05,2.133333333333333e-05,0.05922666666666665,0.0019199999999999998
193792888,0.008352,0.299968,0.045349333333333325,0.06649066666666667,0.4744,0.0,0.004864,7.466666666666666e-05,1.0666666666666667e-05,0.09784533333333334,0.002645333333333333
193794600,0.015968,0.21915733333333332,0.04730666666666666,0.6285333333333334,0.007018666666666667,0.00011200000000000001,0.024986666666666667,0.0066613333333333325,0.0012586666666666664,0.04780266666666666,0.0011946666666666664
193794990,0.012112000000000001,0.2515786666666667,0.17413866666666666,0.42152,0.006117333333333333,4.266666666666666e-05,0.050629333333333325,0.005893333333333335,0.003616,0.07398933333333335,0.00036266666666666663
193797926,0.05802666666666665,0.2622293333333333,0.003776,0.6659893333333333,0.005402666666666666,0.0,4.266666666666666e-05,0.004032,6.4e-05,0.00043733333333333336,0.0
193802181,0.065472,0.20644266666666666,0.019642666666666662,0.427936,0.16968533333333333,0.0,0.001557333333333333,0.0018826666666666664,3.733333333333333e-05,0.107344,0.0
1944634552,0.195296,0.0002773333333333333,0.342224,0.253808,0.17781866666666668,0.0,0.0006986666666666666,0.00013333333333333334,2.666666666666667e-05,0.02587733333333333,0.00384
1944634590,0.14725333333333335,0.08439466666666667,0.23183466666666666,0.12773333333333334,0.2307733333333333,0.0,0.0013173333333333331,0.00042666666666666667,3.2e-05,0.16568,0.010554666666666669
195133578,0.011264,0.4815093333333333,0.013978666666666669,0.134016,0.329872,0.0,0.003605333333333333,0.00012266666666666668,1.6e-05,0.02528,0.000336
195152065,0.13733866666666664,0.18145066666666668,0.006501333333333333,0.6112266666666667,0.003557333333333333,0.0,0.005162666666666667,0.008448,1.0666666666666667e-05,0.046304,0.0
1954857953,0.4563946666666666,6.933333333333333e-05,0.059909333333333335,0.09136533333333334,0.3367253333333333,0.0,0.003370666666666667,0.000432,0.000128,0.040325333333333324,0.01128
1954857979,0.22964266666666666,3.2e-05,0.10486400000000001,0.12876266666666664,0.40509333333333336,0.0,0.00544,0.000496,2.666666666666667e-05,0.10509866666666667,0.020544
1954858007,0.045376,1.0666666666666667e-05,0.07302933333333332,0.020992,0.7988586666666667,5.333333333333334e-06,0.00031466666666666665,3.733333333333333e-05,3.733333333333333e-05,0.01864533333333333,0.042693333333333326
1954858039,0.06194666666666665,5.333333333333334e-06,0.07928,0.02773866666666666,0.6609333333333334,5.333333333333334e-06,0.000416,4.266666666666666e-05,0.0,0.05106133333333333,0.11857066666666667
1954858057,0.20445866666666668,5.333333333333334e-06,0.20229866666666665,0.010976,0.385344,2.666666666666667e-05,0.0007306666666666666,0.00010133333333333332,6.933333333333333e-05,0.037232,0.15875733333333333
1954858119,0.429168,5.333333333333334e-06,0.198448,0.004469333333333333,0.2815146666666667,0.0,8e-05,7.466666666666666e-05,9.6e-05,0.0010293333333333333,0.08511466666666667
1955158215,0.5901866666666666,0.102288,0.05690666666666666,0.065504,0.12128533333333333,0.0,0.0006826666666666667,0.0014346666666666668,5.8666666666666665e-05,0.055989333333333335,0.005664
1955158259,0.7012373333333334,0.007162666666666667,0.036234666666666665,0.056154666666666665,0.10450666666666666,0.0,0.001088,0.003328,0.000128,0.08760533333333331,0.0025546666666666665
1955829324,0.429168,5.333333333333334e-06,0.198448,0.004469333333333333,0.2815146666666667,0.0,8e-05,7.466666666666666e-05,9.6e-05,0.0010293333333333333,0.08511466666666667
1955829430,0.3391733333333333,0.0014880000000000002,0.298464,0.11695466666666668,0.18388266666666667,2.666666666666667e-05,0.00010666666666666668,0.00032,0.00011200000000000001,0.01896,0.040512
1956115780,0.5224906666666665,0.00013333333333333334,0.042453333333333336,0.02165333333333333,0.36849066666666663,2.666666666666667e-05,0.0009813333333333334,0.001024,0.000496,0.006773333333333334,0.03547733333333333
1956115826,0.065472,2.133333333333333e-05,0.5028853333333333,0.007493333333333333,0.3545546666666667,0.000176,0.0008053333333333332,0.00018133333333333331,0.00032,0.004730666666666666,0.06336
1956115854,0.055904,0.0004586666666666666,0.20618666666666666,0.017728,0.5780053333333334,2.666666666666667e-05,0.0005973333333333333,0.00012266666666666668,6.933333333333333e-05,0.037669333333333326,0.10323199999999999
2232146012,0.13213213213213212,0.019375375375375373,0.048474474474474484,0.18265465465465466,0.06658258258258258,0.0,0.0005105105105105105,0.0014834834834834836,0.00012012012012012012,0.40626426426426426,0.1424024024024024
2293092517,0.20876266666666668,0.170336,0.012677333333333334,0.341344,0.09593066666666665,0.0,0.000912,0.011359999999999999,1.0666666666666667e-05,0.158576,9.066666666666667e-05
2293879588,0.30536,0.106368,0.065312,0.230064,0.14719466666666667,3.733333333333333e-05,0.018858666666666662,0.012602666666666668,0.0007733333333333333,0.10808,0.005349333333333334
2391990493,0.05666066066066066,0.4396576576576576,0.04381381381381382,0.2426606606606607,0.09117717717717715,0.0,0.011081081081081079,0.0035795795795795795,8.408408408408409e-05,0.10885285285285286,0.0024324324324324323
2391991895,0.148018018018018,0.4593213213213213,0.07631231231231232,0.14272672672672673,0.0755975975975976,0.0,0.0009009009009009008,0.0025585585585585586,8.408408408408409e-05,0.07427027027027025,0.02021021021021021
2392001617,0.12828228228228228,0.3717057057057057,0.2003843843843844,0.12175975975975975,0.004588588588588589,1.8018018018018016e-05,0.008138138138138138,0.0003423423423423424,0.00043243243243243243,0.16417417417417418,0.00017417417417417416
2392005615,0.17401201201201202,0.11868468468468467,0.17972372372372372,0.2002162162162162,0.21396996996997,6.006006006006007e-06,0.003783783783783784,0.004054054054054054,0.0005885885885885886,0.08753153153153154,0.01742942942942943
2392006703,0.15697297297297294,0.4511471471471472,0.02012012012012012,0.19102102102102106,0.02007207207207207,6.006006006006007e-06,0.005945945945945946,0.0003903903903903904,0.0,0.15297897897897894,0.0013453453453453456
2392010919,0.2092716049382716,0.4410555555555555,0.03126543209876542,0.16839506172839505,0.06387037037037037,6.172839506172838e-06,0.007598765432098766,0.0023950617283950613,0.00010493827160493828,0.07557407407407406,0.000462962962962963
2392036795,0.3762338461538461,0.0001353846153846154,0.10788923076923077,0.5019876923076924,0.010356923076923076,0.0,0.00021538461538461536,0.001876923076923077,0.0007015384615384617,0.0006030769230769232,0.0
2392820298,0.146006006006006,0.353975975975976,0.08419819819819818,0.2076936936936937,0.09151351351351353,0.0,0.008378378378378378,0.0012792792792792793,0.00013213213213213214,0.08694294294294296,0.01987987987987988
2392821786,0.15373053892215569,0.0214251497005988,0.050107784431137725,0.6214970059880239,0.013203592814371258,1.7964071856287423e-05,0.010023952095808385,0.0005628742514970059,2.3952095808383234e-05,0.12876646706586825,0.0006407185628742515
2392826064,0.08197411003236246,0.16761812297734627,0.3617864077669903,0.12176051779935275,0.1193074433656958,3.883495145631068e-05,0.01050485436893204,0.0030097087378640774,0.000634304207119741,0.12588996763754046,0.007475728155339806
2392827886,0.17733933933933935,0.026618618618618615,0.14290690690690694,0.0706066066066066,0.5166906906906907,2.4024024024024028e-05,0.0036156156156156158,0.0015135135135135136,0.00024024024024024023,0.03121321321321321,0.029231231231231232
2392830330,0.053177177177177175,0.0059279279279279284,0.3236216216216216,0.08356756756756756,0.4313813813813813,9.009009009009008e-05,0.0060780780780780785,0.0009489489489489488,0.0007267267267267268,0.05345945945945946,0.04102102102102102
2392833234,0.12731325301204818,0.0002710843373493976,0.5020120481927711,0.15864457831325302,0.06586144578313254,0.0031506024096385546,0.023012048192771084,8.433734939759034e-05,0.001072289156626506,0.07410240963855422,0.04447590361445783
2392835042,0.002676156583629893,0.0,0.892576512455516,6.405693950177936e-05,0.0008612099644128114,0.028861209964412805,5.6939501779359435e-05,0.0,0.015103202846975087,0.0,0.05980071174377225
2392835410,0.013382165605095541,0.01789171974522293,0.1338343949044586,0.4129808917197452,0.3721592356687897,0.0,0.0009426751592356687,3.821656050955414e-05,0.00041401273885350323,0.047821656050955404,0.0005350318471337579
2399262243,0.06717447916666665,0.4557942708333334,0.0,0.2914973958333333,0.00013020833333333333,0.0,0.0006901041666666666,7.8125e-05,0.0,0.18463541666666666,0.0
2778834633,0.10429866666666666,0.19376533333333332,0.326656,0.181296,0.11438399999999999,0.0,1.0666666666666667e-05,8.533333333333334e-05,0.0,0.079504,0.0
2778840281,0.02378133333333333,0.193552,0.021514666666666668,0.3130186666666667,0.3018186666666667,0.0,0.00023466666666666666,6.4e-05,0.0005173333333333333,0.145456,4.266666666666666e-05
2778848263,0.003429333333333333,0.00014933333333333332,0.8155253333333333,0.024656,0.0052106666666666655,0.003909333333333333,0.013541333333333334,0.00013333333333333334,0.0009546666666666668,0.034101333333333324,0.09838933333333333
2778861397,0.20875733333333327,0.06089066666666666,0.10909866666666666,0.13081066666666666,0.3292213333333333,0.00019733333333333327,0.005152,0.0026826666666666665,0.0,0.08082133333333331,0.072368
2778867583,0.043333333333333335,0.17037866666666668,0.085856,0.175392,0.319008,5.333333333333334e-06,0.02306133333333333,0.003909333333333333,5.333333333333334e-06,0.162432,0.01661866666666667
2778870073,0.08341333333333335,0.24777600000000002,0.02563733333333333,0.53864,0.062496,0.0,0.006501333333333333,0.003242666666666667,3.2e-05,0.031968,0.0002933333333333333
2778877037,0.08495466666666665,0.008442666666666666,0.015301333333333332,0.55288,0.197888,0.0,0.004298666666666667,0.004352,0.0,0.126288,0.005594666666666667
2779695912,0.070144,0.0022026666666666666,0.07603733333333333,0.41512533333333335,0.22714666666666666,0.0,0.0028533333333333327,0.00144,0.00018666666666666666,0.20471466666666666,0.00014933333333333332
2779697228,0.20093333333333327,0.051136,0.124608,0.334944,0.16149866666666668,1.6e-05,0.005754666666666666,0.0038986666666666666,6.933333333333333e-05,0.11589866666666665,0.0012426666666666669
2779698826,0.06604266666666667,0.006266666666666666,0.4350933333333333,0.05778133333333332,0.028752,0.0,0.0010826666666666669,7.466666666666666e-05,0.0,0.404096,0.0008106666666666666
2779701876,0.01950933333333333,1.6e-05,0.238832,0.19621866666666668,0.43700266666666665,0.000448,0.010362666666666666,0.0017866666666666669,0.000128,0.024832,0.070864
2779716348,0.05320533333333333,0.3047573333333333,0.09701866666666667,0.187456,0.2592586666666667,5.333333333333333e-05,0.014229333333333332,0.002629333333333333,0.00072,0.06513066666666667,0.015541333333333334
2779729550,0.11050133333333333,0.020048,0.014501333333333331,0.3730453333333333,0.243328,0.0,0.01645866666666667,0.005104,8e-05,0.21334933333333334,0.003584
2779738426,0.2419413333333333,0.184832,0.03295466666666667,0.4832106666666666,0.046112,0.0,0.002656,0.0018186666666666663,8.533333333333334e-05,0.006282666666666666,0.00010666666666666668
2779740694,0.083872,0.27542933333333336,0.08005866666666665,0.401392,0.08422933333333332,0.000192,0.018330666666666662,0.0008853333333333332,0.0009333333333333332,0.05427733333333333,0.0004
3307350379,0.4614933333333333,0.13896,0.021936,0.3075466666666667,0.053696,0.0,0.000432,0.002208,0.0,0.013685333333333334,4.266666666666666e-05
3307567251,0.01845333333333333,0.410608,0.054741333333333336,0.179136,0.026005333333333328,0.0,0.0017813333333333331,5.8666666666666665e-05,5.333333333333334e-06,0.30768,0.0015306666666666667
3308185446,0.21477333333333332,0.48896,0.012223999999999999,0.26110933333333336,0.018794666666666668,5.333333333333334e-06,1.0666666666666667e-05,0.003109333333333333,3.2e-05,0.0009706666666666666,1.0666666666666667e-05
3308439478,0.067296,0.19933866666666664,0.09018666666666665,0.443312,0.058533333333333326,0.0,0.003909333333333333,0.0007626666666666668,2.666666666666667e-05,0.13141333333333333,0.005221333333333333
3308441962,0.05527466666666666,0.371104,0.14731733333333333,0.220352,0.042325333333333326,0.0,0.011888,0.0012586666666666664,4.266666666666666e-05,0.13460266666666668,0.015834666666666667
3309785881,0.046992,0.19525333333333333,0.18586666666666668,0.161792,0.11450666666666667,0.0,0.0007626666666666668,0.0022026666666666666,0.0017013333333333331,0.228448,0.06247466666666665
3309818987,0.08941866666666666,0.0016746666666666668,0.150832,0.35191466666666665,0.17851199999999998,0.0,0.002976,0.0005173333333333333,1.0666666666666667e-05,0.21415466666666666,0.009989333333333331
3309860357,0.2856586666666667,0.11882666666666665,0.06300266666666667,0.30533866666666665,0.123968,0.0,0.0007413333333333333,0.007189333333333333,0.000592,0.09468266666666665,0.0
3309873475,0.16667733333333334,0.014885333333333334,0.12286933333333333,0.2404426666666667,0.22083733333333333,1.6e-05,0.0011733333333333333,0.012330666666666669,7.466666666666666e-05,0.21255466666666667,0.008138666666666667
3309896949,0.14725866666666668,0.16262933333333332,0.25616,0.315456,0.040949333333333324,0.0,5.333333333333334e-06,0.002272,0.00016533333333333333,0.075024,8e-05
3309898393,0.15201066666666666,0.022784,0.13413333333333333,0.374352,0.08083733333333333,0.00016533333333333333,0.006874666666666665,0.007381333333333333,0.00011200000000000001,0.20568533333333333,0.015664
3310625824,0.3570346666666667,0.07195733333333333,0.07630933333333334,0.18248533333333333,0.16789866666666667,0.0,0.00017066666666666668,0.002629333333333333,6.4e-05,0.14138133333333333,6.933333333333333e-05
3310629850,0.3275893333333333,0.07198933333333334,0.014981333333333331,0.4665706666666666,0.044405333333333324,0.0,0.00041066666666666666,0.004496,0.0,0.06950933333333334,4.8e-05
3317132243,0.2657866666666667,0.280144,0.046768,0.17818133333333333,0.07585066666666665,5.333333333333334e-06,0.006117333333333333,0.009045333333333334,0.00010666666666666668,0.12810666666666667,0.009888
3317145289,0.335536,0.254256,0.004186666666666667,0.27703466666666665,0.075488,0.0,0.00010133333333333332,0.004938666666666666,0.0,0.048437333333333325,2.133333333333333e-05
3345798108,0.1875075075075075,0.003057057057057057,0.20764564564564564,0.38271471471471463,0.12413213213213213,0.0002222222222222222,0.00723123123123123,0.002,0.0010750750750750753,0.03561561561561562,0.0487987987987988
3392225125,0.032772058823529404,0.4019852941176471,0.2292867647058824,0.1185220588235294,0.050926470588235295,0.00011029411764705884,0.0067720588235294105,0.00020588235294117648,8.088235294117646e-05,0.06459558823529411,0.09474264705882354
3392228585,0.191243553008596,0.0008538681948424069,0.025398280802292263,0.6236332378223496,0.00433810888252149,5.730659025787965e-06,0.008137535816618913,0.000997134670487106,2.2922636103151864e-05,0.1445214899713467,0.0008481375358166188
3393035860,0.190320819112628,0.17395904436860068,0.19307849829351534,0.19715358361774746,0.007549488054607506,0.022498293515358363,0.0048873720136518774,0.000750853242320819,2.0477815699658705e-05,0.2017679180887372,0.008013651877133106
3393037264,0.02115172413793104,0.4142620689655173,0.1300896551724138,0.2377379310344828,0.019282758620689656,0.0,0.01836551724137931,0.0007517241379310346,8.275862068965517e-05,0.15786206896551724,0.0004137931034482759
3393038960,0.07509022556390978,0.37130827067669175,0.14525563909774436,0.22505263157894734,0.04020300751879699,0.00027819548872180447,0.004082706766917293,0.00010526315789473683,1.5037593984962406e-05,0.08829323308270676,0.05031578947368421
3393040676,0.21095918367346936,0.004476190476190477,0.012312925170068028,0.6006190476190476,0.01023809523809524,6.122448979591838e-05,0.016510204081632653,0.003217687074829932,4.081632653061225e-05,0.141156462585034,0.00040816326530612246
3396193652,0.08609059233449476,0.33390243902439026,0.28093379790940765,0.1603205574912892,0.02219512195121951,0.0002299651567944251,0.0130801393728223,0.00032752613240418123,0.00010452961672473869,0.026285714285714287,0.07652961672473868
3396194692,0.1154054054054054,0.3248738738738739,0.07780180180180178,0.3749189189189189,0.007900900900900901,9.009009009009008e-06,0.007675675675675677,0.0027027027027027033,0.00012612612612612612,0.08843243243243241,0.00015315315315315314
3397107719,0.05529337539432177,0.04882018927444795,0.36806309148264976,0.390365930599369,0.013627760252365931,0.00029022082018927446,0.020466876971608837,0.005350157728706625,0.013343848580441641,0.08410094637223976,0.000277602523659306
3400132921,0.11022222222222222,6.006006006006006e-05,0.494960960960961,0.06519519519519519,0.004426426426426426,0.0,0.0004504504504504505,3.603603603603604e-05,0.0001021021021021021,0.3245225225225225,2.4024024024024028e-05
3400934744,0.1492072072072072,3.003003003003003e-05,0.013957957957957958,0.7966726726726726,0.0010630630630630632,0.0026306306306306307,0.0017357357357357358,8.408408408408409e-05,4.8048048048048055e-05,0.03455255255255256,1.8018018018018016e-05
3400936016,0.19899099099099096,8.408408408408409e-05,0.012972972972972972,0.6541141141141141,0.0015255255255255257,0.0,0.004516516516516515,0.00019819819819819816,1.8018018018018016e-05,0.12754354354354355,3.603603603603604e-05
3400936956,0.02607807807807808,0.018378378378378375,0.41178978978978975,0.13351351351351354,0.013843843843843844,0.00043843843843843837,0.00587987987987988,0.00033033033033033035,0.00033033033033033035,0.38544744744744747,0.003969969969969969
3400937564,0.06012012012012013,0.025213213213213213,0.5814654654654655,0.10696096096096096,0.036324324324324316,0.0015375375375375375,0.016156156156156155,0.00013213213213213214,0.00045645645645645645,0.15993393393393393,0.0116996996996997
3400939280,0.01343421052631579,0.0,0.7784671052631578,0.022421052631578942,0.007684210526315789,0.05673684210526316,0.016921052631578948,0.0,0.0020592105263157892,0.011861842105263158,0.09041447368421053
3434353579,0.5984906666666666,0.028442666666666668,0.019498666666666668,0.044613333333333324,0.12608,0.000544,0.0004906666666666667,0.002357333333333333,1.6e-05,0.17009066666666667,0.009376
3434356807,0.02382933333333333,0.11588266666666665,0.008282666666666667,0.07671999999999998,0.691328,0.0002293333333333333,0.010986666666666669,0.008176,0.000768,0.032064,0.031733333333333336
3434358453,0.278544,0.06466666666666665,0.2520533333333333,0.19693333333333327,0.11995733333333332,0.0015893333333333337,0.015904,0.009093333333333332,0.007701333333333333,0.051669333333333324,0.001888
3434361581,0.2690826666666667,0.056245333333333335,0.035488,0.252272,0.30450666666666665,0.00011200000000000001,0.004912,0.01208,0.0004,0.05819733333333332,0.006704
3434567667,0.16862933333333333,0.025418666666666662,0.12202666666666667,0.393104,0.174624,3.2e-05,0.016592,0.023136,0.0005493333333333333,0.068608,0.00728
3435151964,0.3483253333333333,0.01696,0.171648,0.145584,0.18060266666666666,0.0004053333333333333,0.01637333333333333,0.010058666666666669,0.001328,0.103456,0.005258666666666666
3435154794,0.11592533333333335,0.0068533333333333345,0.01804266666666666,0.026112,0.429776,0.0011786666666666664,0.004304,0.0075893333333333325,0.002474666666666667,0.3605973333333333,0.027146666666666663
3435157084,0.28096,0.15253866666666666,0.075424,0.09368533333333333,0.2281546666666667,0.005381333333333334,0.008602666666666666,0.008133333333333331,0.001104,0.137072,0.008944
3435368358,0.25844266666666665,0.04870933333333333,0.16150933333333334,0.292128,0.09046933333333332,6.933333333333333e-05,0.011861333333333331,0.026794666666666668,0.001072,0.10618133333333334,0.002762666666666667
3435446916,0.15748266666666666,0.3689653333333333,0.013018666666666666,0.07431466666666665,0.3620213333333333,0.0,0.0011946666666666664,0.002496,3.733333333333333e-05,0.017904,0.0025653333333333327
3435556260,0.26239466666666666,0.29103466666666666,0.025824,0.264384,0.10222933333333334,0.0,0.000304,0.0088,8e-05,0.04489066666666666,5.8666666666666665e-05
3435585816,0.23696,0.12458666666666668,0.025936,0.13253866666666667,0.2427466666666667,5.333333333333334e-06,0.007573333333333333,0.015850666666666666,0.00016533333333333333,0.20061866666666667,0.013018666666666666
3435588820,0.19212266666666666,0.16384533333333334,0.03072,0.2438613333333333,0.118448,0.0,0.000144,0.006106666666666666,1.0666666666666667e-05,0.2447413333333333,0.0
4598224965,0.027405405405405404,0.2555735735735736,0.18004204204204205,0.2498798798798799,0.08978378378378378,1.2012012012012014e-05,0.0013813813813813814,0.0041441441441441434,0.0003363363363363364,0.190012012012012,0.0014294294294294296
4598238923,0.023297124600638975,0.0,0.4906198083067093,0.3464920127795527,5.750798722044729e-05,0.0,0.0025367412140575077,0.0,0.0,0.13699680511182108,0.0
4598239599,0.6336764705882353,0.0,0.0,0.33813529411764703,0.0,0.0,0.0,0.0,0.0,0.02818823529411765,0.0
4598243005,0.12117717717717714,0.03123123123123123,0.09759159159159159,0.5420660660660661,0.041459459459459454,6.006006006006007e-06,0.07613213213213213,0.014102102102102103,0.0004024024024024024,0.07497897897897897,0.0008528528528528529
4598244365,0.15150641025641026,0.03173717948717949,0.08871794871794872,0.4075705128205128,0.20706410256410254,0.00016666666666666666,0.01441025641025641,0.015371794871794872,0.0005064102564102564,0.07825641025641025,0.004692307692307693
4598246565,0.11453453453453455,0.17611411411411412,0.2285165165165165,0.31687087087087085,0.032174174174174175,0.0,0.0042342342342342335,0.0014534534534534536,0.00012012012012012012,0.11323723723723725,0.012744744744744746
4598250239,0.4257674418604651,0.0,0.0,0.5416162790697674,0.0,0.0,0.0,0.0,0.0,0.03261627906976744,0.0
4598254147,0.2456463768115942,0.15012173913043478,0.16509565217391306,0.3661333333333333,0.010110144927536232,4.63768115942029e-05,0.013431884057971015,0.002440579710144928,0.00028985507246376805,0.045484057971014485,0.0012
4598255209,0.03882282282282282,0.12828828828828828,0.31937537537537536,0.3202702702702703,0.08215015015015015,0.0,0.007753753753753755,0.00042042042042042044,0.0,0.07974774774774775,0.02317117117117117
4598256659,0.2848708708708709,0.0,0.0,0.7001801801801801,0.0,0.0,0.0,0.0,0.0,0.014948948948948947,0.0
4598842622,0.09899699699699699,0.14022822822822822,0.18434234234234234,0.3293513513513513,0.04174774774774775,0.0,0.0021741741741741747,0.00557957957957958,2.4024024024024028e-05,0.1974114114114114,0.00014414414414414415
4598845104,0.053659217877094975,0.0,0.015854748603351954,0.8410782122905027,0.0134804469273743,0.0,5.58659217877095e-06,0.0,0.0,0.0759217877094972,0.0
4598846818,0.02203003003003003,0.10702102102102104,0.2694354354354354,0.2103723723723724,0.08524324324324324,0.00019819819819819816,0.0042042042042042035,0.004642642642642642,3.603603603603604e-05,0.17508108108108109,0.12173573573573572
4598848520,0.42075520833333335,0.0,0.0,0.5708958333333334,0.0,0.0,0.0,0.0,0.0,0.008348958333333333,0.0
4598859698,0.04918318318318318,0.1612972972972973,0.2909309309309309,0.20802402402402406,0.05381381381381382,0.0,0.009675675675675677,0.007567567567567566,0.00017417417417417416,0.2144024024024024,0.004930930930930931
4745749035,0.20888288288288287,0.051279279279279284,0.2940600600600601,0.13512912912912914,0.08588588588588589,5.4054054054054054e-05,0.0013213213213213214,0.0005525525525525524,9.009009009009008e-05,0.22222822822822824,0.0005165165165165165
4745763089,0.14015015015015014,0.0149009009009009,0.017789789789789786,0.1483063063063063,0.5540480480480481,3.003003003003003e-05,0.008786786786786786,0.002612612612612613,0.00025225225225225225,0.0727927927927928,0.04033033033033033
4745768037,0.2468610354223433,0.06346049046321525,0.15720980926430514,0.02367302452316076,0.2027792915531335,0.0811934604904632,0.016239782016348774,0.01171117166212534,0.08895912806539509,0.03202179836512262,0.07589100817438692
4745825323,0.2183603603603604,0.5313453453453454,0.007873873873873874,0.019327327327327327,0.00712912912912913,0.008156156156156159,0.017129129129129127,0.17213213213213213,0.004498498498498499,0.005135135135135135,0.008912912912912912
4745834327,0.9744984984984983,0.0003003003003003003,0.009105105105105104,0.0,0.00015015015015015014,0.004702702702702703,0.00012612612612612612,0.0011711711711711714,0.0004624624624624624,0.0005825825825825825,0.008900900900900899
4745838465,0.8692672672672672,6.006006006006007e-06,0.06901501501501502,1.2012012012012014e-05,0.001015015015015015,0.02631831831831832,6.006006006006007e-06,1.2012012012012014e-05,0.008834834834834835,7.207207207207206e-05,0.02544144144144144
4745842759,0.772960960960961,0.0023303303303303306,0.10112312312312312,2.4024024024024028e-05,0.003171171171171171,0.02168168168168168,0.00017417417417417416,0.004762762762762762,0.06348348348348347,0.003741741741741741,0.026546546546546545
4746343456,0.08293525179856115,0.05545803357314149,0.025568345323741002,0.5012709832134292,0.047203836930455635,0.0,0.030930455635491606,0.0006330935251798561,4.316546762589928e-05,0.2476498800959233,0.008306954436450837
4746349218,0.07068468468468468,0.13687687687687689,0.06521321321321322,0.17724924924924926,0.22461261261261264,0.0,0.014882882882882885,0.0003183183183183183,4.204204204204204e-05,0.3076756756756757,0.0024444444444444444
4746366668,6.006006006006007e-06,0.0,0.9592612612612612,0.00015015015015015014,0.0006486486486486486,0.01663663663663664,0.003171171171171171,0.0,0.003033033033033033,0.0057477477477477475,0.011345345345345346
4746393844,0.022612612612612614,7.207207207207206e-05,0.10295495495495496,0.66206006006006,0.039705705705705696,0.0,0.024282282282282283,0.00012612612612612612,0.0,0.14787387387387388,0.0003123123123123123
4746416920,0.035813813813813815,0.12166366366366364,0.01612012012012012,0.22763363363363365,0.22172972972972974,0.0,0.0005285285285285286,0.00011411411411411411,0.00018618618618618615,0.3762042042042042,6.006006006006007e-06
4746428890,0.07816816816816817,0.03198198198198198,0.14086486486486485,0.35905105105105106,0.2445165165165165,0.00016216216216216215,0.03699099099099099,0.0015135135135135136,0.00024024024024024023,0.10592192192192193,0.0005885885885885886
4746434804,0.1308048048048048,0.0195015015015015,0.06616216216216217,0.32073273273273273,0.1568228228228228,0.006642642642642642,0.018462462462462463,0.00412012012012012,0.008420420420420419,0.2641621621621621,0.0041681681681681685
4746470290,0.6178678678678678,0.07693693693693696,0.058570570570570565,0.021549549549549546,0.02810810810810811,0.0036876876876876883,0.0035375375375375365,0.007777777777777778,0.00021021021021021022,0.016204204204204202,0.16554954954954956
5096278363,0.15831466666666666,0.048608,0.011541333333333334,0.2448,0.3526293333333333,0.0,0.014512,0.029568,0.00046399999999999995,0.13601066666666667,0.0035520000000000005
5096278783,0.17467632850241546,0.061618357487922715,0.15697101449275366,0.3308454106280193,0.07070048309178743,0.00014009661835748792,0.0476280193236715,0.018927536231884055,0.0028309178743961354,0.1338695652173913,0.001792270531400966
5096278947,0.2473653333333333,0.008474666666666665,0.29385066666666665,0.302672,0.041834666666666666,1.6e-05,0.00834133333333333,0.002954666666666666,0.00015466666666666667,0.09409600000000001,0.00024
5096279109,0.1655561497326203,0.013620320855614971,0.06551336898395721,0.6174331550802139,0.026689839572192512,0.0,0.002352941176470588,0.002679144385026738,0.0,0.10611229946524063,4.278074866310161e-05
5096280907,0.08934933333333332,0.20848533333333333,0.175616,0.17310933333333334,0.12946666666666667,8e-05,0.002656,0.0020586666666666665,0.00042666666666666667,0.196832,0.02192
5096285041,0.20218666666666665,0.013221333333333331,0.06690133333333333,0.2784853333333333,0.062896,6.933333333333333e-05,0.024330666666666667,0.02394133333333333,0.0003573333333333333,0.3212,0.006410666666666665
5096285773,0.18789333333333333,0.064384,0.08166933333333333,0.221072,0.258944,0.000288,0.02981866666666667,0.013141333333333331,0.000976,0.13944,0.0023733333333333328
5096294117,0.033397333333333334,0.5322666666666666,0.00776,0.026682666666666667,0.30751466666666666,1.0666666666666667e-05,0.0006453333333333334,0.00019733333333333327,0.00011200000000000001,0.03046933333333333,0.060944
5096874748,0.08956345177664975,0.4442284263959391,0.005949238578680203,0.12326903553299492,0.2883096446700508,0.0,0.0013248730964467005,0.0007868020304568528,5.076142131979695e-06,0.04623857868020305,0.0003248730964467005
5096875304,0.11922133333333333,0.057514666666666665,0.149968,0.290608,0.11298133333333335,0.0018666666666666664,0.017477333333333334,0.042453333333333336,0.004794666666666666,0.200816,0.002298666666666667
5096878246,0.20021002386634845,0.19860620525059666,0.033460620525059666,0.3465489260143198,0.16364200477326968,0.0,0.004701670644391408,0.0006014319809069213,3.818615751789976e-05,0.051446300715990455,0.0007446300715990452
5096878634,0.1404,0.05010666666666666,0.029626666666666662,0.5330133333333333,0.039477333333333336,8e-05,0.039296,0.03684266666666666,0.00014933333333333332,0.129968,0.00104
5096879628,0.09357866666666668,0.3130986666666667,0.04021333333333333,0.430256,0.015530666666666668,0.0,0.005024,0.00034666666666666667,1.6e-05,0.10059733333333333,0.0013386666666666664
5096883078,0.17269333333333334,0.0208,0.09961066666666665,0.33004266666666665,0.15848533333333334,0.00022400000000000002,0.003776,0.004666666666666667,4.266666666666666e-05,0.204816,0.004842666666666667
5096883348,0.17702933333333334,0.02058133333333333,0.068784,0.3864533333333333,0.16322666666666666,0.00012266666666666668,0.004469333333333333,0.005717333333333333,6.933333333333333e-05,0.16691199999999998,0.0066346666666666654
5554064683,0.04142942942942943,0.19563963963963965,0.12604204204204206,0.04361561561561562,0.25222222222222224,0.007141141141141142,0.000990990990990991,0.00023423423423423422,0.0025465465465465465,0.22332132132132126,0.10681681681681683
5554064741,0.10945945945945948,0.022936936936936936,0.39617417417417417,0.05204204204204204,0.3088768768768769,0.008276276276276277,0.00672072072072072,0.004006006006006005,0.022504504504504502,0.021963963963963964,0.04703903903903904
5554064813,0.16533333333333333,0.145003003003003,0.1891711711711712,0.23303303303303305,0.1968108108108108,4.8048048048048055e-05,0.0016936936936936937,0.0006486486486486486,0.0002042042042042042,0.06544744744744745,0.0026066066066066066
5554065147,0.024772455089820358,2.3952095808383234e-05,0.4121017964071856,0.004652694610778443,0.07336526946107784,0.1142994011976048,0.0022335329341317367,0.0002275449101796407,0.03691017964071856,0.005299401197604791,0.3261137724550898
5554065419,0.10117117117117116,0.17958558558558554,0.2465285285285285,0.061975975975975976,0.06357357357357356,0.029573573573573576,0.003231231231231232,0.0018378378378378375,0.06062462462462464,0.028792792792792794,0.22310510510510512
5554065539,0.024042042042042043,0.20260660660660654,0.0404024024024024,0.03499099099099099,0.03789189189189189,0.004696696696696697,0.002918918918918919,0.001831831831831832,0.003657657657657658,0.24302702702702705,0.403933933933934
5554065599,0.36463063063063056,0.039693693693693695,0.3376276276276276,0.0368048048048048,0.0489009009009009,0.028606606606606605,0.0008708708708708709,0.00021621621621621621,0.0038798798798798796,0.06056456456456456,0.07820420420420418
5554065737,0.12903903903903904,0.5304564564564564,0.09257057057057057,0.03008408408408408,0.03548948948948949,0.0426066066066066,0.029213213213213213,0.007789789789789791,0.06531531531531531,0.014912912912912912,0.022522522522522518
5554066051,0.1799099099099099,0.34454054054054056,0.19145945945945947,0.021345345345345344,0.026354354354354355,0.07147747747747747,0.0156996996996997,0.003945945945945945,0.03818618618618618,0.006054054054054054,0.10102702702702702
5554649384,0.033609609609609604,0.05717717717717718,0.5431651651651652,0.05805405405405405,0.010804804804804806,0.006672672672672673,0.002732732732732733,5.4054054054054054e-05,0.003177177177177177,0.27016216216216216,0.014390390390390391
5554649466,0.042660660660660654,0.25347747747747745,0.16436036036036036,0.10367567567567568,0.031021021021021018,0.10206006006006006,0.0010870870870870874,6.606606606606607e-05,0.0008228228228228228,0.0738978978978979,0.2268708708708709
5554649508,0.02073273273273273,0.25484684684684683,0.3341141141141141,0.059357357357357365,0.00657057057057057,0.012198198198198198,0.0013693693693693693,0.00015015015015015014,0.0018018018018018016,0.10923723723723723,0.1996216216216216
5554650108,0.06440840840840842,0.0001021021021021021,0.7225405405405405,0.010678678678678678,0.04253453453453453,0.007111111111111112,0.004096096096096096,0.00012612612612612612,0.02815015015015015,0.05772972972972972,0.06252252252252252
5554650356,0.14548348348348347,0.3221621621621621,0.18103903903903906,0.023201201201201203,0.025705705705705705,0.0733093093093093,0.01687087087087087,0.009471471471471472,0.036570570570570574,0.007015015015015015,0.15917117117117116
5554650428,0.1020900900900901,0.4361981981981983,0.15291891891891893,0.013945945945945946,0.030222222222222227,0.05866066066066065,0.012150150150150148,0.0033453453453453448,0.03016816816816817,0.008378378378378378,0.15192192192192192
5601664567,0.10113066666666666,0.070496,0.16737066666666667,0.36867733333333336,0.2359786666666667,4.266666666666666e-05,0.009450666666666666,0.011525333333333334,6.933333333333333e-05,0.028432,0.006826666666666666
5602248226,0.06042956120092378,0.07671131639722864,0.25194919168591223,0.2687852193995381,0.24902078521939955,0.00021247113163972285,0.01133487297921478,0.004277136258660508,2.7713625866050812e-05,0.05691454965357968,0.02033718244803695
5604422261,0.10400533333333334,0.1476,0.10438933333333332,0.15939733333333336,0.02345066666666667,0.0024266666666666672,0.143264,0.039045333333333335,0.10064,0.138912,0.03686933333333333
5604423185,0.13725906735751295,0.052699481865284975,0.12055440414507773,0.312119170984456,0.2751295336787565,0.0026321243523316066,0.04407772020725389,0.019005181347150256,0.01495336787564767,0.01116062176165803,0.010409326424870469
5605009338,0.112048,0.052309333333333326,0.2266293333333333,0.151968,0.2968,0.0022453333333333327,0.021936,0.022416,0.010768000000000002,0.09501333333333332,0.007866666666666668
5611681967,0.04314720812182741,0.20655329949238574,0.04769543147208122,0.3296649746192893,0.2978883248730965,0.0,0.001187817258883249,0.0018375634517766497,0.000898477157360406,0.0710761421319797,5.0761421319796946e-05
5611687251,0.07783466666666665,0.008464,0.10058666666666667,0.7354293333333334,0.02566933333333333,0.0,0.006176,0.003632,0.0002506666666666667,0.041674666666666665,0.0002826666666666667
5612266992,0.15936,0.011301333333333332,0.04202666666666666,0.7153226666666666,0.032842666666666666,0.0,0.0012373333333333331,0.0066293333333333326,2.133333333333333e-05,0.03122133333333333,3.733333333333333e-05
5612267858,0.043810945273631836,0.00309452736318408,0.10875124378109452,0.7783134328358208,0.013621890547263682,0.0,0.007427860696517413,0.0036766169154228852,8.45771144278607e-05,0.040915422885572136,0.00030348258706467654
5612270238,0.19537066666666664,0.109328,0.07648533333333332,0.5444053333333333,0.03785066666666666,0.0,0.0002453333333333333,0.001546666666666667,0.0,0.034741333333333325,2.666666666666667e-05
5617737535,0.05580952380952381,0.26491609977324265,0.0673015873015873,0.44083446712018143,0.0776235827664399,0.0,0.0021315192743764167,0.003106575963718821,0.0037596371882086172,0.08443990929705215,7.709750566893424e-05
5617739573,0.10034383954154727,0.3271461318051576,0.04354154727793697,0.4417650429799426,0.057249283667621775,0.0,5.730659025787965e-06,0.00030945558739255017,5.730659025787965e-06,0.02963323782234957,0.0
5618322370,0.07524799999999998,0.3189653333333333,0.098576,0.343904,0.05040533333333334,0.0,0.0005226666666666666,0.000608,3.2e-05,0.11173866666666668,0.0
5618323622,0.3083093333333333,0.0,0.0,0.4379786666666666,0.0,0.0,0.0,0.0,0.0,0.253712,0.0
5618324404,0.13187412587412586,0.4463170163170163,0.04883916083916084,0.3355524475524476,0.02875058275058275,0.0,6.526806526806527e-05,0.0014032634032634032,0.0,0.00717016317016317,2.7972027972027973e-05
5801467175,0.0009792284866468842,1.7804154302670624e-05,0.2164213649851632,0.0003560830860534125,0.0,0.0815845697329377,0.33641543026706233,0.006433234421364985,0.357786350148368,0.0,5.934718100890208e-06
5801467771,0.0002958579881656805,0.0,0.1108224852071006,0.0,5.91715976331361e-06,0.11870414201183432,0.0077692307692307705,0.005609467455621303,0.7567928994082838,0.0,0.0
6262100823,0.0849645390070922,0.2446950354609929,0.07741843971631206,0.13753191489361702,0.16481560283687946,0.0004539007092198582,0.011205673758865248,0.029624113475177308,0.052695035460992905,0.1952198581560284,0.0013758865248226953
6262107581,0.10071378091872793,0.20946289752650174,0.06819787985865725,0.09827561837455832,0.2888763250883392,0.002,0.04962544169611308,0.10836749116607776,0.06702473498233215,0.006,0.0014558303886925794
6262627314,0.525288256227758,0.03830604982206406,0.10750889679715303,0.07761565836298931,0.12172953736654805,0.0,0.0008896797153024911,0.008733096085409252,0.031103202846975087,0.0888256227758007,0.0
6262628206,0.35130249110320283,0.04637010676156584,0.10138790035587188,0.05147330960854093,0.13933096085409252,6.405693950177936e-05,0.005395017793594306,0.020320284697508892,0.04204982206405694,0.24222775800711746,7.829181494661922e-05
6262631762,0.13359430604982206,0.2926120996441281,0.04657651245551602,0.11553736654804272,0.10864768683274023,0.00047686832740213516,0.045629893238434166,0.1622135231316726,0.03741637010676157,0.05587188612099645,0.0014234875444839859
6274407641,0.1205748502994012,0.32863473053892217,0.0554311377245509,0.0607065868263473,0.28518562874251496,6.58682634730539e-05,0.0008383233532934131,0.015556886227544912,0.0009580838323353293,0.13198203592814373,6.58682634730539e-05
6274408823,0.1354251497005988,0.2970299401197605,0.046305389221556886,0.15940718562874254,0.254311377245509,1.7964071856287423e-05,0.0006766467065868264,0.012964071856287424,0.0005688622754491017,0.09263473053892217,0.0006586826347305389
6274411655,0.3089671641791045,0.04164179104477612,0.057880597014925365,0.2512358208955224,0.06053134328358209,0.0,0.0007582089552238807,0.023385074626865676,4.776119402985074e-05,0.25499701492537313,0.0005552238805970149
6274412785,0.3539401197604791,0.020880239520958084,0.07863473053892216,0.11549101796407185,0.035479041916167665,0.0,0.00028742514970059877,0.00781437125748503,0.00017964071856287425,0.38726347305389214,2.994011976047904e-05
6274414743,0.3510598802395209,0.013443113772455087,0.09422754491017965,0.19537125748502995,0.014131736526946109,0.0,0.0003832335329341317,0.010748502994011977,0.0003173652694610778,0.3193712574850299,0.0009461077844311377
6274415699,0.25616766467065866,0.029772455089820363,0.07263473053892215,0.01829940119760479,0.025592814371257485,0.0,0.0,0.002874251497005988,0.0,0.5946047904191617,5.3892215568862265e-05
6274417245,0.2812492492492493,0.004432432432432433,0.08516516516516516,0.06535135135135135,0.03681081081081082,0.0,0.00023423423423423422,0.011573573573573574,6.606606606606607e-05,0.5137597597597597,0.0013573573573573573
6274420141,0.3179161676646707,0.055886227544910176,0.12876646706586825,0.16946706586826346,0.06364071856287425,5.9880239520958085e-06,0.011461077844311378,0.04835928143712575,0.000904191616766467,0.19968263473053893,0.003910179640718563
6274423779,0.12093693693693695,0.02376576576576576,0.05621021021021021,0.26064264264264264,0.14743543543543544,6.006006006006006e-05,0.0864024024024024,0.20703303303303305,0.0012732732732732733,0.09253453453453454,0.0037057057057057054
6274935598,0.2018383233532934,0.012467065868263473,0.07295808383233532,0.3912754491017964,0.01652694610778443,0.0,0.00441317365269461,0.019401197604790414,0.0003532934131736527,0.2806047904191617,0.00016167664670658683
6279892153,0.2420540540540541,0.2574594594594595,0.04659459459459459,0.3607267267267267,0.006780780780780781,6.006006006006007e-06,0.007339339339339339,0.0004024024024024024,9.009009009009008e-05,0.07803603603603604,0.0005105105105105105
6279907527,0.1256096096096096,0.0003783783783783784,0.03727927927927928,0.8004924924924925,0.003771771771771772,0.0,0.0019099099099099102,0.0010570570570570571,1.2012012012012014e-05,0.029489489489489488,0.0
6279910199,0.1388768768768769,0.0005105105105105105,0.15503903903903904,0.3743303303303303,0.009933933933933934,3.003003003003003e-05,0.06628828828828827,0.0008888888888888888,0.0006666666666666666,0.252012012012012,0.0014234234234234233
6279953711,0.15553753753753755,0.001831831831831832,0.07096696696696696,0.5081681681681681,0.041543543543543546,0.0,0.0015195195195195196,0.0008228228228228228,2.4024024024024028e-05,0.2188048048048048,0.0007807807807807806
6279965095,0.2392072072072072,4.204204204204204e-05,0.13070270270270273,0.4335435435435435,0.004342342342342343,3.603603603603604e-05,0.06658858858858858,0.003885885885885885,0.0002702702702702703,0.12101501501501502,0.0003663663663663664
6279969201,0.2830870870870871,0.011447447447447448,0.02736936936936937,0.2543903903903904,0.12296696696696695,3.003003003003003e-05,0.012294294294294295,0.014738738738738738,0.0008048048048048048,0.26137537537537536,0.011495495495495495
6280417560,0.1077957957957958,0.12715915915915915,0.1664144144144144,0.27036636636636635,0.06382582582582584,0.00014414414414414415,0.0839099099099099,0.021969969969969968,0.005603603603603603,0.1503903903903904,0.0024204204204204198
6280420766,0.199975975975976,0.10311111111111113,0.013465465465465466,0.535015015015015,0.01947147147147147,0.0,0.003495495495495496,0.01923123123123123,0.00016816816816816817,0.10544744744744744,0.0006186186186186186
6280469142,0.3261201201201201,0.010102102102102105,0.022084084084084084,0.202,0.2567327327327327,0.00014414414414414415,0.027297297297297296,0.012612612612612612,0.0006366366366366366,0.14116516516516514,0.0011051051051051053
6280492506,0.12324324324324325,0.0006126126126126127,0.18025825825825825,0.6387987987987988,0.02851051051051051,0.0,0.006366366366366365,0.011831831831831832,1.2012012012012014e-05,0.010366366366366366,0.0
6280493848,0.02043843843843844,0.0,0.689933933933934,0.2450870870870871,0.04200600600600601,0.0,0.0006846846846846848,6.006006006006007e-06,6.006006006006007e-06,0.0009309309309309308,0.0009069069069069069
6280499600,0.05143543543543543,0.008492492492492492,0.18217417417417414,0.32997597597597605,0.05294894894894895,0.0003903903903903904,0.15955555555555556,0.006444444444444445,0.0023723723723723727,0.19892492492492486,0.007285285285285284
6280505010,0.29897897897897896,0.003111111111111111,0.046402402402402405,0.40657057057057056,0.09025825825825824,0.0,0.01646846846846847,0.008660660660660659,0.0005285285285285286,0.12886486486486487,0.00015615615615615616
6280510878,0.4158858858858859,0.00042642642642642644,0.20553153153153156,0.12044444444444445,0.033375375375375375,0.00015015015015015014,0.04319519519519519,0.009561561561561563,0.01888888888888889,0.15161561561561562,0.0009249249249249248
6280549492,0.366036036036036,0.00018618618618618615,0.036384384384384384,0.4883663663663664,0.004456456456456456,0.0,0.019327327327327327,0.0039579579579579575,0.00012012012012012012,0.08115915915915915,6.006006006006007e-06
680202635,0.027429429429429428,0.007813813813813814,0.18971771771771773,0.20627027027027028,0.09905705705705704,0.0,0.006378378378378378,0.001099099099099099,1.8018018018018016e-05,0.44544744744744746,0.016768768768768767
680290015,0.11614414414414415,0.1451951951951952,0.19225825825825826,0.2666366366366366,0.12762762762762764,3.003003003003003e-05,0.003111111111111111,0.0002222222222222222,0.00025825825825825824,0.11662462462462465,0.031891891891891885
680313683,0.00018018018018018016,0.0,0.2971351351351351,0.0,5.4054054054054054e-05,0.28712912912912913,0.0,0.0,0.0002882882882882883,0.0,0.4152132132132132
680394297,0.12082282282282282,0.00042042042042042044,0.009801801801801801,0.635045045045045,0.08935735735735736,0.0,0.00018618618618618615,0.0005525525525525524,0.0,0.1438138138138138,0.0
680419277,0.14989189189189187,0.014846846846846846,0.44614414414414416,0.1381861861861862,0.17036636636636635,0.0010030030030030027,0.005573573573573572,0.005333333333333333,0.00019819819819819816,0.0541021021021021,0.014354354354354356
680827502,0.04088288288288288,6.006006006006007e-06,0.4312972972972973,0.26066666666666666,0.003285285285285285,0.0,0.1855975975975976,0.00012012012012012012,0.04422822822822823,0.03391591591591592,0.0
681114448,0.026258258258258255,1.2012012012012014e-05,0.0981021021021021,0.2965825825825826,0.5195315315315315,0.0,0.0009129129129129127,0.0,0.0,0.04495495495495496,0.013645645645645646
681202774,0.17984384384384386,4.204204204204204e-05,0.023153153153153156,0.37295495495495495,0.05891291291291291,0.0,6.606606606606607e-05,0.0,0.0,0.3644624624624624,0.0005645645645645644
681206440,0.14136936936936936,8.408408408408409e-05,0.008930930930930931,0.504966966966967,0.03938738738738738,0.0,4.8048048048048055e-05,6.006006006006007e-06,0.0,0.30466666666666664,0.0005405405405405405
681223248,0.029735735735735732,0.0,0.28466066066066065,0.38744144144144144,0.14653453453453452,6.006006006006007e-06,0.00218018018018018,0.00012012012012012012,0.0,0.08673873873873873,0.06258258258258258
681301346,0.04723723723723724,0.00017417417417417416,0.20344144144144144,0.18971171171171167,0.1675135135135135,9.609609609609608e-05,0.0005165165165165165,6.006006006006007e-06,1.2012012012012014e-05,0.3691951951951952,0.022096096096096092
681317936,0.07627627627627627,0.0018018018018018016,0.04694294294294294,0.4486606606606607,0.1445945945945946,0.0,0.00013213213213213214,0.0015735735735735734,0.0,0.2136816816816817,0.06633633633633633
681321254,0.09621021021021021,0.0005465465465465466,0.06895495495495496,0.1739099099099099,0.06616816816816816,1.8018018018018016e-05,0.00016816816816816817,4.8048048048048055e-05,0.00011411411411411411,0.42422822822822825,0.16963363363363362
6891536334,0.25453900709219857,0.07693617021276596,0.2339290780141844,0.18058156028368794,0.122177304964539,0.00034042553191489364,0.00775886524822695,0.0005957446808510638,7.092198581560285e-05,0.1130709219858156,0.01
6891537864,0.09795017793594304,0.013110320284697509,0.17660498220640566,0.37749466192170816,0.10232740213523132,0.0,0.002341637010676157,0.00045551601423487537,0.0,0.2267544483985765,0.0029608540925266905
6891540298,0.05355371900826447,0.1992396694214876,0.0885289256198347,0.2414710743801653,0.03741322314049586,0.0,0.006677685950413223,0.0,0.0,0.3678099173553719,0.005305785123966942
6891541216,0.05730249110320285,0.23198576512455515,0.040903914590747326,0.44296085409252667,0.04934519572953737,0.0,0.013736654804270462,4.270462633451957e-05,4.98220640569395e-05,0.16141637010676158,0.002256227758007117
6891541374,0.13980071174377226,0.3664483985765125,0.03974377224199288,0.1945338078291815,0.014932384341637009,0.0,0.002690391459074733,0.00021352313167259787,0.0,0.2415516014234876,8.540925266903914e-05
6891541568,0.04696797153024911,0.2611886120996441,0.14815658362989326,0.230270462633452,0.12582206405693946,0.0,0.00034875444839857646,7.11743772241993e-05,0.0,0.17283274021352313,0.014341637010676157
6891542100,0.07322491349480968,0.3287543252595156,0.19584083044982697,0.09460207612456749,0.06579238754325259,0.0002837370242214533,0.011287197231833909,0.003328719723183391,0.004429065743944637,0.17849134948096887,0.04396539792387543
7037628693,0.3454661921708185,0.13372953736654805,0.11046975088967972,0.22558718861209964,0.09081138790035585,9.964412811387901e-05,0.0005266903914590747,0.0019644128113879005,7.11743772241993e-05,0.09053380782918148,0.0007402135231316726
7037629487,0.06693238434163701,0.029359430604982206,0.13048398576512454,0.3257437722419929,0.26780071174377224,0.0,0.026875444839857647,0.004775800711743773,7.117437722419929e-06,0.14737366548042705,0.0006476868327402136
7037630201,0.11318149466192172,0.08570818505338076,0.1060640569395018,0.4552811387900356,0.06708185053380783,0.0,0.003238434163701068,0.00013523131672597865,0.0,0.15839145907473307,0.01091814946619217
7037631309,0.10483985765124557,0.1947544483985765,0.14052669039145907,0.2453380782918149,0.041188612099644126,0.0,0.02037010676156584,0.00012099644128113879,0.0,0.250846975088968,0.00201423487544484
7037631873,0.0835531914893617,0.006567375886524823,0.2114326241134752,0.20172340425531915,0.3995602836879433,0.0,0.002234042553191489,0.0016808510638297873,3.546099290780142e-05,0.0180354609929078,0.07517730496453902
7037633887,0.16483985765124556,0.06906049822064056,0.23340213523131675,0.10817081850533808,0.12548754448398575,0.026007117437722417,0.050256227758007116,0.02866192170818505,0.08337366548042703,0.08494661921708185,0.02579359430604982
7037637227,0.040661921708185056,0.2284341637010676,0.17729537366548045,0.12901779359430604,0.17745907473309608,7.11743772241993e-05,0.006569395017793593,0.0009608540925266904,0.0004626334519572953,0.23283985765124554,0.0062277580071174385
7037637371,0.10769395017793594,0.04832740213523132,0.1477081850533808,0.27677580071174374,0.27845551601423485,0.008384341637010677,0.014882562277580072,0.012619217081850534,0.015537366548042704,0.08391459074733094,0.005701067615658362
8263917479,0.09005866666666665,0.007823999999999998,0.21047466666666667,0.066512,0.27136,0.005370666666666666,0.030912,0.005312,0.09891733333333333,0.20349866666666666,0.00976
8263920145,0.18850133333333333,0.005008,0.060165333333333335,0.251008,0.2920533333333333,0.0,0.00011733333333333333,0.002106666666666667,0.0,0.20090666666666668,0.00013333333333333334
8263922931,0.28832,0.02144,0.015936,0.39393066666666665,0.05072,0.0,2.666666666666667e-05,0.003141333333333333,0.0,0.2263573333333333,0.000128
8263939731,0.11504533333333332,0.010181333333333334,0.03109866666666667,0.7296853333333333,0.033397333333333334,0.0,0.003546666666666667,0.000816,5.333333333333334e-06,0.07557333333333334,0.0006506666666666666
8263945135,0.179808,0.010304,0.17893866666666666,0.3238986666666667,0.06409066666666667,0.0,0.0047093333333333345,0.0017493333333333336,5.8666666666666665e-05,0.2340053333333333,0.002437333333333333
8263963365,0.13421866666666665,0.449968,0.08947199999999998,0.23119466666666666,0.06973866666666667,0.0,0.001984,0.000544,0.0005706666666666668,0.02210133333333333,0.000208
8263965931,0.36906133333333335,0.006122666666666666,0.03048533333333333,0.33754666666666666,0.07492799999999998,0.0,0.010032,0.0008586666666666666,0.0,0.17068266666666668,0.0002826666666666667
8263968081,0.4111573333333333,0.002106666666666667,0.02019733333333333,0.21484266666666665,0.02888,0.0,6.4e-05,0.0011733333333333333,0.0,0.3214773333333333,0.00010133333333333332
8263975989,0.41722666666666663,0.029776,0.022304,0.19005866666666665,0.01617066666666667,0.0,5.333333333333334e-06,0.000208,0.0,0.318544,0.0057066666666666654
8263978315,0.2701493333333333,0.20894933333333326,0.15801066666666666,0.08387733333333333,0.044629333333333326,0.0,0.0,0.00013333333333333334,0.0,0.233968,0.0002826666666666667
8264997786,0.12195733333333332,0.017370666666666666,0.03249066666666667,0.417968,0.2305013333333333,0.0,0.00022400000000000002,0.001088,2.666666666666667e-05,0.17757866666666666,0.0007946666666666667
8265039974,0.175744,0.16248533333333334,0.02296533333333333,0.535104,0.02681066666666667,0.0,0.000608,0.0006666666666666666,5.333333333333334e-06,0.074368,0.0012426666666666669
8265042836,0.17574933333333334,0.014901333333333334,0.060117333333333335,0.4948533333333333,0.144672,0.0,0.0002613333333333333,0.0025333333333333328,0.000128,0.06832,0.038464
8265049954,0.09931733333333331,0.158432,0.05383466666666667,0.2470773333333333,0.31333866666666665,5.333333333333333e-05,9.6e-05,0.00015466666666666667,0.0008746666666666667,0.12262933333333335,0.004192
8265051998,0.2687573333333333,0.011024,0.07243733333333334,0.19797333333333333,0.10680533333333334,0.0,0.0,3.733333333333333e-05,0.0,0.3402986666666667,0.0026666666666666666
9617659901,0.19845866666666667,0.2266293333333333,0.13589866666666667,0.18272533333333327,0.13082133333333335,5.333333333333333e-05,0.010256,0.004288,0.0004746666666666666,0.01829333333333333,0.09210133333333331
9617660115,0.08317866666666665,0.18483733333333333,0.03761066666666666,0.09037333333333332,0.33921066666666666,0.0,0.030533333333333326,0.0014133333333333333,7.466666666666666e-05,0.213952,0.018816
9617661329,0.4787893333333333,0.01632,0.115856,0.10772266666666666,0.216928,0.0,0.013514666666666666,0.010842666666666669,0.00042666666666666667,0.03884266666666666,0.0007573333333333334
9617662087,0.16067733333333334,0.00312,0.703504,0.042256,0.007381333333333333,0.0014613333333333336,0.038752,0.000656,0.003136,0.034874666666666665,0.004181333333333333
9617662393,0.193344,0.015349333333333331,0.2773973333333333,0.08820266666666665,0.2839946666666667,0.00019733333333333327,0.026501333333333328,0.004986666666666667,0.009290666666666666,0.09293866666666667,0.007797333333333333
9617662661,0.3498186666666667,0.04116266666666666,0.07782933333333332,0.2655733333333333,0.177328,0.0,0.007578666666666666,0.004,1.6e-05,0.07397866666666665,0.0027146666666666673
9617663181,0.15628266666666665,0.022928,0.08799999999999998,0.38696,0.036992,0.0,0.062848,0.03559466666666666,0.000144,0.20988266666666666,0.000368
9617663457,0.09921600000000001,0.10341866666666667,0.015952,0.32105066666666665,0.20598933333333333,0.0,0.014213333333333331,0.010618666666666669,0.000144,0.2275786666666667,0.0018186666666666663
9617664129,0.5947093333333333,0.15133333333333332,0.0038986666666666666,0.113088,0.01854933333333333,0.0,1.0666666666666667e-05,0.0036213333333333327,0.0003413333333333333,0.114448,0.0
9620896452,0.296672,0.190096,0.050117333333333326,0.17635733333333334,0.08557333333333332,0.0,0.011466666666666668,0.003328,8e-05,0.18629866666666667,1.0666666666666667e-05
9620896664,0.17504533333333333,0.6243733333333333,0.010106666666666668,0.11448,0.00088,0.0,0.0007626666666666668,0.004448,1.6e-05,0.069888,0.0
9620897724,0.135456,0.3473973333333333,0.0067093333333333345,0.026032,0.3553866666666667,5.333333333333334e-06,0.0011626666666666669,0.002208,0.0006186666666666666,0.12499733333333335,2.666666666666667e-05
9620898086,0.12663466666666667,0.020416,0.126272,0.3110453333333333,0.154096,1.0666666666666667e-05,0.064912,0.02086933333333333,0.0012,0.14392,0.030624
9620901074,0.192336,0.3728,0.07664,0.049424,0.21789866666666666,3.733333333333333e-05,0.0011093333333333333,0.0015626666666666664,0.0012586666666666664,0.08674133333333332,0.000192
9620901280,0.17960533333333334,0.2931093333333333,0.2350773333333333,0.05589333333333334,0.039808,0.0,0.0005866666666666667,0.004938666666666666,0.00018133333333333331,0.190784,1.6e-05
