10405932235,0.19009499776049132,0.4416323107674015,0.0021074281201615653,0.10383536603324683,0.2280949728425169,0.0010514281241144005,6.332019486456852,2.9306909129589416,2.7543012505203324
10423178764,0.10870048537575748,0.8759410125378894,0.003272820320389224,0.046179906402989766,0.20387943785074733,0.0006034889364247854,13.973474775627874,0.0,2.0163962025271482
10423185434,0.15365469581014704,0.1057168530546768,0.0029464810904621967,0.16996299328750805,0.17377859436784324,0.0009623301940635922,6.396901985822902,5.981034171111814,1.998266892792852
10423191424,0.26483911553811856,0.20445488102899784,0.0033340816814046953,0.23628298147854654,0.202584367624396,0.0005861949143209089,4.395031335336118,3.925237016155475,0.0
10650631163,0.2827815553441353,0.3725820997748573,0.0011626408908326806,0.16150828718492524,0.3616734561132793,0.0012976269499100394,4.547790410187465,2.84726141255772,4.055500134996099
10753757385,0.4693840923127251,0.37278480631301375,0.0018914253082147538,0.24026124183866485,0.23360046234913276,0.001082526696487396,3.0366441498564187,1.8571664780074923,2.7543672938887402
10753820836,0.3596232590613541,0.1692947710651768,0.0014036024298347172,0.24612425859023704,0.14687159960122032,0.000792442807422531,4.175314211475174,3.882091259694339,2.9283414338081224
10753851726,0.4751121403235251,0.2453876717360275,0.0023813715135203913,0.2588520324733743,0.21368809592139154,0.0010801154553709946,3.112403130642121,2.532460041693938,3.04186630280906
10753856126,0.4457955970300921,0.3054441112487667,0.0017773384800718298,0.2529631630564235,0.2801490136443833,0.0009105743979802416,3.3190119406539944,2.5413840277747832,3.260236084187989
10753860484,0.4737498257194541,0.2714603988489791,0.0019414174035627227,0.2727051845641467,0.19451486557584025,0.0013895230210177105,3.1498261035197332,3.0903209777704976,3.1338695095480773
10753880654,0.4576111777700825,0.2327908443041705,0.0020158074176595576,0.22508166750998945,0.1908079034796609,0.0011880096601145805,3.1500557502114357,2.7189028977530794,3.1783457505740684
10754056253,0.39403689507551143,0.26852945905336745,0.0017721195642700464,0.299803056286985,0.23431478110031545,0.0011310429880232867,3.9640804729279933,2.9513310916971998,3.378141390390164
10754058903,0.4731039324366842,0.33089669781652653,0.001839505831090511,0.2463108295856783,0.258716365660632,0.0010827257445116991,3.046409641205965,2.2856014244028633,2.9113527530623475
10754059703,0.4613723298987121,0.339657345365682,0.002009180551070186,0.2506296068941091,0.2483643427718687,0.0010660742745165006,3.174570408640664,2.1512311676679423,2.7121940828993014
10754066633,0.4391144212997151,0.25450471398336627,0.001908598518518429,0.2870277755489293,0.19753140025611404,0.0011215372703695236,3.555266773946822,2.5524235358933893,3.235302497940071
10754272665,0.3715525609699769,0.12007374335126643,0.0019488187825190046,0.2855675638960996,0.14265909873727498,0.0011968593486204554,3.851695576699014,4.632751936924414,3.5267409653351014
10754351066,0.4394906396814606,0.16630379051633815,0.00211589790593303,0.2480229965600298,0.14460702152258018,0.0013271271671816802,3.1650637333441862,3.584848741744504,3.3226861295811903
10754359856,0.40932275138341184,0.34053563227316785,0.0020708694809689282,0.2539163537362539,0.18391028072579133,0.0011502344563267765,3.2332535388245347,2.502379327716286,2.3850646867544723
10754361846,0.4723176501058308,0.17984233656209253,0.0018853189388693657,0.2332577366347841,0.13764806423623804,0.0012347425908070414,2.986849192956577,4.170299490796536,3.6510588416326955
10754568493,0.4279867164791175,0.3260390301144977,0.0019889161809557294,0.2335170816161992,0.15244932121356675,0.0014042584610237398,3.0467341439032087,2.3974185421282193,2.9745279613600943
138908177,0.4842246473622453,0.4695983294794266,0.0020756182596436174,0.3192172452301769,0.30333127905149654,0.0011357364616026912,3.5523789776358736,2.263414245864523,3.0067273652232474
138908525,0.4607067314753973,0.4973595452527526,0.0021662930462641432,0.3215993758951604,0.3132837617309181,0.0012054936838851126,3.628709795370124,2.101947963123467,2.791250145290967
138909372,0.5455416559440152,0.3324554821420275,0.0025273978110978475,0.2052105174303248,0.20358074964237696,0.0012319897179658007,2.684587971408533,2.8880465551557544,2.675665669787668
138909924,0.5754688691304563,0.41253716312044814,0.002059683219274501,0.2620393438294528,0.28613656194942194,0.0010901572060109512,2.9204891057237474,2.7011291765834216,2.9936121511544287
1850401943,0.12679460701228853,0.31285463686930176,0.0007174869177448265,0.23313380113199966,0.330205520917258,0.0011849818409807073,5.873720358421248,2.595981423630919,4.688657253523524
1850421881,0.21778424591952128,0.5100953858592768,0.0010734786942839193,0.33697263055651844,0.3716996947640393,0.0012234149824939266,5.160768631414738,1.869325912611287,3.9711787022238894
1850437547,0.15649151733679506,0.3503855508365472,0.0017086927874356212,0.2422811887564819,0.30504149383282964,0.0012620528251315439,5.733161999279374,2.606576343848192,3.22764960668918
1850556281,0.16499419910653018,0.297942652543076,0.0005943184450016377,0.26142821515707465,0.3501737338558682,0.00096971284136754,5.143016650542256,2.826201439652118,4.719871312627857
1850703607,0.17079992522827986,0.3026296850257413,0.0006416003057323369,0.2921445611732969,0.3208352777478081,0.0011068217756358722,5.4923227049380605,2.7837163274165997,4.969900491057653
1850748831,0.1619765825148196,0.403669701675441,0.001024284901937873,0.2522130473367721,0.3754534845746904,0.0012041983012988347,5.2610613917317846,2.368433869683246,3.89528636815753
1850761519,0.3097162907351529,0.43537819791149374,0.0007151685095784309,0.2863260037291157,0.3646861248600921,0.0009599177738339213,4.017860355054358,2.246851237109606,4.534947134206529
1850833667,0.2614241772722217,0.4776086078008615,0.0008140623942427177,0.31549132333899044,0.35895329665095943,0.0011077563097852828,4.687944163011262,2.0721894134508854,4.547425083433903
1850838881,0.16260612957252626,0.4600330968181968,0.0011429499018113408,0.2558299029218542,0.36175820114181306,0.0011854497554095766,5.461245754897838,2.06817326909876,3.6134203270952496
1851342008,0.16255595275077075,0.4061692348773185,0.0007712377781921892,0.2602813114774291,0.3577815355929133,0.0011136223987714552,5.4203135413354735,2.211732850128691,4.320474025287758
1851515838,0.11787481851960735,0.3769293018534303,0.0011209402187551886,0.24172809936929274,0.34332136753648773,0.0012930526143096381,6.0745776222451795,2.286171093490929,3.8270427746181817
1851537978,0.189797086923485,0.480894705244462,0.0014062460546036073,0.2959403389719736,0.31515071928038224,0.0011906890432045346,5.389960131357392,2.1287110774197227,3.6278051904564936
1851554226,0.1972171563205771,0.5175855013160326,0.0011010597950582447,0.3428402046453681,0.35414641430374283,0.001287008782859999,5.367170750632388,1.7751404864110947,3.9205548389590104
1851633042,0.1658836265411769,0.42414680703941093,0.0011402684826426707,0.26059729788487224,0.3312807717676284,0.0012660334353131757,5.617999576800411,2.1523078597093472,3.8927934439735052
1880070931,0.17104628092440766,0.4410978415517979,0.0009100660961817069,0.26833809662825403,0.34077911384020854,0.001017588348833901,5.628526434632377,2.0175811008082944,3.8245498456665366
2482756687,0.465249249716165,0.28181591185713195,0.001376181348591899,0.2650720950483818,0.29031411627297693,0.0007510503476371251,3.24023523155957,2.569575741244853,3.333800599160152
2482764143,0.351496408614824,0.2244012477161776,0.0012906136124590404,0.2756169967888927,0.2387079119051868,0.0006404950024672242,4.041871972996128,3.0777884604417705,3.4025151260992343
2482772123,0.3452135272458573,0.07925803773248313,0.0016056535428161333,0.282909370201538,0.08395897296981,0.0006616766404681245,4.1364441290799645,5.431085037188405,3.356955918227914
2482775717,0.4618172942966362,0.30376381396017804,0.0012481510345408815,0.2526222728361429,0.2906078181528109,0.0006976765578670785,3.3239956630258956,2.5093158893637693,3.9258018955359804
2482779969,0.4646853717514828,0.2466617505022585,0.0019003524862808879,0.24844775470245456,0.19139299307947494,0.0013327094507900614,2.944362663497273,3.0044674736952173,3.001795725303867
2482786763,0.5289305394406782,0.11472293563924148,0.0022550358432246067,0.2159613417568919,0.12694300350122031,0.0013422202203031135,2.5882480622649418,4.150204160215891,3.0540198175086184
2482788211,0.4551872275585981,0.3323494342167314,0.0014066830844685378,0.25469414886774805,0.2635411578756627,0.0008357221192834231,3.2903625122032834,2.6007642816649006,3.4751956195124127
2482789731,0.4172424233491571,0.4544819674457314,0.0013147098655749473,0.23767997666622745,0.2453951509924682,0.0006649361449589445,3.514010382505221,1.3339606208540153,3.3837113854341325
2482817075,0.3460267371342371,0.20589330511322826,0.0018858957688941964,0.27649018715134893,0.24725913050542175,0.0015599652642025762,3.7320902414987276,3.6664982095154026,3.3281235350820517
2483574130,0.4114310549560995,0.13048163886160394,0.0015943699177839775,0.2914760961055525,0.17097226359856932,0.0008163228707452909,3.6481803012739507,4.307471643287162,2.797126241216427
2483578418,0.4558185839440681,0.3006270241518105,0.001251023018404788,0.2579242460440792,0.28957542104508616,0.0006859433575865166,3.3416249227887462,2.499085465473924,3.9678564284199327
2483590658,0.2932326311078855,0.29534243145987715,0.001978959259143603,0.29837839121929965,0.17664164194382406,0.0011643316856441651,4.85547644627982,2.780023161157885,3.16701872915089
2483597646,0.5098273438260214,0.30226253602168146,0.001702517557926993,0.2299420671542112,0.23176566870602666,0.0010262137867741196,2.752000411320216,2.433067470605872,3.1545333791760455
2483644362,0.4768251858186763,0.19183917604342654,0.001531775835812779,0.23505256026798216,0.1562557367311519,0.0013632403261370025,2.615241840834392,3.9838616059052088,3.420963644393477
2483652182,0.4883165296052753,0.3818173972217244,0.0019432534264367265,0.22727220873321924,0.21694461651995733,0.0009824577315262323,2.5027352114505126,1.4710272136731728,2.4414709616274215
251982623,0.4731710851644634,0.1979219666174944,0.0024217512238877935,0.2558788991582454,0.1902335816139835,0.001417203524074222,3.338574366923902,4.068915290297909,2.747548623055426
2886513934,0.4642110316188002,0.31522303842572125,0.0013714413430730534,0.3600946318972387,0.19297444346227635,0.0010962022618269582,3.722087489283484,2.547901600977286,4.210765732774387
2908373128,0.5792176469888853,0.3511272294578767,0.001578903621684065,0.25047176922982434,0.16193989952444354,0.0006360353127861042,2.4107403027100793,3.013145686217133,2.324646144401671
2914167342,0.5956552805921027,0.3741748713951194,0.0016958255440215687,0.22660965656906815,0.191029820847327,0.0009968387937171752,2.283960408829629,2.532711212588782,2.6316370687938404
2943175092,0.17786120696161287,0.5889105817353856,0.0012365692374726636,0.20770981366121846,0.322087716644976,0.0010125905965898533,6.014268270367501,1.6839044214194505,3.7804925497065116
2976176423,0.1063612060364782,0.4258177072753,0.002294165343983652,0.10345959984062436,0.20621733292459068,0.0010314586950642434,10.231931354533007,2.709399299139867,2.391821160105205
2976178615,0.23321627430092734,0.43022461742102136,0.0022172822163690426,0.18723760407208986,0.29449322047155,0.0010659639200890332,5.1109024280965905,2.5028590052163384,2.7645020743159345
2976179201,0.16522065843402675,0.4495445279205677,0.0021850590186322555,0.18059856495783366,0.2540579804379783,0.0012727047290457436,6.280818413283079,2.6200480551902494,2.8904505269665597
2976179619,0.41509087154334573,0.33734006862295585,0.0022078155474072503,0.24048887530972446,0.2321081716836056,0.0012003294249193592,3.2834343943811657,3.3399431055783344,2.558408957973085
2977031608,0.17412058761684446,0.5810814604720224,0.0021152214475489294,0.2137546851733526,0.2432507077641968,0.001023531608949711,5.466473749746445,1.7834905401401528,2.6242193850237228
2977032484,0.15292008038524835,0.5101069597597846,0.0024930034946375468,0.1720585911301332,0.2133161209796356,0.0010401802220860194,6.251140041940504,2.1227665462421705,2.1587068259394098
2998910157,0.1934782550909212,0.4878217823319799,0.0019806961042539107,0.20356547573219752,0.236721253014766,0.0011987457739184597,5.466006439214031,2.2788228261985375,2.965832368637448
2998910511,0.12061975195710392,0.4266913650869607,0.0022195116229695587,0.13619523486025628,0.2389063426528201,0.0013110483263971725,8.527498606472415,2.986579012940431,2.6169681370292097
2998911107,0.42576846099517823,0.21381873815979316,0.0023979214423844254,0.2548844553784292,0.21975693119520054,0.0012693317609125596,3.2321915911142582,3.6585948663071237,2.6003406793986765
2998912353,0.2646556833837979,0.5598001240021222,0.001949127075120371,0.2471008531962797,0.2025659984224308,0.001171188693030353,4.53507122221569,2.1007928443215973,3.1045448953612254
2998912711,0.36221592979741296,0.4575645100387237,0.0020683536871584406,0.24054913034541656,0.26728264520218675,0.0010865345776178324,3.660988862098866,1.8656371143059793,2.5167884611535083
2999749448,0.3143591221383329,0.4420761039948135,0.0019864761085001494,0.2460744999574562,0.18984863598172955,0.001050164712434155,3.986350279312843,2.810780057329375,2.8174500513609053
2999750116,0.3498504152692461,0.1883407390395536,0.001852612187046347,0.2536435749261996,0.20842388054981054,0.0008682279372488915,3.9956193248853165,4.011267842737595,2.6444789382286644
2999750460,0.2361424636501548,0.41564792288176733,0.0017759411477790438,0.2378657775699297,0.234991378989726,0.001300407664347216,4.939571497507681,2.67092447592063,3.1593893917684084
2999751672,0.351699128172102,0.3421820333344192,0.002058220822071589,0.24210380542176035,0.2686457846479951,0.0012848302482765348,3.788681510896605,2.759588017867742,3.26932443966981
3019561247,0.5391177368687968,0.3834446573410945,0.0019614284967318443,0.22083485489115354,0.2301262236566917,0.0005826773269221483,2.274875472985424,2.2426951229692116,2.57662361560592
3038902071,0.4484384954810828,0.2586306341894395,0.0020899779469431765,0.2691741969054801,0.2343341241433856,0.0010766686033805014,3.385661413486992,2.9656937512467674,3.1256657639090775
3039742328,0.15725680168595954,0.26793492394384577,0.0019460207612455656,0.2043655462786966,0.16755049551305887,0.000985633315976627,6.725104918097172,3.7304518094665746,3.083685961851603
3118939717,0.12236813685397975,0.4469576299052049,0.0017375895834934136,0.20059658175036835,0.16538382380811625,0.0007365771372974104,7.132953116902254,2.493711082119292,3.4867184905319104
3168952218,0.2327529568661629,0.3311979157759968,0.0020649568422399693,0.3373550237085985,0.18712246531266188,0.0008367645172353025,5.25493383216571,2.4713557523692944,3.216024741864226
3213272217,0.3339153044770605,0.21703210331719774,0.0017015651211070206,0.3052417357540469,0.1476679554897228,0.0008674383104330869,4.217683201134021,3.413529435535606,2.818850465557891
3213610937,0.2328043870824424,0.36054197132879495,0.002026735891323441,0.32209988631520875,0.22558910860302814,0.0013400204120062288,5.308796494227929,2.233210231778558,3.2540423995307974
3213771883,0.5037710083021072,0.1719698320603351,0.0020230713315387873,0.3217950808515409,0.11347608301557376,0.0011790533643679358,3.324631169076272,2.6754691699205435,3.3803063726568428
3215991839,0.25770282915941745,0.3049544481960128,0.0014939751377674572,0.2545510344038684,0.22391881659230048,0.000837795431893179,4.941396890348594,2.783570631458482,3.6262098201562236
3249151290,0.10584594510369708,0.6350827577637752,0.0024739048673586357,0.14498449483361478,0.1756552642643434,0.0008151296557957847,8.351941036670711,1.2769065853995374,2.054575122758947
3259219916,0.21828625509482136,0.17439407473129934,0.0018073572933486669,0.2833008627919643,0.0993284317155616,0.0010093608046267924,5.580350924860227,3.9711629803250768,2.824400377780494
3397457265,0.3323115273118806,0.19215216850986735,0.0018225686817149847,0.31826490899141896,0.18079357876820568,0.0012464954445269253,4.267424310472719,3.3754948292156124,3.371287477560805
3397462655,0.3994457318656456,0.21131064378630912,0.0023162366056938177,0.30172527369169233,0.2302971992689756,0.0012634023024171589,3.519115325440391,3.648808317689867,3.145380754186216
3397465641,0.2842839976620451,0.26575175331985457,0.001859599761237504,0.2563688623363946,0.24378419739963955,0.001099193992183718,4.515632037467318,3.1306801897861583,3.0213883322089212
3397468387,0.2911047309887013,0.2341095976314109,0.0019393155554631406,0.2725372454547936,0.21976734471919376,0.0010990315456066524,4.515359957247075,3.3617464698552357,3.0057880719014634
3397472543,0.4356678426659128,0.3499308324750536,0.0019917214561735027,0.26617156048902774,0.2657098451891132,0.0011440155266579787,3.5934098526683966,2.76240924777324,3.0153610987726562
3397500309,0.31406014519761416,0.3500875374110535,0.0019844518105186274,0.2563838191632771,0.2837573240326999,0.0010730625055586397,4.1307920895488905,2.769953302414079,3.1527373357878967
3397529403,0.2204790004623981,0.4802970851039174,0.0016559717272058927,0.26626641189179195,0.3050937507036904,0.0010446371795971982,5.224585862370084,2.177523597086202,3.113262104539408
3397551299,0.7148783715277508,0.4394281879288157,0.0014133920771982262,0.35109436885147943,0.16146515722602767,0.0009768168721411628,2.4915868460647985,2.5576781744965755,3.5282895614030556
3398261716,0.4827277817104407,0.2112557142920576,0.002307643191057248,0.2934154681369124,0.2275290045740479,0.0012684639385395868,3.4317241983975375,3.385894421639521,2.677413581861243
3398303642,0.3643236200607057,0.47612711051544,0.002133120617734184,0.3621280810715353,0.3321603701558289,0.000977189109324342,4.391955900509286,2.3589774664725383,2.6793935338836574
3398318160,0.3415831973241519,0.2436179795079412,0.0021170909317623113,0.3120936481620053,0.30546006009756355,0.0010842731145494977,4.313413411468469,3.4173771619791804,2.6232013763582804
3398324266,0.24075299716119605,0.28357032403602217,0.0015905517512899653,0.2661579668187987,0.20617075787799205,0.0008807241076776018,4.986850672352073,3.8020897698051312,3.310806794349927
3398327000,0.4285893642749851,0.3449566406007077,0.002064917974491151,0.2839442120130207,0.3008983418656416,0.0009100301830119128,3.5559467921058148,3.0057815989773564,3.051221603360061
3398330080,0.18365730736220687,0.2723079570336023,0.0018983661862553285,0.24011404522844204,0.2576094442816529,0.0012261103840808766,5.564281623634969,2.970979487704742,3.2166057434141706
3398354030,0.3869741678324425,0.4791888701792979,0.0018836042963379753,0.4168877521224163,0.31538217705864113,0.0010634988029490334,4.064830556316866,2.33996557051421,2.503971894459651
3676878611,0.6135969639247278,0.5550347767238182,0.002539279600153405,0.2505029688940903,0.2841157526751683,0.0010844213794246453,3.02971021806932,1.6740017236343878,2.858808329409622
3677692912,0.5302737882233409,0.4885942708530105,0.002058994909650163,0.20920215121374147,0.33667705115942465,0.0009795716049572122,2.9764597473523953,1.960913545643825,2.861893567324953
3677693352,0.6296010310172477,0.5920835163479095,0.002477554417531402,0.2804589930654491,0.3176930423450677,0.0010319267934354333,2.855401066624185,1.6053547282416567,2.7513036775342368
3677694004,0.5351484323429379,0.4251245388968562,0.0025678485505568893,0.1890037226387624,0.19612873900468628,0.0013117546536780462,2.9039514357661247,2.1975132834085223,2.7322681550775787
3951504485,0.485738873964311,0.3794908847375533,0.002176845449832745,0.2382320029191857,0.34279208009407475,0.0010074354002822237,3.0151631142534496,2.2433203264312307,2.6638397179981923
3951520407,0.3331688282515365,0.14202027523483704,0.001795539207027079,0.28424887949719013,0.20963596949314453,0.0011961048077594176,4.386743646853589,4.742311583971192,3.415645630944389
3952254100,0.4085358861098513,0.19275016500951564,0.0018973404777326642,0.22473380188238026,0.14057958907313894,0.0011948201234494426,3.4530925965554284,3.752561154648154,3.4672389739787253
3978328679,0.4607521009868504,0.4474216895701045,0.0018218647802126422,0.2282222618810357,0.2369135651646807,0.0008852931788706004,2.939200391023278,1.5043015854136894,2.8660460102223997
3985075445,0.2977853301042323,0.4781167648784599,0.0011680452748942336,0.2324558754573964,0.29396861124533763,0.0008406932604583325,4.3396961594573895,2.2572914729945843,3.9113581419214887
3985077169,0.2968144938618953,0.4241181042960159,0.0013821538587722314,0.2316608574365273,0.2275491295052609,0.0009936694133061462,4.331579668957643,2.3513158074609675,3.5132666421286904
3985087547,0.2727700005835877,0.23513902827072325,0.000886304118928699,0.3322577210979929,0.15948120400961155,0.000789059388110818,4.736874746972253,3.1377932237563977,5.229400954708379
3985091689,0.6664767886390178,0.5419029834070608,0.0011887688735101995,0.41703486944060336,0.20676667582053168,0.0009626052128062492,2.9243699824440563,1.5470857383530616,4.040598621609385
3985098227,0.5373883996104661,0.2127668228116579,0.0007734641548123449,0.33591931817490184,0.20608431406992173,0.0009197547328850812,2.953983602293536,3.2921335551725015,4.93638385682166
3985102209,0.5918911556004669,0.6907605070683954,0.0018346874996794688,0.017400575754972163,0.2459504434570269,0.0008132921815722073,2.444551171630753,1.2674063090672107,2.9393984131441013
3985111577,0.5815946575163288,0.6751022288874216,0.0017010880123028676,0.15467914437206534,0.27022867756438923,0.0013714728864087794,1.0392400880298647,1.093585112486149,3.5387992707146245
3985761536,0.4193621508646263,0.20670485537499433,0.001240643977957182,0.2331035371888732,0.17187848134548808,0.0009982351003884743,3.369076228690756,3.385847037115469,3.9567639289753487
3985823224,0.731716384210991,0.348206585354866,0.0013529058669741808,0.3231315653506668,0.14047951632273434,0.0007961659456621158,2.3737872347842264,2.1641862634435216,4.3366046139386665
3985829810,0.3806279038996073,0.23582262396625356,0.0008615795155709021,0.34698530003128725,0.1659093780516611,0.0007897710195872841,4.160996399458232,3.2475124092430168,4.623815859561336
3985836358,0.4263584594011276,0.42091838127665215,0.001534530944508556,0.2924263959616201,0.26952614576536976,0.001137994775919768,3.2625275674350775,1.8098315810403502,3.399336979057436
3985870074,0.551473460893906,0.5754439852536058,0.0017824762783542245,0.22620857711471876,0.3322398035949034,0.0013874335218485511,1.9899246989207444,1.5837466793605295,3.204953313832922
3985873730,0.495237732175719,0.5099389332114349,0.001382378510829093,0.2727826566418888,0.3425673693943255,0.0013916355549248092,2.678144416715398,1.807883762455132,3.632813277193778
4056769011,0.3060821167954391,0.08723320923716193,0.0020401295678538927,0.2606168903979977,0.1271534872199322,0.0012352448231091318,4.537829651482134,5.618838575384123,2.9157586202940027
4057508220,0.3890798739494713,0.36223143709364736,0.0013030577368907965,0.28207875774162605,0.2519406755483008,0.0011159065278063603,3.825836775422204,2.569608740449167,3.9361886270632684
4057508622,0.3891619215792488,0.2827483228510628,0.0020145015620431565,0.25952523947918105,0.3516399922975796,0.0010246732864936806,3.67174238436172,2.8926673347224687,3.2401039845863986
4216955108,0.4913177866963739,0.5262947567450529,0.000954317432033384,0.2843421442170976,0.2451983159540189,0.0008386870234437334,4.1971165878174075,2.331091420196974,4.005824227698814
4534113784,0.0,0.0,0.0024013423408573093,0.0,0.0,0.0013650957809254875,3.6978139041838505,2.037004782730622,2.758586002671698
4791684371,0.4348531027943276,0.3984214735383695,0.0022671782740064034,0.3510330680628425,0.2947946450731957,0.0009797854537002403,4.107797939172357,2.3959310268266067,2.7065582233803895
4791687247,0.13027652183575794,0.16203414804109742,0.002875295872573304,0.17780019862043814,0.06858627460894325,0.00045558195305848693,6.870813468204579,5.693083254367117,1.546664572119448
4791703957,0.4242825090897385,0.11258089048116283,0.0025531751821019767,0.2383677327535828,0.1587395164420126,0.0011266077141403846,3.605712873790064,3.9245621722979607,2.8195070932065707
4791704809,0.4736830617984433,0.5750591657912565,0.002296812891322648,0.40424943627322,0.2841908347375076,0.0010103213451454836,3.895442541289166,1.9013430509821583,2.841386332213497
4791735809,0.4355318442192658,0.30167151116650875,0.0021717326091950334,0.3336204230939088,0.21196698868849945,0.0009748399986697412,3.87668860053677,2.822526414019847,2.9234965927550847
4791749541,0.3510644058933272,0.29415557074483945,0.0021521299846556092,0.327690106983618,0.24865631664533336,0.0011273446466671419,4.234786199416972,2.8726195018476224,3.1323205638713025
4791772681,0.4458941124406073,0.3450439222693468,0.0024219097990724713,0.2309713496360881,0.1974083460527844,0.00107046975722162,3.095607905705495,3.07484009366686,2.4761807920669225
4791784389,0.4592664216718968,0.3605688998116221,0.001932623188355506,0.3023359528866361,0.26694678538912114,0.0010344975948850907,3.9411653050212903,2.7216536120189243,3.1507709109327524
4791792711,0.4286854451323767,0.3311096692940005,0.0021557023690355007,0.3030864781826249,0.2177695859901783,0.0011052279858972758,3.9946331927131276,2.625806525940882,3.0478874994100695
4791843529,0.2843333662291044,0.4655074654633866,0.002088376912090828,0.27275883925582906,0.20793668786216596,0.001187866408298104,4.336095451056119,2.179087416687194,2.9982414166031233
4792290086,0.3368411785720985,0.3191369241851373,0.0022945145837879005,0.3004984762807337,0.17256520495351416,0.0007054688328549727,4.418695489320606,2.4530234267512023,2.653721142519237
4792311308,0.23526378192460384,0.4026022902561583,0.002476933865815004,0.27369344718288313,0.2288664362612273,0.0008832575881678414,5.194086266710729,2.497692205914419,2.292100570072958
4792317644,0.4327252815227644,0.20523691026716825,0.0020824431351766847,0.25918797576831404,0.1881404150745849,0.0009473476861207881,3.36295972742643,3.611641332076564,2.9563791299788864
4792323134,0.3588155802538257,0.3299409378654545,0.001978779778242215,0.33630292281474466,0.21353406264056585,0.0012298210568182164,4.278205120870032,2.468128373648881,3.3217356763449915
481403224,0.4540076661603729,0.2794328834992101,0.0022038936819167693,0.2648540164037904,0.2489034871534091,0.0011026595529401591,3.6679663123865596,2.9346521410343205,3.1123852424876324
481403396,0.5446901311824227,0.22656884466681884,0.002027105390234392,0.3046819162387789,0.2360741289073183,0.0010653828428636245,3.202552160226549,3.3423145631341065,3.0429622879755986
481403732,0.4834748917595265,0.3721333146821365,0.0019169863488400593,0.28506542675970165,0.28096965061111506,0.0010792067912244515,3.560727743318712,2.5807073578254434,3.1222533847575424
481406552,0.4743346214974608,0.305824425966344,0.002140855773420289,0.2749253155265373,0.2423760772414064,0.00104676908435275,3.5499052110428235,2.7915120432236353,3.083040165383956
481407168,0.3949023669890723,0.19664306473678486,0.002646689119568767,0.3239782016816497,0.21237186686889048,0.0013285909321092222,3.7306030431426436,3.2111282640280394,2.4236385494198807
481407628,0.4685649481600132,0.1767460238812812,0.002389269603997842,0.2838267807014848,0.21859467650648534,0.0011230944627476952,3.3271246472994163,3.726927375643234,2.9552265165011815
481412759,0.4053242888803325,0.3045057052301444,0.0020294141637831327,0.26704604582469976,0.30265758395308673,0.000851828648968087,4.013390335656207,2.7571958458294814,3.321651893379777
481414417,0.4244162776218246,0.4321758993173496,0.001910203480712485,0.28589063015657706,0.274761734787412,0.0010740871201936203,4.135356808358745,2.2521675095213465,3.211965708227228
481415219,0.4944376470255682,0.2373301470363639,0.0023427803255157407,0.2944187036467819,0.2079110461081744,0.0012129239931920025,3.343612916921706,3.5368772526360623,2.730496090128334
481415895,0.4988973129753922,0.19647532811144874,0.0024084830552348283,0.2397157949232235,0.189678315310304,0.0011546910670110096,2.9605204204523696,3.2934258148455933,2.9279085647487775
4846887335,0.2338495419423442,0.21634067400091064,0.0018298314814179817,0.19215629293618453,0.1443122172135049,0.0008727357496594496,5.692744453907525,2.8153874362872315,4.038809334071756
4846888849,0.18450228413261235,0.3165956525646639,0.0017200339295088624,0.16429445972469658,0.21706818874413825,0.001076537796070172,6.277586373073122,2.9145266578202493,3.559613588751492
4846889025,0.3292133955630118,0.2353858556906385,0.0022861390700423746,0.22345099088221512,0.20553786946946573,0.0011315523075932092,3.939386730778146,3.253778936420444,2.6418602032525387
4846890949,0.20954889588243394,0.325819863035568,0.0018210925285146483,0.13952554202103162,0.162550397281846,0.0009962492266131556,6.091177850466564,2.7093896283020795,3.5027618525854405
4846891119,0.17643023526018514,0.2732753961905384,0.001617688629915566,0.20421040738095,0.1971881875299913,0.0009808170508475089,5.732265172472972,2.697326863654875,3.8374946855799643
4846891629,0.169580302953155,0.3856064755667648,0.0018533724340176728,0.3145296562607254,0.2709104907895453,0.0009427748688360993,5.785620436974039,2.8156433570974437,2.712062330761941
4846893179,0.44723140952545987,0.16492243619502867,0.002384808960656147,0.18532937526724186,0.10537423001187564,0.0012384290138428365,2.9235357445264087,4.2881383123406485,2.4751571821153777
4847507978,0.5172385197361526,0.12145583716388055,0.002409779202696943,0.14488321397685494,0.0826472537533543,0.0008899587651535943,1.9386162342289417,4.514733829470373,2.4059929450215494
4847508088,0.27201565776554626,0.1918404681148794,0.002144853394665453,0.21650113517624311,0.19301653625142184,0.0013262849473806753,4.302148543777988,3.0396675066752135,3.0983661701745517
4847508172,0.3687222257799587,0.298728051571852,0.0018802593701840575,0.21449050952827536,0.27323599497732265,0.0011594260941366582,3.996909952350458,2.6730971381029374,3.0976020904550765
4847511916,0.2640675812595429,0.10606040191187499,0.0023351648750477754,0.3586326219700478,0.05879843769128154,0.0005938543857559744,4.666669025155358,4.38127478268119,2.6186035016370255
4847512108,0.08890324702953166,0.5604270460343738,0.0018738083254692445,0.06482073266886439,0.16279823084736855,0.0007889155760567935,14.168969720375877,1.723066697767969,3.1629755903784056
4847512208,0.07973602641138537,0.6620990248490911,0.0024021564628988325,0.02788068330721817,0.2716418834646321,0.0008495089664851085,20.574775360132985,1.1402096589317987,2.938801648353682
4847516024,0.35085332093999816,0.18282546539293987,0.002476825256279368,0.2528665459394833,0.20030839694275376,0.001186685111009605,3.852229906841818,2.7992924278781195,2.7238222143906685
4847516728,0.4765353510394642,0.2663746757476082,0.0018103721534078786,0.15869118362759485,0.22366897425909685,0.0011897760977324565,2.689902629122101,3.419200563362608,3.1457958109043034
5138240457,0.18435832078385286,0.23477940717225,0.000861781983759697,0.2594318582220517,0.18823255199854527,0.0008543744637875829,5.798520448670521,3.3715306422044886,4.960029609715701
5138246823,0.2421317127294588,0.27276015020008715,0.00196085537073306,0.29832555598510413,0.26335965548635426,0.0013080413051815493,4.859084108582458,2.9421181139409787,3.1644122594795974
5138256361,0.3391555690035337,0.32098904076025503,0.000874608190547645,0.355628915374405,0.3150496545670201,0.0009776867657830615,4.100092731698783,2.885431162984605,4.766987742603205
5138260287,0.21788711710244352,0.17918929943678188,0.0016833247638767055,0.2377221142813044,0.20085657400757856,0.0009504433704424519,5.492386493253274,3.7740626692190675,3.2543540026907123
5138269497,0.2332257424370888,0.1098015569264504,0.0019442885266556344,0.3029981238947995,0.10475925371791918,0.0008054692701377619,5.124390758093199,4.038542732910875,3.2810277378790835
5138271265,0.3043310754349327,0.15290612376197965,0.0016804125382729686,0.30860525575440784,0.1845487463361799,0.0010826169410644683,4.359334945072533,4.076014089544524,3.4762058096119137
5138853562,0.2679069742756317,0.3255130737767976,0.0016671665670755645,0.3179403336924029,0.2807302879187341,0.0012418787404950052,4.74990987595473,2.7668044002039642,3.5565540843246555
5138854992,0.2356837832291604,0.2279668967644031,0.0021772693542332373,0.300750178537044,0.22605581463003924,0.0013532503187454188,4.926894995469194,3.2196062620953207,3.0022537247320957
5138857954,0.23303327928788445,0.3639415715390391,0.0016218636020436884,0.30658043405211893,0.2923838943452189,0.001147156843571351,4.969851575268271,2.562041319570608,3.39911146018248
5138861770,0.2821913728902736,0.33885308929822394,0.0015860827392614393,0.3278813810253402,0.2857026032988035,0.0011985928990934575,4.622415976313608,2.6248481066198135,3.6276173391690927
5138862812,0.22841999849666084,0.36470686193529145,0.0014970356165145287,0.29817465942903376,0.28506149148163884,0.0012120835612759616,5.04926954851379,2.5666868378456207,3.4658560392152724
5138864974,0.2648172716496536,0.18526737122068346,0.0012001501739368724,0.2670432242812019,0.2075963646478034,0.0010301075901275364,4.722727367603854,3.694897577486804,4.109084557205184
5138869458,0.3565365888867735,0.21182051424880696,0.0016705035597985153,0.3195079434717896,0.2398092932604889,0.0011741182739924887,3.9812874789919155,3.469527190515023,3.6975231231679944
5138871416,0.22589217942481504,0.18401330597289725,0.0007843649569443744,0.2913604435912124,0.21413066499009287,0.0008068957487380984,4.969472819677754,3.65112023184164,4.41059947858871
5138871926,0.2393127425847977,0.3357273983720202,0.001060339813695349,0.27690338575564033,0.2362792304228577,0.0008985981143955898,4.906833902082742,2.835369937519992,4.287683964452801
5884122323,0.4139925391499177,0.2629768622163985,0.00267446313469143,0.28824951318240427,0.23471000451286006,0.0010764969634318405,3.923023089890102,3.6252489410458946,2.6947106600229542
6417790281,0.14256312529058174,0.40298991851338334,0.00016800579125828523,0.21293425505733587,0.3846922131335531,0.0004149237964515384,6.2704239091333145,2.3778384500836216,8.706659419909148
6417793045,0.115961659993055,0.23923429449051875,0.00021485254574057726,0.1855867957347109,0.338139544241022,0.0005414666013658939,5.808078819761002,3.23194530983743,6.89112309414325
6479931561,0.510760153272305,0.27376394131140463,0.002710718654063869,0.17600008692713046,0.13254924830592044,0.0009543198860236943,2.2689111993074462,2.6475198966352558,2.3993247268216464
6479933111,0.551723151890166,0.3222418576459576,0.002596757403308609,0.139294146325094,0.12943489400801086,0.0008050409075316317,1.1199184443407777,1.217059495369703,1.730097263563807
6479935103,0.5225282770665335,0.21218545932477384,0.002392696826007255,0.18313392065229456,0.11964215511894268,0.0010040917744640338,2.1660452567869504,2.8002548103657006,3.011989658131855
6479937569,0.4850103137292375,0.17046315796493233,0.002121086161132228,0.2217400446455546,0.13008497118255827,0.0007671098749877745,2.8529919704462126,4.131598011805847,2.63312647469903
6479939945,0.4189139476268255,0.283583388042387,0.002219932504592363,0.23761710943939984,0.14793795707132273,0.0011624901848627757,3.2556261122143706,2.9612890311731404,2.9848201561849264
6479941871,0.4717448120457671,0.23693847918819125,0.0027022998084589344,0.20965648124656888,0.11272067816537712,0.0009903099723374696,2.6882819372758027,3.118395595939994,2.310662848542722
6479967277,0.5059423385124695,0.08197688967682741,0.00243670327767142,0.19752543297813968,0.06127978057590306,0.0011070809310741731,2.4908743592603027,2.9092563054988148,3.2549099942230266
6479983763,0.36709113904544144,0.08332511083096662,0.0022699818157255894,0.2838711120254836,0.0915688633465181,0.0007725443333135359,4.0148846450224,4.2300326515554545,2.7816659955246403
6479985501,0.5379012781040767,0.16224957143104754,0.002595588806799989,0.18802482301618725,0.0951773892418096,0.0010645312657698502,2.1463376269326173,4.685248937284477,2.4492220155672224
6491457719,0.4994435492108349,0.37560012183320896,0.0022128305929920164,0.33639370177791045,0.3548298976119665,0.0008564634526517595,3.679816779794846,2.7467208346246443,2.738725987671255
6491459625,0.3702622695087984,0.3193975772347099,0.0022208841214913923,0.39683195786890696,0.26613888405121805,0.0012043289605406901,4.2034737735350225,3.0112271317527917,2.83919264332557
6491460601,0.5283572268981249,0.6309886906115714,0.0027300310691312523,0.2257332635413897,0.3883863620080752,0.0007790289933914526,2.623872607523707,1.599433037112708,2.352192781466247
6491461031,0.5200998638338523,0.3907223468126006,0.0025751244208452387,0.38217671768154027,0.3222244118835931,0.0007927543127910765,3.522744937057897,2.6050360202702394,2.282102752021993
6491461471,0.5088973765437328,0.4522958368623311,0.002176035597304299,0.3871776814172576,0.33629269573391923,0.00099253487287636,3.582293823462645,2.323511962541943,2.371695878916566
6491462245,0.4672219517369058,0.3899499703671512,0.002627160216733094,0.28399650214134947,0.41778097092314,0.0010498307986401988,3.477650978897647,2.631105054484279,2.3888946970488787
6491462977,0.5141973997278402,0.472392161854604,0.002718023213524733,0.3749448815579609,0.4369704458654688,0.0008519229012576413,3.7924713107094354,2.2506962663889336,2.182869913968405
6491463383,0.5720168366944794,0.5024475244478313,0.0020978271004568334,0.3862114190185601,0.3508003951830764,0.000893139175903142,3.374540294526503,2.3120033894171357,2.986866109131795
6491463861,0.41806023981014506,0.3652148712982794,0.0021749427397407687,0.3656722078820948,0.26805806296847084,0.0011227903271341165,4.055497719974757,2.7610257538543204,3.0187217335423813
6491465199,0.35632413829125653,0.35328822089772083,0.002317590947348676,0.3334600724581454,0.3520227217324498,0.0010566150884900797,4.17259990985139,2.835756237869918,2.4591228604744297
6491467273,0.4910924502634933,0.5058901703881249,0.002479372382763344,0.3270777956628407,0.405482770542396,0.0007829142803075362,3.823220648274573,2.2202654700296067,2.4672743017274765
6491467667,0.5233044555013696,0.3184333251326511,0.002465741866433761,0.3569072747032695,0.3343682804803365,0.0008869145358156002,3.6917678478937006,2.8970488482655337,2.4165906125217362
6491468795,0.5796804954091657,0.4645800226706177,0.0024584022084367762,0.42825486824540027,0.3442175217045311,0.0007605285393198521,3.276041706750755,2.392655449781005,2.5158221718848033
6491470619,0.6436477073370014,0.538548326892807,0.0026535615199973534,0.3819788627098649,0.4172618370722489,0.0008958352654922367,3.0819656233213992,2.0451215912713208,2.5444446519086243
6491472913,0.4832362389075774,0.3483661397040865,0.0027720723722567237,0.38785087463339774,0.3470796362376201,0.0008456209618422143,3.7697198962091916,3.005163561374104,1.9625749422402994
6700311309,0.3584736982733229,0.18757045202215689,0.002403055978097505,0.17804272025282342,0.28120391500280445,0.0014269598849889814,3.6006004689520195,3.979247880585719,2.838801559563264
6700314595,0.17586487604573198,0.200984865814488,0.0025531249807240987,0.14821484283824293,0.29658353894861617,0.0015210524350818136,5.4453791867413885,3.665813003029875,2.564254609287876
6700317529,0.1313417606036974,0.13482677563928586,0.0023164674279958397,0.17877306871891854,0.21311735727785008,0.0014320120432419414,5.901953064783458,4.587502043979875,2.8815053744996364
6700321899,0.12811454025095584,0.2536220471379053,0.0020024591117766585,0.13258717331110734,0.25702161836669096,0.0015535403846150676,7.864195720904963,3.209450124300756,3.2730494198536433
6700323211,0.15445108704514698,0.171561337992386,0.002326303622423669,0.16096305162452726,0.2429688848632431,0.0012658542013764627,5.664820217080961,4.278045192848326,2.8174190547992306
6700328527,0.1659820552665214,0.3291966481558115,0.0022242821456980926,0.2586022851155339,0.3941700676814237,0.001593162640233167,5.627019932563044,2.757471335806269,2.92845706217582
6700331305,0.3288768896886438,0.2552320093659574,0.002034014761798146,0.14413736864199536,0.2931869388956057,0.0013809772980791846,3.960580475771125,3.2728745054584194,3.114081759436829
6700332213,0.2275808881592894,0.1768649863182144,0.0023649923044285147,0.13731963859639848,0.2816890970280932,0.0015005251290816832,4.926426482758674,3.9010392013258226,2.6352339913057223
6700332883,0.18007761541720207,0.26362516192027546,0.0016581600690591864,0.11687098653505605,0.2565174161266737,0.0011039165407323117,6.690810825132491,3.8444608904053754,3.2000521509345514
6700333445,0.15161981844290062,0.2316784678082886,0.0023377253627971414,0.1147065936482103,0.2473536704168219,0.0012663703776332313,8.544575426026594,3.769101055394203,2.785336077127321
6705163319,0.00717950654582053,0.00038029362882706727,0.0018140543202650574,0.055987324306567776,0.0038488716384724813,0.001183282657223787,11.890218534103784,30.663013424953817,3.19161275071825
6705167201,0.444642279060686,0.39976004144108307,0.0009589974091013263,0.40414528000016026,0.348877228899298,0.00102948015876523,3.6854608029287323,2.630768730505304,3.9420901103340973
6705226949,0.375732807043886,0.4646115325589317,0.00173671837446303,0.27784638722200977,0.3576661940583952,0.0012835061705041967,3.7618272212876285,2.1434360489984563,3.464603053541228
6705243765,0.4010198164983997,0.4551121941169661,0.0017487635154722822,0.24776808324294586,0.3716119494733497,0.001271404706313555,3.3834523871061104,2.480882264810452,3.165415648880384
6705245497,0.1938880387223189,0.2782383801294849,0.0018703436563884343,0.2321545980911599,0.2482976399571842,0.0014064275484196966,5.335808978481181,2.9199484967113705,3.181624320267453
6799483464,0.7843634194993434,0.635884804899352,0.0012343323132128386,0.3121112560798981,0.15115897126628206,0.0007072642052710587,1.913616167951057,1.4385464954585991,4.325342794054301
6801572390,0.5806592630435904,0.5491345929413388,0.0017917372087657988,0.3823033419745664,0.20335206711160433,0.0008141666943521657,3.240229153994668,1.5707874269203217,3.4691315808669145
6801572484,0.6968431339878712,0.4340369446180884,0.0013319222684963364,0.2904748425097831,0.16262551704349745,0.0006049041073911147,2.2594636176039957,2.958026878917158,4.486399598705649
6947680077,0.8536898321744293,0.6565993953008106,0.0020595158480278463,0.14570186308564462,0.16387957818767407,0.0007599368304446847,0.0,1.4236932859422975,3.435375663649746
6947680431,0.7610157270473598,0.43952907025498333,0.001797543960015284,0.24644696276598174,0.1699490335677842,0.0006801197319979784,1.5573923078904262,2.6599901511747674,3.529777869242669
6947680571,0.7694985773910894,0.6361442121068913,0.0020880141040693014,0.229736701774409,0.12410688166845844,0.0009385609756682137,1.588852976505259,1.6691773204667966,3.4987030492571085
6947680687,0.6068766157447494,0.4589168781035108,0.0023275740792695595,0.4551391227027706,0.27387413595450544,0.0008103385351268822,3.2580305544370427,2.377056597278087,3.2386394100988074
6947680829,0.6760827018975766,0.5098632547822906,0.0023251351928628215,0.2213521804390588,0.2566670265069535,0.001035716292077354,2.0273604168278183,1.9895543942236649,2.9070815860679837
6947681083,0.7919661932579094,0.5528547187265063,0.0015514173458349141,0.22180064254687248,0.1808644072111443,0.0008100082754674554,1.0924414815210528,1.8403602961517542,3.5878415692193224
7423550510,0.16727080629198413,0.4413991546330277,0.0020336785338970747,0.1970217223187482,0.21628185303242686,0.0008939229339421795,5.962699699269779,3.030217050132837,3.0872686301387176
7423569506,0.4921918694574137,0.3356123136736327,0.0028829100213434845,0.1895445429842213,0.2312419363925893,0.0011381230852808165,2.952066138433232,2.4838588031122497,2.318897868741685
7434957772,0.3739251744603405,0.2772209872633761,0.001929340366894966,0.304352465968632,0.2109267584871661,0.0012138287943971413,3.9650799553031235,2.9235133210400845,3.2732020243396303
7434976748,0.2993259182005127,0.5454401426297583,0.0019214411643475825,0.210443691280174,0.21785584089987525,0.0012874548834998444,4.507995505697893,2.0364023913803906,3.323379419050035
7441611662,0.466800299224029,0.7708690932107598,0.0029892985782259012,0.3196206742067084,0.18986007545739989,0.0008511909144899309,3.7540598943265335,0.8726442257106792,1.8796905112145685
7657020532,0.2750975331085339,0.32947997605034574,0.0017726361193950387,0.2420034082058721,0.1557885027523108,0.0008790459400578371,4.41617364605972,2.9555502433757916,2.663616726470588
7669667584,0.17450222032805154,0.425083132872594,0.0027281531199761268,0.2315959933728686,0.3619007493173768,0.0012862671166564636,5.894657337373507,2.285824449688081,2.4444023544868942
7669686422,0.2816251789019593,0.2732062756132189,0.002589067040943351,0.22131364138043447,0.3154369305109829,0.0011475695363429743,4.451567435548222,3.225636189707976,2.39157743920818
7669688356,0.22399709960399916,0.2710710024135802,0.0024774670539134684,0.20886046816881845,0.28630316482631296,0.0011354466061203868,5.430690600661389,3.4428773485732176,2.206537956827685
7669731928,0.17441012061370148,0.419500468818884,0.001821685820560205,0.14140117820101478,0.2931820783295088,0.0009858276917364991,6.893772887118299,2.3504844727703342,3.5540743936635377
7669734690,0.1806756626564116,0.36398702934088506,0.0021776516909622922,0.17247378850819572,0.3166305432233683,0.001152607970386793,6.2785672708581295,2.7959111801908945,2.7649114312492755
7669740696,0.1926080142374591,0.32467429437440576,0.002332100443295624,0.13260790186222074,0.21903137330404765,0.0010527954003151183,6.605036706639754,2.4949129545228015,2.8189116112309587
7669743422,0.1571575552413074,0.3397207165127695,0.002436099553924985,0.15708980781759174,0.304362693314816,0.0011000749090209947,6.154283839675628,2.6865266665128273,2.625250725528491
7669778380,0.12344943885011744,0.37173934465096375,0.0025476319117299358,0.0981028212184194,0.3664229357534959,0.0009772274332785183,7.609713269993005,2.7998173596434355,2.2727923917172443
7669780204,0.17366350606035014,0.3441472790559705,0.002514939944321644,0.2260629302032402,0.3352742660524833,0.0010755829079543307,6.28844322660046,2.841399547851381,2.55250741672518
7669793312,0.15552790615498416,0.1414283913674865,0.0027732422654862146,0.15084769942481585,0.19980449334068487,0.000774809142119873,6.934266214479801,4.6280053171668545,1.3707267332473925
7669795154,0.17225764293890886,0.37154503908557707,0.0022204093884188123,0.16102202167183655,0.3176518985859045,0.0012634869851290429,6.841382400839176,2.816311459216016,2.6747700054703696
7669799210,0.1545652934789642,0.2521016428200912,0.00240362205453885,0.114683257153269,0.2460572213991306,0.000942964252181635,7.790930817068971,3.5339017513861903,2.2293687131415334
7774626850,0.2416656732033981,0.7871080963910371,0.001454144976677308,0.2632533933341432,0.3040725317917056,0.0012737126567538145,5.188149583894479,0.5900496565843725,3.4167689865441844
7774639336,0.2566285697597533,0.5920721662240405,0.0022443285483339237,0.15519370149525946,0.37300532536192577,0.0015486250387449086,5.451754078939868,1.7529000240910897,2.7082970605502563
7774768304,0.22595060356634855,0.6956945212816821,0.0021621061408261567,0.21987688533335034,0.31014558608368115,0.0014614107721933375,5.651938180123102,1.3941552580356738,2.8182668277349148
8525061998,0.28943328763402404,0.2252266939069704,0.0029339557183884124,0.28217072422559863,0.2865524020747461,0.0008879181788830522,4.272189819137795,3.5033346123204314,2.127475744677918
8754279197,0.4221114902592673,0.20685983293977026,0.0017406978373991678,0.2907827920123896,0.2100200206749175,0.0011917415529328554,3.72763916611595,3.4611078505934594,3.1912852479918996
8754279689,0.4809466049693518,0.3566407135998293,0.0017139352963112411,0.30844530247900853,0.26681489425812016,0.0011313192087561404,3.553166492277745,2.759036049257505,3.2741206848439752
8754282065,0.3766181541234348,0.2283954441008592,0.0015824364156544284,0.2947202785343219,0.22688015791948074,0.0010631756776490447,3.9466099991190653,3.532613525514639,3.5535053735347377
8754295435,0.38811267150127815,0.2746338711956789,0.0019705755120748318,0.26207684737835385,0.27116124830826244,0.0011542440841767814,3.8371499321849876,3.049630162581755,3.127867133871349
8754304907,0.344375524697294,0.2635814062401564,0.0018522082867180813,0.28063233668051346,0.22263998675245508,0.0009981830616915023,4.089833244476199,2.774776078004982,3.029807460666121
8754314739,0.3589977533824433,0.26184545761508504,0.0013262800978602865,0.2848163669120281,0.2336848690588665,0.0009413359454290057,4.0461225318510365,2.993962191889855,3.38745341886685
8754330321,0.3981542451631709,0.3171642582808136,0.001582595190345997,0.30604353349106905,0.2444379342974153,0.0010014502924839243,4.035559700282208,2.8105632797455207,3.596714924779913
8754334063,0.38997166005887374,0.4081489258105364,0.0020172573958040494,0.3220342637341351,0.3169857246237817,0.0009818531824599694,4.078137035891044,2.5060259345227816,3.0032308221008144
8755383884,0.3207374740837608,0.2903356330279562,0.0020840907343328183,0.29026760226966064,0.2241070408103301,0.0010406963088435816,4.367866556338738,2.8347705130817316,2.8379650997597423
8755387494,0.20058808462969951,0.4483047084854031,0.00226851469693436,0.25618376799855136,0.29339337099390483,0.0011407854854813642,5.143621206586317,2.331777970358267,2.7306591268908327
8755397068,0.4080125953877285,0.3191856973946749,0.0018133654762028965,0.31433134285498743,0.3007867795959799,0.0010396752595523264,4.003345079941847,2.968456159841286,3.274312988883045
8755407226,0.3714125258860188,0.3301693207798169,0.001692464967851397,0.27800450314872976,0.2596805256551574,0.0011677845526799624,4.116993033790985,2.712687997249483,3.3591829353466673
8755425458,0.4236848228276376,0.3075467680244791,0.0019852230546578823,0.3177759295740196,0.23530700378292466,0.0010655357283797706,3.7644623889675053,2.8473892702875023,3.0237315073738364
8755441444,0.36181437907595854,0.3209376309516195,0.002050593153707215,0.3014096029331003,0.2725214614718936,0.0011437970471990784,4.090353752271663,2.7062379766970217,2.8935566178320298
8755451638,0.2814057305453496,0.3453502085284604,0.0017571958117287582,0.2897431309266699,0.2771934487865643,0.001220236300080347,4.485996707419964,2.669659788297487,3.0645529751339105
8991938569,0.42702707999345,0.4557786082042542,0.0024439968113090125,0.2300084747089416,0.27531044430206225,0.00086517026589872,3.219657959928748,1.6367779165561753,2.266885637327267
8991943745,0.3090660944525426,0.4746657070865458,0.0020634740763194608,0.25960262063383094,0.2577128808535236,0.0011724862269387407,4.266121281316705,2.162504320062249,3.1299286268848454
8991950803,0.41262525234501213,0.22175303866421767,0.001971261250901503,0.26780065332647635,0.22969335078368575,0.001075161869654017,3.4334626247685667,3.317944822495897,3.1633475594754525
8991955645,0.13600299567603594,0.2803675136577196,0.001870885541349905,0.1905442844060391,0.22398080353000005,0.0008505891292958176,6.389302122977056,2.9795185548590934,3.422753427671015
8991961713,0.21453375998926746,0.1683330886584528,0.0021169077661274517,0.2515485800501993,0.15759082343439212,0.0007684164391744755,5.256916147430019,4.206460448013781,3.2717026370669515
8991972315,0.37157992501831744,0.19083786163697614,0.0014712511920234625,0.3353035792619185,0.16234955145249416,0.0007266445368175753,3.9604787323892894,3.981021089697523,3.861988898793591
8991977797,0.2164370711560408,0.23454512892983376,0.001881214638571396,0.25517080462287883,0.2082325830552732,0.0007436919457771617,5.222703712228428,3.596633492674801,3.379705041695244
8991997243,0.3595015616390356,0.5097837390439239,0.0006397791228333933,0.362115985447336,0.275389947753934,0.0007535724922497346,4.312644861519054,2.2526264060638823,5.343319181668452
8993141420,0.44386209966333934,0.3724480087042527,0.0021834265582983533,0.21724275360603185,0.3246641744264645,0.0008455877089146318,3.056480301116032,2.249199146495134,2.6332726457227866
8993146626,0.16644294638360765,0.24855530362390496,0.001765020890175763,0.20093229492847456,0.21776299743406494,0.0007051053872663634,5.788753102247861,2.9879562539953675,3.8797819914784384
8993152272,0.1372392662383739,0.2798333884509227,0.002060199110033192,0.2296534949740542,0.1605817551588329,0.0004834653750351376,6.844864058846582,3.4580246749200683,3.1011420316399767
8993156578,0.1563911174744592,0.2476023652191307,0.0020880049156087447,0.20139917617268432,0.18527502606340207,0.0006101630449072675,6.238482856085327,3.0675738402237545,3.1516389545067094
8993169230,0.13236590523636288,0.18473901213621108,0.0017442867779183036,0.17700572665065087,0.11455145220317227,0.0007443044989420776,6.897225142650319,2.419883350376473,4.500695760120249
8993176772,0.07606819241503217,0.2548350400433867,0.0014785252708984468,0.06586991527096556,0.11175540236295373,0.0004923915208710113,14.59655136411201,4.488748672003912,5.053440338202863
8993188812,0.1552085127099801,0.2454105274790792,0.0019525924377214944,0.1605983310429676,0.20416402718814256,0.0006738629985618889,6.175759837819989,2.9581831433733,3.5982321465213563
9186157305,0.20929217120210766,0.28258820607688584,0.0026912355965651572,0.16304704988243734,0.2420342376570745,0.0009197925229594445,5.547836119404883,3.240526813696854,2.303561979193704
9203105571,0.36348460196921584,0.6261457360966145,0.0008673898975762776,0.2754709754415588,0.2856225208827511,0.0006988903569393504,3.6253519284994358,0.9997105817195218,3.7040741729613957
9203107857,0.3769922185022076,0.4890629666004562,0.0011779794558110519,0.3128277260619223,0.2369852252556447,0.0007350556095326201,3.9153168025966982,1.9594770419239667,4.812020362676961
9203108375,0.33765817815826965,0.3771187508429383,0.000999982127456225,0.2822252930980145,0.3149591797379604,0.0011358182608025118,4.211749538176672,2.6822584507031273,4.628338378460375
9203111957,0.4219536103141288,0.4604704016206222,0.0008483387193423008,0.27297177199180234,0.24532564433723736,0.001024391708243582,3.5165881349873875,1.8657134507066735,5.000718542563189
9203112839,0.3954447588651839,0.41822456893593385,0.0010004516165533198,0.2973224762293117,0.1841049335323718,0.0011873986740337714,3.61836285617862,1.9387548933770182,4.307864844528185
9203115019,0.19440467301996356,0.306678575165698,0.0004184654319833188,0.2864600442500444,0.3246181221374496,0.0008087084702373008,5.180322414312775,2.7793569360564137,5.684872452400221
9205890218,0.3683593433939625,0.4919034640283325,0.0015062342619435814,0.27009380267782845,0.26777815984486664,0.0009884325311549267,3.8129968674981543,1.8879371432823286,3.53366143331485
9205890648,0.44139461422613774,0.5367458343965831,0.0014833427198825328,0.2762906327076706,0.29610066398468865,0.0009722751193538552,3.349040173041712,1.632481532743828,3.3986835714706505
9205893280,0.13854124003483986,0.2534160916186037,0.0005418726223340066,0.16485290598832894,0.2501455443528288,0.000776381765230023,6.4292524401966835,3.512978079848303,5.02746626777803
9205897206,0.4006610154675769,0.4193316530474023,0.0007308103489881599,0.2904084972531468,0.2576274793173521,0.0010814575146673997,3.6327076557251936,2.369868426424732,4.803856062858741
9205897640,0.3797816992924549,0.5174326821062623,0.00041407996231517257,0.2862459493735912,0.3326837109008639,0.0008221383915965826,3.667976069644514,1.942319186477108,5.856023771661775
9363910295,0.41985883020021414,0.3134131936067249,0.002213147143046286,0.30013050650825673,0.23870437109089776,0.0010578319577605898,3.6117743100226276,3.2789639892087354,2.774633685108284
