10405932235,0.046084084084084084,0.04790990990990991,0.12387387387387387,0.007219219219219219,0.3354114114114114,0.006528528528528529,0.00016216216216216215,6.006006006006007e-06,0.0005285285285285286,0.007195195195195194,0.42508108108108106
10423178764,3.2e-05,0.0,0.038421333333333335,9.066666666666667e-05,6.4e-05,0.5241973333333333,0.0010826666666666669,4.266666666666666e-05,0.0010346666666666666,0.013984,0.42105066666666663
10423185434,0.06573801916932907,0.007731629392971245,0.03513738019169329,0.3788370607028754,0.007022364217252396,0.0,0.013686900958466454,0.0002044728434504792,0.0,0.4915207667731629,0.00012140575079872204
10423191424,0.012144,0.2893013333333333,0.029850666666666668,0.02670933333333333,0.034405333333333336,2.666666666666667e-05,0.03198933333333333,0.00010666666666666668,0.0,0.5610346666666666,0.014431999999999999
10650631163,0.6067730061349693,0.016638036809815952,0.002319018404907976,0.15523517382413088,0.07451942740286299,0.0,0.0008670756646216767,0.00036400817995910017,8.179959100204497e-06,0.14322699386503068,4.907975460122699e-05
10753757385,0.30884266666666665,0.39032,0.052096,0.12634133333333333,0.023216,1.0666666666666667e-05,0.0024,0.005162666666666667,0.0002933333333333333,0.08916799999999998,0.0021493333333333334
10753820836,0.37917866666666666,0.03491733333333333,0.047125333333333325,0.4656266666666666,0.06652266666666665,0.000176,0.0002453333333333333,0.002133333333333333,0.00018133333333333331,0.003429333333333333,0.00046399999999999995
10753851726,0.118624,0.3153066666666667,0.05311466666666666,0.375856,0.020346666666666662,0.000208,0.005770666666666667,0.009936,0.00096,0.09471466666666667,0.005162666666666667
10753856126,0.30944,0.3251893333333333,0.014218666666666666,0.20762133333333327,0.02953066666666667,0.0002933333333333333,0.0030453333333333326,0.0060533333333333324,0.003530666666666667,0.100512,0.0005653333333333334
10753860484,0.3590506666666667,0.349552,0.0932053333333333,0.117728,0.01162133333333333,0.0018506666666666667,0.0018773333333333333,0.007018666666666667,0.002,0.043493333333333335,0.012602666666666668
10753880654,0.31156266666666665,0.317024,0.004517333333333332,0.246144,0.05304,5.333333333333334e-06,0.0046773333333333346,0.006538666666666666,5.333333333333334e-06,0.05530666666666666,0.0011786666666666664
10754056253,0.30666666666666664,0.11832,0.13660266666666668,0.20787733333333333,0.06616,0.0019946666666666667,0.009333333333333334,0.02584,0.0017386666666666664,0.10165333333333333,0.02381333333333333
10754058903,0.33186666666666664,0.2590346666666667,0.056533333333333324,0.185184,0.019808,0.0013173333333333331,0.003808,0.005061333333333334,0.00088,0.135344,0.0011626666666666669
10754059703,0.284704,0.34324266666666664,0.052208,0.182928,0.02118933333333333,3.2e-05,0.003616,0.005632,0.0005066666666666666,0.10472,0.0012213333333333336
10754066633,0.4250773333333333,0.3662613333333333,0.07826133333333332,0.09097066666666669,0.006266666666666666,0.000176,0.0022453333333333327,0.002192,0.0032053333333333326,0.024282666666666668,0.0010613333333333334
10754272665,0.297824,0.02411733333333333,0.011114666666666669,0.43181866666666663,0.02714133333333333,2.133333333333333e-05,0.0007626666666666668,0.0033333333333333327,0.001002666666666667,0.2023093333333333,0.0005546666666666666
10754351066,0.359616,0.20016533333333333,0.018330666666666662,0.2876533333333333,0.006442666666666666,0.0004906666666666667,0.0017333333333333333,0.0009333333333333332,0.000432,0.11717333333333335,0.0070293333333333345
10754359856,0.25844266666666665,0.464576,0.16533866666666666,0.03506666666666667,0.005130666666666667,0.016832,0.000304,0.00072,0.0017546666666666667,0.001466666666666667,0.050368
10754361846,0.4058293333333333,0.17368,0.038773333333333326,0.2845493333333333,0.011018666666666666,0.000608,0.0010826666666666669,0.003546666666666667,0.004085333333333333,0.06848,0.008346666666666667
10754568493,0.425504,0.317328,0.07652266666666667,0.010528,0.006,0.001456,0.0003893333333333333,0.0003733333333333333,0.0006346666666666666,0.008138666666666667,0.15312533333333336
138908177,0.16108266666666668,0.2483893333333333,0.061568,0.068592,0.071328,0.100992,0.04906666666666666,0.06521066666666667,0.055162666666666665,0.06877333333333334,0.04983466666666666
138908525,0.18890666666666667,0.21722133333333327,0.061344,0.056037333333333335,0.032613333333333334,0.16274133333333332,0.04128,0.06477333333333334,0.064048,0.062816,0.04821866666666666
138909372,0.15682133333333334,0.5258613333333333,0.02323733333333333,0.13341333333333333,0.03903466666666666,0.0014133333333333333,0.013280000000000002,0.02957333333333333,0.007626666666666667,0.062384,0.007354666666666666
138909924,0.16611733333333334,0.4100693333333333,0.04948266666666666,0.07936,0.04928,0.0012586666666666664,0.035813333333333336,0.087472,0.04024533333333333,0.075344,0.0055573333333333325
1850401943,0.7272335329341317,0.0007425149700598803,0.10968263473053892,0.0036467065868263475,0.004035928143712575,0.04997604790419162,0.06963473053892215,0.001191616766467066,0.03193413173652695,0.001059880239520958,0.0008622754491017962
1850421881,0.5094610778443114,0.0016646706586826347,0.10464071856287424,0.025928143712574847,0.007125748502994012,0.07377245508982036,0.06334730538922155,0.0011257485029940119,0.19168263473053893,0.021065868263473054,0.00018562874251497005
1850437547,0.3221437125748503,0.006664670658682635,0.15754491017964073,0.23918562874251495,0.0037964071856287423,0.12071856287425148,0.05265868263473054,0.0014970059880239524,0.06690419161676647,0.0288562874251497,2.994011976047904e-05
1850556281,0.767946107784431,0.002700598802395209,0.06401796407185628,0.043305389221556884,0.00862874251497006,0.027820359281437126,0.042221556886227536,0.0008502994011976047,0.041059880239520966,0.00046107784431137727,0.0009880239520958084
1850703607,0.8009700598802395,0.003101796407185629,0.03869461077844311,0.004850299401197604,0.00492814371257485,0.06860479041916168,0.03608982035928144,0.0010479041916167664,0.03804790419161677,4.191616766467066e-05,0.003622754491017964
1850748831,0.5321137724550898,0.11394610778443115,0.205437125748503,0.008712574850299401,0.008730538922155688,0.014652694610778444,0.07462275449101795,0.0010119760479041916,0.03434730538922156,0.006017964071856286,0.00040718562874251493
1850761519,0.7200299401197605,0.0487125748502994,0.03540119760479042,0.031161676646706587,0.08238922155688623,0.03812574850299401,0.01048502994011976,0.0020718562874251496,0.029538922155688624,0.0005089820359281438,0.0015748502994011974
1850833667,0.6988502994011976,0.004455089820359281,0.06179041916167664,0.03776047904191617,0.016910179640718562,0.10445508982035928,0.009766467065868265,0.003389221556886228,0.05823952095808384,0.004179640718562873,0.00020359281437125747
1850838881,0.4934610778443114,0.07518562874251497,0.1822754491017964,0.04345508982035928,0.005383233532934132,0.05977844311377245,0.021628742514970056,0.000502994011976048,0.11231736526946108,0.0059580838323353294,5.3892215568862265e-05
1851342008,0.7120538922155689,0.0052095808383233536,0.04775449101796408,0.016706586826347306,0.006041916167664671,0.1592994011976048,0.006221556886227545,0.0005089820359281438,0.04467664670658682,0.0012395209580838324,0.00028742514970059877
1851515838,0.5424850299401197,0.006652694610778443,0.11707784431137724,0.06255089820359282,0.0006347305389221556,0.0497245508982036,0.10650299401197603,0.0005269461077844312,0.11161676646706586,0.002167664670658683,5.988023952095808e-05
1851537978,0.3601437125748503,0.047610778443113774,0.2493592814371257,0.07670059880239521,0.004940119760479042,0.056203592814371255,0.08725149700598801,0.005982035928143711,0.100874251497006,0.009317365269461076,0.0016167664670658686
1851554226,0.535065868263473,0.001622754491017964,0.1365808383233533,0.00978443113772455,0.00048502994011976046,0.08846107784431137,0.0514311377245509,0.0010179640718562877,0.1668502994011976,0.008520958083832334,0.00017964071856287425
1851633042,0.5389161676646707,0.007389221556886227,0.0925508982035928,0.01717365269461078,0.06258083832335329,0.14798802395209582,0.038005988023952095,0.001059880239520958,0.0855808383233533,0.007407185628742516,0.001347305389221557
1880070931,0.5427005988023952,0.000251497005988024,0.22034131736526946,0.013449101796407186,0.03808383233532934,0.102437125748503,0.007550898203592814,0.00029940119760479036,0.07389221556886227,0.00013772455089820359,0.0008562874251497004
2482756687,0.2649729729729729,0.26298498498498496,0.020348348348348345,0.4258798798798799,0.0090990990990991,0.0001381381381381381,0.00024624624624624625,0.010582582582582585,0.0004084084084084084,0.000978978978978979,0.00436036036036036
2482764143,0.4423243243243243,0.20387387387387387,0.011507507507507508,0.3043543543543544,0.03142342342342342,6.006006006006007e-06,0.00022822822822822822,0.00442042042042042,0.00041441441441441434,0.0011471471471471472,0.0003003003003003003
2482772123,0.2442942942942943,0.005825825825825826,0.0143003003003003,0.6946066066066066,0.030126126126126127,0.0,0.00038438438438438444,0.002408408408408409,0.0,0.008054054054054054,0.0
2482775717,0.3951111111111112,0.32594594594594595,0.006318318318318319,0.2383723723723724,0.012504504504504505,7.207207207207206e-05,0.000882882882882883,0.00566966966966967,0.0006426426426426427,0.013015015015015015,0.0014654654654654654
2482779969,0.3561261261261261,0.3796516516516517,0.004990990990990992,0.1907807807807808,0.019621621621621618,0.0,0.004150150150150151,0.006774774774774775,0.0006606606606606607,0.03674474474474474,0.0004984984984984984
2482786763,0.3382042042042043,0.0011591591591591593,0.014660660660660659,0.10384984984984984,0.07643843843843844,3.603603603603604e-05,0.0013693693693693693,0.00218018018018018,6.006006006006007e-06,0.460936936936937,0.0011591591591591593
2482788211,0.351987987987988,0.2546006006006005,0.04370570570570571,0.2637357357357357,0.050306306306306316,0.00018018018018018016,0.001069069069069069,0.006432432432432433,0.0006126126126126127,0.02509309309309309,0.0022762762762762764
2482789731,0.16784384384384385,0.42542942942942946,0.021855855855855852,0.13706306306306307,0.2412012012012012,1.2012012012012014e-05,0.00023423423423423422,0.0021261261261261255,0.0005045045045045045,0.003285285285285285,0.0004444444444444444
2482817075,0.4253393393393393,0.04918918918918919,0.023717717717717718,0.09868468468468469,0.05845645645645646,0.0006186186186186186,0.0020720720720720717,0.008162162162162163,0.0011111111111111113,0.3312612612612613,0.0013873873873873875
2483574130,0.32908708708708706,0.011867867867867869,0.05875675675675676,0.5701021021021021,0.009015015015015015,0.00012612612612612612,0.0008888888888888888,0.0037057057057057054,0.0018078078078078079,0.002852852852852853,0.011789789789789788
2483578418,0.3902582582582583,0.33541741741741743,0.006546546546546546,0.23514114114114115,0.011903903903903905,5.4054054054054054e-05,0.0008768768768768767,0.005885885885885886,0.0007927927927927926,0.012150150150150148,0.0009729729729729728
2483590658,0.2697777777777777,0.003081081081081081,0.18953753753753755,0.0616936936936937,0.17833033033033033,0.00025225225225225225,0.011555555555555557,0.019795795795795795,0.0024624624624624623,0.11231831831831833,0.1511951951951952
2483597646,0.3668348348348348,0.3344864864864865,0.0050510510510510505,0.20050450450450447,0.01248048048048048,0.00015015015015015014,0.0036336336336336337,0.008702702702702703,0.0004924924924924925,0.06645045045045045,0.0012132132132132132
2483644362,0.5268648648648648,0.3144144144144144,0.0007747747747747747,0.026846846846846847,0.010516516516516515,0.0,5.4054054054054054e-05,0.0008048048048048048,3.003003003003003e-05,0.11969369369369368,0.0
2483652182,0.2900360360360361,0.6125285285285286,0.005111111111111111,0.0821021021021021,0.0032072072072072072,0.0,0.00038438438438438444,0.0007507507507507506,0.0,0.00587987987987988,0.0
251982623,0.2322666666666667,0.1944,0.044656,0.159024,0.04184,0.0015093333333333332,0.014346666666666669,0.016608,0.01928,0.2712,0.004869333333333333
2886513934,0.40864533333333336,0.035712,0.149152,0.10567466666666668,0.03543466666666667,0.013968000000000001,0.037312,0.11474666666666665,0.02485333333333333,0.0688,0.0057013333333333326
2908373128,0.15600533333333333,0.6206506666666666,0.073504,0.08294933333333332,0.0002613333333333333,0.0,0.0004693333333333333,0.058245333333333336,0.007856,5.8666666666666665e-05,0.0
2914167342,0.2925066666666667,0.447968,0.035696,0.06109866666666666,0.003072,0.00112,0.043504,0.1092,0.0021493333333333334,0.0016266666666666669,0.0020586666666666665
2943175092,0.328656,0.015557333333333331,0.3767093333333333,0.087136,0.089088,0.001957333333333333,0.00272,0.002490666666666666,0.00944,0.059173333333333335,0.027072
2976176423,0.10678805970149254,0.00042388059701492536,0.7852179104477613,0.0060656716417910456,0.009247761194029851,0.027779104477611945,0.0024716417910447762,0.0011223880597014924,0.0017253731343283582,0.00029850746268656717,0.058859701492537324
2976178615,0.11340298507462687,0.07068059701492538,0.21712238805970147,0.08605970149253732,0.19713432835820896,0.004364179104477612,0.00928955223880597,0.00029253731343283583,0.00025671641791044777,0.09623880597014926,0.20515820895522388
2976179201,0.17840597014925372,0.04551044776119403,0.42117014925373136,0.03244776119402985,0.0412,0.03316417910447761,0.04359402985074628,0.0011402985074626865,0.006465671641791045,0.013265671641791044,0.1836358208955224
2976179619,0.2367701492537313,0.4638686567164179,0.1427641791044776,0.029934328358208955,0.029074626865671638,0.02316417910447761,0.001271641791044776,0.0013671641791044775,0.004847761194029851,0.03305074626865672,0.03388656716417911
2977031608,0.13355820895522388,0.11753432835820896,0.3832597014925373,0.022752238805970146,0.004847761194029851,0.21960597014925373,0.0016119402985074627,0.0005253731343283582,0.039223880597014926,0.003361194029850746,0.07371940298507462
2977032484,0.12012537313432835,0.04536716417910448,0.2912597014925373,0.005791044776119403,0.007014925373134328,0.17768358208955226,0.015044776119402985,0.001056716417910448,0.012555223880597014,0.006513432835820896,0.31758805970149256
2998910157,0.17038805970149254,0.09700895522388062,0.4486029850746269,0.026143283582089557,0.03456119402985074,0.02462089552238806,0.004573134328358209,0.0009373134328358207,0.006555223880597015,0.01155820895522388,0.17505074626865672
2998910511,0.19600597014925367,0.0006029850746268657,0.5865552238805971,0.006614925373134329,0.017808955223880596,0.02008358208955224,0.02088955223880597,0.0011701492537313431,0.010549253731343284,0.006125373134328357,0.13359402985074628
2998911107,0.21508059701492535,0.04580298507462687,0.19146268656716414,0.04364179104477612,0.0055402985074626855,0.000919402985074627,0.0020597014925373136,0.000608955223880597,0.0035283582089552243,0.4659402985074627,0.025414925373134327
2998912353,0.1567820895522388,0.2388597014925373,0.30301492537313435,0.0025134328358208955,0.00946268656716418,0.03170746268656716,0.005367164179104478,0.0014208955223880596,0.012602985074626866,0.0015104477611940302,0.2367582089552239
2998912711,0.20939104477611936,0.3788358208955224,0.1343820895522388,0.05112835820895523,0.05953432835820895,0.001128358208955224,0.009068656716417909,0.00631044776119403,0.0007522388059701491,0.1222268656716418,0.027241791044776118
2999749448,0.17693134328358207,0.35392835820895524,0.3556179104477612,0.012955223880597016,0.02208955223880597,0.001755223880597015,0.007773134328358208,0.0004597014925373135,0.0021850746268656717,0.012405970149253731,0.05389850746268657
2999750116,0.2636417910447761,0.11915223880597015,0.08206567164179104,0.4696,0.014638805970149254,0.0005194029850746269,0.007122388059701492,0.003707462686567164,0.0010507462686567164,0.013540298507462687,0.024961194029850742
2999750460,0.3113313432835821,0.13376716417910448,0.4235582089552239,0.008167164179104477,0.013910447761194027,0.002364179104477612,0.010286567164179104,0.0011104477611940298,0.0020776119402985075,0.016053731343283584,0.07737313432835821
2999751672,0.1981910447761194,0.16287164179104474,0.23737910447761196,0.13530149253731344,0.02198805970149254,0.00015522388059701492,0.0022149253731343285,0.0006447761194029851,0.0005373134328358209,0.20491343283582086,0.03580298507462686
3019561247,0.08554133333333333,0.6584106666666667,0.037029333333333324,0.185536,0.002048,0.0002613333333333333,0.005653333333333333,0.004464,0.003914666666666667,0.01714133333333334,0.0
3038902071,0.19342933333333331,0.21407466666666666,0.07793066666666665,0.3501066666666667,0.039029333333333326,0.018656,0.006117333333333333,0.021722666666666668,0.002448,0.074704,0.0017813333333333331
3039742328,0.21122133333333332,0.00037866666666666664,0.3383573333333333,0.26148266666666664,0.08472,0.040704,0.031237333333333325,0.006474666666666666,0.002368,0.010250666666666668,0.012805333333333332
3118939717,0.08192533333333332,0.005888,0.8111306666666666,0.009482666666666669,0.020570666666666668,0.009717333333333331,0.016474666666666662,0.015866666666666668,0.007328,0.01998933333333333,0.0016266666666666669
3168952218,0.07338133333333334,0.0012053333333333336,0.39509866666666665,0.189328,0.034821333333333336,0.010304,0.05748266666666666,0.040176,0.145632,0.049072,0.0034986666666666673
3213272217,0.251088,0.03262933333333334,0.173376,0.4970293333333333,0.005578666666666666,0.0,0.0039946666666666655,0.016112,0.0012,0.018981333333333333,1.0666666666666667e-05
3213610937,0.2555146666666667,0.003701333333333333,0.329104,0.032309333333333336,0.007525333333333333,0.08590933333333335,0.030352,0.038304,0.014314666666666668,0.17865066666666668,0.02431466666666666
3213771883,0.30441066666666666,0.07779733333333333,0.04399466666666666,0.2376373333333333,0.004650666666666666,0.0,0.08668266666666667,0.07603733333333333,0.00021866666666666668,0.168032,0.0005386666666666666
3215991839,0.2585333333333333,0.032570666666666664,0.32743466666666665,0.25116266666666665,0.05055466666666666,0.006645333333333333,0.003488,0.0057066666666666654,0.010565333333333331,0.035978666666666666,0.01736
3249151290,0.05645866666666665,0.020416,0.25392,0.011359999999999999,0.0036746666666666664,0.42712,0.018869333333333328,0.0021653333333333333,0.01632,0.009104,0.180592
3259219916,0.31824,0.002752,0.10646933333333332,0.41541333333333336,0.057184,0.0,0.058224,0.001568,5.333333333333334e-06,0.040144,0.0
3397457265,0.4022582582582583,0.06326726726726728,0.06185585585585585,0.1587987987987988,0.010156156156156157,0.0017957957957957958,0.0038558558558558563,0.0324984984984985,0.00013213213213213214,0.2650930930930931,0.0002882882882882883
3397462655,0.17066666666666666,0.20577777777777775,0.09344744744744744,0.09218018018018016,0.012348348348348349,0.00048048048048048047,0.004636636636636637,0.05054054054054054,1.2012012012012014e-05,0.36899699699699695,0.0009129129129129127
3397465641,0.22448048048048047,0.08822222222222222,0.1741021021021021,0.2683063063063063,0.05590990990990991,0.00021621621621621621,0.0052552552552552565,0.0037477477477477475,0.00033033033033033035,0.17230630630630633,0.007123123123123123
3397468387,0.22976576576576574,0.07906306306306307,0.15364564564564565,0.2663843843843844,0.05824624624624625,0.00016816816816816817,0.005777777777777778,0.004246246246246246,0.00013213213213213214,0.19732132132132127,0.005249249249249249
3397472543,0.1917957957957958,0.262966966966967,0.05817417417417418,0.1328108108108108,0.1237897897897898,0.004072072072072072,0.03303303303303303,0.01915915915915916,0.008234234234234234,0.11876276276276275,0.0472012012012012
3397500309,0.13114714714714715,0.17064864864864865,0.26536936936936933,0.14015615615615615,0.0798978978978979,0.00019219219219219217,0.0024984984984984986,0.003891891891891892,0.0024324324324324323,0.16785585585585586,0.03590990990990991
3397529403,0.221975975975976,0.0467027027027027,0.3976936936936937,0.1265945945945946,0.01742342342342342,0.0012972972972972972,0.04469069069069069,0.005381381381381382,0.04364564564564565,0.08276876876876876,0.011825825825825826
3397551299,0.33793393393393395,0.05441441441441442,0.05164564564564565,0.028810810810810814,0.018852852852852854,0.0034534534534534536,0.17445645645645647,0.14333333333333334,0.18499099099099095,0.0010030030030030027,0.0011051051051051053
3398261716,0.15172372372372372,0.07705105105105103,0.04184384384384384,0.07344744744744745,0.011231231231231232,0.0010330330330330327,0.03527327327327327,0.1808108108108108,0.003369369369369369,0.4209729729729729,0.003243243243243243
3398303642,0.107993993993994,0.05566366366366366,0.13224024024024025,0.11810810810810812,0.04763363363363363,0.01685885885885886,0.14796996996996994,0.0223003003003003,0.12688288288288288,0.0461981981981982,0.17815015015015015
3398318160,0.19810210210210208,0.07407207207207206,0.06646846846846848,0.30094894894894897,0.008114114114114114,0.004822822822822823,0.01888288288288288,0.038084084084084084,0.026048048048048045,0.26417417417417416,0.0002822822822822822
3398324266,0.26581981981981984,0.02681081081081081,0.20622822822822826,0.19261861861861865,0.18126126126126127,0.0,0.10984384384384384,0.001135135135135135,0.0035615615615615616,0.01272072072072072,0.0
3398327000,0.2453213213213213,0.06044444444444445,0.032984984984984984,0.2978438438438438,0.030978978978978975,0.009945945945945946,0.029513513513513518,0.02278078078078078,0.16107507507507507,0.07281681681681682,0.036294294294294295
3398330080,0.2532552552552553,0.004498498498498499,0.2158978978978979,0.2684504504504505,0.02568168168168168,0.009093093093093092,0.0073213213213213215,0.010048048048048049,0.003273273273273273,0.19176576576576576,0.010714714714714716
3398354030,0.20621021021021024,0.15428828828828828,0.1253993993993994,0.03642642642642643,6.006006006006007e-06,0.0495015015015015,0.2426666666666667,0.05581981981981982,0.1211951951951952,0.008486486486486486,0.0
3676878611,0.03864533333333333,0.5404693333333334,0.02081066666666667,0.07953066666666665,0.015834666666666667,0.0036266666666666665,0.06268266666666665,0.07570666666666667,0.10655999999999999,0.05132266666666666,0.004810666666666667
3677692912,0.14109333333333332,0.47376,0.01961066666666666,0.16202133333333332,0.021664,0.0013546666666666663,0.012213333333333331,0.01963733333333333,0.02542933333333333,0.116176,0.00704
3677693352,0.049605333333333335,0.412896,0.03324266666666666,0.026858666666666663,0.013184,0.012042666666666669,0.07730666666666665,0.12473066666666667,0.15784533333333334,0.08703466666666665,0.005253333333333333
3677694004,0.14716266666666666,0.5991626666666666,0.029621333333333333,0.08979199999999998,0.05676266666666668,0.00012266666666666668,0.012650666666666666,0.01996266666666667,0.017056,0.02072,0.006986666666666667
3951504485,0.1608108108108108,0.3842462462462463,0.014036036036036035,0.15429429429429428,0.039915915915915916,0.0008708708708708709,0.00221021021021021,0.0066906906906906895,0.0021621621621621626,0.2305105105105105,0.004252252252252253
3951520407,0.40692492492492494,0.04392792792792793,0.013387387387387387,0.19752552552552552,0.05168768768768769,0.0,0.0018078078078078079,0.008894894894894893,0.0,0.27526726726726725,0.0005765765765765766
3952254100,0.3472972972972973,0.26656456456456457,0.024582582582582585,0.2631591591591592,0.04148348348348349,1.8018018018018016e-05,0.0004504504504504505,0.0013693693693693693,0.00038438438438438444,0.05172972972972973,0.002960960960960961
3978328679,0.23274666666666666,0.573824,0.045664,0.06210666666666665,0.02534933333333333,0.008917333333333331,0.004650666666666666,0.0026666666666666666,0.004970666666666666,0.029578666666666663,0.009525333333333332
3985075445,0.4493493333333333,0.06706666666666665,0.175584,0.010042666666666668,0.080496,0.045968,0.00037866666666666664,0.0038880000000000004,0.02760533333333333,0.003136,0.13648533333333332
3985077169,0.41258133333333336,0.07899733333333332,0.15991466666666668,0.02089066666666666,0.07465066666666667,0.009610666666666665,0.00037866666666666664,0.003925333333333334,0.007903999999999998,0.002133333333333333,0.2290133333333333
3985087547,0.748016,0.05898666666666666,0.08708266666666667,0.037621333333333326,0.00136,0.0016693333333333336,0.005408,0.008357333333333333,0.019578666666666668,0.030293333333333325,0.0016266666666666669
3985091689,0.37037866666666663,0.0016373333333333333,0.071728,0.00033066666666666666,0.0009653333333333332,0.006901333333333333,0.08183999999999998,0.11429333333333333,0.34530666666666665,0.003546666666666667,0.003072
3985098227,0.7716426666666667,0.074496,0.002496,0.04141333333333334,0.008389333333333332,0.00014933333333333332,0.033504,0.03580266666666666,0.016976,0.015130666666666669,0.0
3985102209,0.301488,0.6978933333333334,0.0,0.0,0.0005866666666666667,0.0,0.0,2.133333333333333e-05,0.0,1.0666666666666667e-05,0.0
3985111577,0.2473333333333333,0.7209066666666667,0.00014933333333333332,5.333333333333333e-05,0.0009173333333333332,0.00015466666666666667,0.000192,0.023498666666666668,0.0004586666666666666,0.006330666666666666,5.333333333333334e-06
3985761536,0.5733066666666666,0.09725866666666666,0.004912,0.10948266666666667,0.16142933333333334,0.00021333333333333333,0.0046293333333333325,0.009098666666666666,0.00010666666666666668,0.02128,0.018282666666666662
3985823224,0.287504,0.11889066666666667,0.14103466666666667,0.011546666666666669,0.031493333333333325,0.0010506666666666668,0.02813333333333333,0.2792266666666667,0.08967466666666665,0.010592,0.0008533333333333333
3985829810,0.686688,0.05236266666666666,0.11065599999999999,0.037061333333333335,0.00808,0.001008,0.012314666666666666,0.07150933333333333,0.009728,0.0063893333333333345,0.004202666666666667
3985836358,0.3041493333333333,0.4940266666666666,0.13595733333333335,0.028688,0.006816,0.00011733333333333333,0.00037866666666666664,0.01633066666666667,0.005333333333333333,0.00024,0.007962666666666665
3985870074,0.30562133333333336,0.5805973333333333,0.0011893333333333333,0.0049973333333333345,0.0031733333333333327,0.0009226666666666668,0.0013493333333333332,0.07227733333333332,0.0008586666666666666,0.027914666666666667,0.0010986666666666666
3985873730,0.46544,0.4905706666666666,0.0017120000000000002,0.0013066666666666667,0.0018026666666666664,0.00010666666666666668,0.000736,0.03271466666666667,0.00034666666666666667,0.004938666666666666,0.0003253333333333333
4056769011,0.3455508982035928,0.0029461077844311376,0.0017724550898203593,0.2603592814371257,0.03310179640718563,0.0,0.001437125748502994,0.0035688622754491014,0.0,0.35058682634730537,0.0006766467065868264
4057508220,0.4989281437125748,0.013988023952095807,0.1764191616766467,0.09519760479041917,0.02911976047904192,0.0005508982035928143,0.002425149700598802,0.004562874251497006,0.0009700598802395207,0.03548502994011976,0.14235329341317365
4057508622,0.25052095808383235,0.278251497005988,0.001407185628742515,0.19756886227544906,0.013748502994011976,0.0,0.0005928143712574849,0.0011257485029940119,0.0,0.2566167664670659,0.00016766467065868265
4216955108,0.5213233532934132,0.023161676646706587,0.032862275449101794,0.013604790419161676,0.1881736526946108,0.0009341317365269459,0.02225748502994012,0.009676646706586826,0.17567065868263473,0.0021976047904191612,0.010137724550898205
4534113784,0.2296772486772487,0.0,0.0,0.31502116402116404,0.0,0.0,0.0,0.0,0.0,0.4553015873015873,0.0
4791684371,0.1974054054054054,0.029927927927927925,0.12957957957957958,0.12351951951951952,0.020150150150150155,0.004468468468468469,0.020954954954954957,0.0007687687687687687,0.2287687687687688,0.08935735735735736,0.15509909909909914
4791687247,0.0026306306306306307,0.03168168168168168,0.12141741741741742,0.3157117117117117,0.010672672672672672,0.0,0.4815375375375375,0.0110990990990991,0.0,0.02465465465465465,0.0005945945945945945
4791703957,0.14412012012012013,0.05881081081081081,0.04378978978978979,0.2646786786786787,0.05283483483483484,0.00043243243243243243,0.0019759759759759763,0.0074354354354354375,0.014960960960960959,0.4009309309309309,0.010030030030030028
4791704809,0.0598978978978979,0.15888288288288288,0.220012012012012,0.026432432432432432,0.0478978978978979,0.00560960960960961,0.023117117117117118,0.004006006006006005,0.3692432432432433,0.013489489489489487,0.07141141141141141
4791735809,0.17147747747747746,0.118996996996997,0.15361561561561562,0.10663063063063064,0.12257657657657656,0.0010930930930930932,0.08233633633633633,0.02569369369369369,0.09336936936936936,0.11912312312312312,0.005087087087087086
4791749541,0.26141141141141133,0.1156036036036036,0.12286486486486485,0.1306066066066066,0.05078078078078078,0.04024024024024024,0.01978978978978979,0.006102102102102103,0.07675675675675675,0.1040960960960961,0.07174774774774775
4791772681,0.15652252252252252,0.463933933933934,0.1423123123123123,0.06348348348348347,0.052180180180180176,0.002672672672672673,0.013603603603603605,0.012504504504504505,0.012288288288288287,0.061543543543543536,0.018954954954954955
4791784389,0.2143663663663664,0.14258258258258258,0.10015615615615617,0.1484024024024024,0.14548348348348347,0.0013753753753753756,0.032636636636636636,0.016624624624624624,0.12446846846846847,0.04463663663663664,0.02926726726726727
4791792711,0.2331051051051051,0.14167567567567568,0.11661261261261263,0.06728528528528528,0.15314714714714714,0.0012792792792792793,0.06956756756756756,0.011237237237237236,0.09058258258258259,0.09962162162162161,0.015885885885885884
4791843529,0.18707507507507504,0.14091891891891892,0.12210810810810813,0.06653453453453452,0.1554174174174174,0.16247447447447447,0.04221621621621622,0.006456456456456456,0.11117717717717718,0.00548948948948949,0.00013213213213213214
4792290086,0.046276276276276285,0.16151351351351353,0.20860060060060054,0.13045645645645645,0.20073273273273276,4.8048048048048055e-05,0.13186786786786786,0.011483483483483485,0.05598198198198198,0.05302102102102102,1.8018018018018016e-05
4792311308,0.0947027027027027,0.09846846846846846,0.40896096096096096,0.07081081081081081,0.02546546546546546,0.023825825825825826,0.0555975975975976,0.002132132132132132,0.07557957957957956,0.029525525525525526,0.11493093093093093
4792317644,0.18805405405405407,0.06511711711711712,0.18684684684684685,0.3380480480480481,0.03552552552552553,0.006882882882882883,0.013087087087087088,0.0019219219219219214,0.022432432432432432,0.14197597597597594,0.00010810810810810812
4792323134,0.2590534759358289,0.13796256684491978,0.12792513368983954,0.04424064171122995,0.07136363636363637,0.04377005347593583,0.05519251336898396,0.02089839572192513,0.07237433155080214,0.14381283422459892,0.023406417112299464
481403224,0.15262933333333334,0.1768,0.040917333333333326,0.2392906666666667,0.19237866666666667,0.00037866666666666664,0.017621333333333333,0.020725333333333328,0.032928,0.12344,0.0028906666666666673
481403396,0.2351093333333333,0.109104,0.059914666666666665,0.36511466666666653,0.017984,0.0018933333333333328,0.037749333333333336,0.03043733333333333,0.080512,0.05705066666666666,0.005130666666666667
481403732,0.243968,0.187728,0.07626666666666665,0.11479466666666667,0.16641066666666668,0.0007146666666666666,0.01810133333333333,0.02605333333333333,0.07561066666666667,0.069888,0.020464
481406552,0.171456,0.273376,0.03023466666666667,0.22061333333333333,0.11672533333333332,0.0005333333333333334,0.02765333333333333,0.03192,0.030981333333333333,0.09463466666666669,0.001872
481407168,0.18979733333333332,0.187712,0.07190933333333334,0.104832,0.011605333333333334,0.00031466666666666665,0.05224,0.013632,0.02746666666666667,0.302256,0.03823466666666666
481407628,0.15535466666666667,0.130064,0.024768,0.3694133333333333,0.059264,0.000192,0.017978666666666667,0.013317333333333334,0.029834666666666662,0.195344,0.004469333333333333
481412759,0.11341333333333335,0.12242133333333333,0.034304,0.302176,0.26300266666666666,4.266666666666666e-05,0.01184,0.009066666666666669,0.02102933333333333,0.11957866666666668,0.003125333333333333
481414417,0.21285333333333334,0.18411733333333333,0.03164266666666666,0.034085333333333336,0.3033706666666667,0.0002293333333333333,0.016144,0.007024,0.092656,0.089648,0.028229333333333325
481415219,0.20810133333333333,0.3072533333333333,0.064256,0.14288,0.044197333333333325,0.00072,0.038629333333333335,0.020698666666666667,0.03669866666666666,0.128752,0.007813333333333334
481415895,0.14823466666666665,0.2934453333333333,0.02693333333333333,0.382848,0.03506133333333333,0.0005386666666666666,0.008837333333333334,0.013056,0.005189333333333333,0.08248,0.003376
4846887335,0.0667986798679868,0.0041584158415841595,0.09257425742574256,0.23003300330033,0.4578613861386138,0.0,0.0012805280528052805,0.012237623762376238,6.600660066006601e-06,0.13238943894389438,0.00266006600660066
4846888849,0.12304438642297652,0.011535248041775458,0.24133681462140996,0.1389869451697128,0.3288511749347259,0.0,0.01381201044386423,0.003002610966057441,0.0020835509138381197,0.12493994778067885,0.012407310704960836
4846889025,0.10649865951742628,0.0059195710455764074,0.2696353887399464,0.07218230563002681,0.2221662198391421,0.0,0.002750670241286863,0.0003324396782841823,0.0006487935656836461,0.3197104557640751,0.00015549597855227883
4846890949,0.09746428571428573,0.004648809523809524,0.1730654761904762,0.03624404761904762,0.5363928571428571,0.006958333333333335,0.04329761904761905,0.0012083333333333336,0.008255952380952381,0.08969642857142857,0.002767857142857143
4846891119,0.2605191873589165,0.014893905191873587,0.31339954853273133,0.19403611738148985,0.07714672686230246,0.030302483069977425,0.01342663656884876,0.002239277652370203,0.003548532731376975,0.07864559819413093,0.011841986455981942
4846891629,0.15453372434017595,5.865102639296188e-06,0.5025571847507332,0.13190615835777125,0.0014897360703812314,2.346041055718475e-05,0.11840469208211145,0.006510263929618769,0.02593548387096774,0.05729032258064516,0.0013431085043988267
4846893179,0.20258666666666664,0.2781653333333333,0.06140266666666666,0.07901333333333335,0.082912,0.0,0.0,0.000192,0.0,0.2953973333333333,0.00033066666666666666
4847507978,0.08227683615819209,0.1483502824858757,0.01884180790960452,0.42557062146892655,0.07166101694915256,0.0,0.0,4.519774011299435e-05,1.1299435028248587e-05,0.2532372881355932,5.649717514124294e-06
4847508088,0.1512759643916914,0.0006824925816023739,0.07147774480712164,0.13810089020771513,0.23043323442136496,0.0,0.0007893175074183975,0.00022551928783382793,0.0007062314540059347,0.4062314540059347,7.71513353115727e-05
4847508172,0.11178711484593838,0.05141176470588235,0.035350140056022404,0.1452436974789916,0.3789691876750701,3.9215686274509805e-05,0.00016806722689075633,0.00017366946778711484,0.0018823529411764702,0.27482913165266104,0.0001456582633053221
4847511916,0.05662933333333332,0.047749333333333324,0.015056,0.7865546666666666,0.011722666666666666,0.0,0.0069813333333333324,0.0030506666666666672,0.0,0.072256,0.0
4847512108,0.04485227272727273,5.6818181818181825e-05,0.7513068181818182,0.008198863636363634,0.0004545454545454546,0.0128125,0.0005284090909090909,0.00014772727272727274,0.0012272727272727272,0.0094375,0.17097727272727273
4847512208,0.002933333333333333,0.0,0.39114666666666653,0.0011306666666666668,0.00015466666666666667,0.4658933333333333,0.001664,5.333333333333334e-06,0.02174933333333333,0.08568533333333332,0.02963733333333333
4847516024,0.11505723905723905,0.014653198653198652,0.03268686868686869,0.047602693602693605,0.3022154882154882,0.0,0.00019528619528619528,0.00024915824915824924,6.734006734006735e-06,0.4852592592592593,0.0020740740740740737
4847516728,0.35051014492753624,0.14008695652173914,0.009513043478260869,0.1216463768115942,0.1816927536231884,0.0,0.0,0.00011594202898550725,0.0,0.19643478260869565,0.0
5138240457,0.7259096385542168,0.0038433734939759038,0.12928313253012047,0.04478313253012048,0.0345,0.014355421686746988,0.0004518072289156626,0.0007891566265060241,0.004590361445783133,0.014361445783132532,0.02713253012048193
5138246823,0.32183132530120484,0.01560240963855422,0.15857831325301205,0.15969879518072289,0.004373493975903615,0.0629879518072289,0.05269277108433735,0.0049518072289156615,0.0352710843373494,0.161355421686747,0.022656626506024097
5138256361,0.7020421686746988,0.0006686746987951808,0.07499397590361445,0.0008493975903614458,0.002783132530120482,0.1189156626506024,0.0012289156626506025,0.004867469879518072,0.08627108433734938,0.0048734939759036144,0.0025060240963855427
5138260287,0.3025,0.009120481927710844,0.09399397590361444,0.4492891566265061,0.02997590361445783,0.03271686746987952,0.007042168674698794,0.002469879518072289,0.007590361445783133,0.05820481927710844,0.007096385542168674
5138269497,0.19302409638554216,0.00041566265060240964,0.11344578313253012,0.6168132530120481,0.003560240963855422,0.003018072289156627,0.02589156626506024,0.0007771084337349397,0.0033975903614457837,0.03687951807228915,0.00277710843373494
5138271265,0.4179156626506024,0.00541566265060241,0.11526506024096385,0.2477650602409639,0.011536144578313251,0.012542168674698794,0.01269277108433735,0.0023433734939759037,0.011246987951807228,0.15418674698795182,0.00909036144578313
5138853562,0.4001927710843374,0.011042168674698795,0.1857951807228916,0.13356626506024094,0.016680722891566264,0.07778313253012048,0.04113855421686746,0.005096385542168674,0.03633734939759036,0.08268072289156625,0.009686746987951807
5138854992,0.3038373493975904,0.00836144578313253,0.16692168674698796,0.13056024096385546,0.0032710843373493976,0.05666265060240964,0.09925301204819276,0.006909638554216868,0.01725301204819277,0.2041265060240964,0.0028433734939759038
5138857954,0.3735602409638554,0.03433132530120482,0.20772289156626506,0.0979578313253012,0.0038433734939759038,0.11618072289156628,0.05153012048192771,0.007590361445783133,0.05677710843373494,0.047228915662650604,0.00327710843373494
5138861770,0.4099518072289157,0.013457831325301204,0.18051807228915664,0.12949397590361444,0.004506024096385542,0.10851807228915662,0.02729518072289156,0.0048734939759036144,0.03707831325301205,0.07940963855421686,0.0048975903614457824
5138862812,0.4337228915662649,0.00928313253012048,0.21353012048192768,0.13209036144578312,0.002548192771084337,0.0855421686746988,0.0565301204819277,0.005186746987951807,0.036198795180722894,0.02337951807228916,0.001987951807228916
5138864974,0.5871686746987952,0.012283132530120484,0.04904819277108434,0.2407831325301205,0.007909638554216867,0.03819879518072289,0.009012048192771084,0.0012289156626506025,0.002415662650602409,0.048915662650602404,0.003036144578313253
5138869458,0.4716987951807229,0.03293373493975904,0.07322891566265059,0.18892168674698795,0.017120481927710842,0.0876144578313253,0.04750602409638554,0.0018313253012048195,0.013692771084337349,0.06277710843373493,0.002674698795180723
5138871416,0.7314457831325301,0.00029518072289156624,0.048451807228915664,0.17021686746987952,0.0018433734939759035,0.021993975903614457,0.0003614457831325301,0.00033734939759036143,0.014259036144578312,0.010162650602409638,0.0006325301204819277
5138871926,0.5798975903614458,0.039204819277108435,0.14233734939759035,0.12213253012048192,0.017096385542168673,0.037746987951807226,0.010439759036144578,0.002530120481927711,0.021566265060240963,0.01272289156626506,0.014325301204819275
5884122323,0.11606400000000001,0.190336,0.12197866666666668,0.13945066666666667,0.09402666666666665,0.002816,0.059888,0.011952,0.015664,0.22927466666666665,0.01854933333333333
6417790281,0.9503483483483484,0.0021261261261261255,0.010330330330330328,0.004924924924924925,0.021657657657657658,0.0012072072072072072,0.00012012012012012012,0.00042642642642642644,0.005135135135135135,0.0023303303303303306,0.001393393393393393
6417793045,0.9214954954954954,0.00212012012012012,0.03921921921921922,0.0143003003003003,0.016264264264264264,0.00025825825825825824,0.0006726726726726728,0.00021621621621621621,0.0008348348348348348,0.0026606606606606607,0.0019579579579579575
6479931561,0.10151351351351352,0.572972972972973,0.02475675675675676,0.19870870870870871,0.06348348348348347,0.0010750750750750753,0.006390390390390389,0.0020660660660660655,0.0018138138138138137,0.024384384384384384,0.002834834834834835
6479933111,0.15511711711711712,0.7213693693693694,0.007159159159159159,0.08268468468468468,0.0020060060060060054,7.807807807807808e-05,0.002018018018018018,0.0015315315315315315,9.609609609609608e-05,0.026312312312312312,0.0016276276276276276
6479935103,0.1424084084084084,0.4314414414414415,0.018828828828828827,0.3757477477477478,0.008966966966966966,0.00016816816816816817,0.00375975975975976,0.0024204204204204198,0.0012132132132132132,0.011993993993993994,0.0030510510510510513
6479937569,0.12736336336336335,0.26474474474474474,0.04765765765765766,0.489081081081081,0.011291291291291292,0.0023123123123123127,0.0049009009009009005,0.004546546546546546,0.004126126126126126,0.022384384384384386,0.021591591591591592
6479939945,0.17445645645645647,0.4053753753753753,0.15822822822822824,0.18548348348348348,0.043405405405405405,0.0019759759759759763,0.00621021021021021,0.0038738738738738733,0.001915915915915916,0.015939939939939942,0.003135135135135135
6479941871,0.0967087087087087,0.5193093093093093,0.11831831831831832,0.20851651651651648,0.016150150150150155,0.0013273273273273272,0.0045645645645645645,0.002096096096096096,0.0019099099099099102,0.026474474474474475,0.004624624624624625
6479967277,0.17387987987987988,0.024660660660660656,0.00825825825825826,0.4423723723723724,0.0072252252252252265,0.0,0.006966966966966967,0.0016216216216216215,0.0,0.3347147147147147,0.0003003003003003003
6479983763,0.1170990990990991,0.03453453453453453,0.03861861861861862,0.5237237237237238,0.016042042042042043,0.0004624624624624624,0.006576576576576576,0.004714714714714714,0.00029429429429429435,0.2539159159159159,0.004018018018018018
6479985501,0.16352552552552552,0.372048048048048,0.029297297297297294,0.22391591591591592,0.0053873873873873865,7.807807807807808e-05,0.002642642642642643,0.00451051051051051,0.002504504504504505,0.19492492492492489,0.0011651651651651653
6491457719,0.11861861861861862,0.020936936936936937,0.10004804804804804,0.2571591591591592,0.09384984984984984,0.0005825825825825825,0.08551351351351352,0.010534534534534536,0.19773573573573572,0.09315315315315316,0.021867867867867867
6491459625,0.21026,0.03038,0.191925,0.075375,0.02075,0.000625,0.11600999999999999,0.010505,0.15172,0.191795,0.000655
6491460601,0.02326726726726727,0.6415015015015016,0.03958558558558559,0.06357357357357356,0.015891891891891892,0.0013873873873873875,0.05717117117117116,0.0167027027027027,0.013915915915915915,0.12078078078078078,0.006222222222222222
6491461031,0.052204204204204206,0.1151051051051051,0.08339339339339338,0.17810810810810812,0.028066066066066063,0.0008948948948948948,0.12521921921921922,0.055693693693693695,0.2722582582582583,0.08762162162162161,0.0014354354354354356
6491461471,0.15924324324324324,0.07247447447447446,0.09305705705705704,0.07735135135135135,0.02190990990990991,0.0016336336336336336,0.06959159159159159,0.04572372372372372,0.33697297297297296,0.11037837837837837,0.011663663663663663
6491462245,0.10166366366366368,0.2388168168168168,0.03194594594594594,0.2387027027027027,0.002678678678678679,0.00475075075075075,0.043699699699699696,0.008402402402402403,0.07454054054054055,0.2430690690690691,0.011729729729729728
6491462977,0.030462462462462463,0.025021021021021026,0.02815015015015015,0.1453993993993994,0.10154354354354354,0.0005165165165165165,0.08392192192192192,0.009063063063063065,0.3088108108108108,0.26711111111111113,0.0
6491463383,0.14142942942942946,0.045237237237237236,0.06451651651651652,0.15473273273273272,0.03287087087087087,0.0415975975975976,0.09434234234234233,0.03562162162162162,0.3447987987987988,0.033159159159159166,0.011693693693693694
6491463861,0.19923123123123124,0.008618618618618618,0.10647447447447447,0.0581981981981982,0.17627027027027026,0.00403003003003003,0.15792192192192192,0.02353153153153153,0.11165765765765766,0.15297897897897894,0.0010870870870870874
6491465199,0.11156156156156156,0.13013813813813813,0.06183783783783784,0.18154354354354355,0.040372372372372366,0.004744744744744745,0.048984984984984985,0.02738738738738739,0.19818618618618614,0.19099099099099096,0.004252252252252253
6491467273,0.05867267267267268,0.05449849849849849,0.06616216216216217,0.16984984984984985,0.2655795795795796,0.0019579579579579575,0.0622942942942943,0.0462942942942943,0.18106306306306305,0.09186786786786785,0.0017597597597597593
6491467667,0.08344144144144144,0.0333993993993994,0.059933933933933925,0.2087867867867868,0.044516516516516516,6.006006006006006e-05,0.11384384384384386,0.03384384384384384,0.2161261261261261,0.20587987987987988,0.00016816816816816817
6491468795,0.03565765765765766,0.006180180180180179,0.16657657657657654,0.05579579579579579,0.0008588588588588589,0.0003723723723723724,0.16488888888888886,0.03633633633633634,0.3986786786786787,0.13176576576576576,0.002888888888888889
6491470619,0.025969969969969968,0.010462462462462465,0.10772372372372373,0.12154954954954955,0.022852852852852854,0.0002042042042042042,0.06942942942942942,0.017831831831831832,0.4435195195195195,0.17956156156156156,0.0008948948948948948
6491472913,0.04842042042042042,0.1389129129129129,0.029975975975975976,0.11911111111111113,0.0013273273273273272,0.0006426426426426427,0.11797597597597598,0.010852852852852852,0.2769969969969969,0.2404024024024024,0.01538138138138138
6700311309,0.1676280193236715,0.002966183574879227,0.017289855072463767,0.21581159420289853,0.13543961352657005,0.0,0.00024154589371980678,0.000251207729468599,0.0031304347826086962,0.4572270531400966,1.4492753623188407e-05
6700314595,0.17078609625668453,0.00010160427807486633,0.021454545454545452,0.08383957219251337,0.19590909090909087,1.0695187165775403e-05,0.0001550802139037433,3.20855614973262e-05,0.0009893048128342245,0.523951871657754,0.0027700534759358287
6700317529,0.2168087912087912,0.0005362637362637361,0.06688351648351648,0.2329978021978022,0.08584175824175824,0.00011868131868131868,0.0005934065934065934,0.0003164835164835165,0.0013362637362637365,0.3919472527472527,0.00261978021978022
6700321899,0.35355080213903745,0.0,0.21031016042780748,0.0356524064171123,0.0007112299465240642,0.0,2.67379679144385e-05,5.347593582887701e-06,0.0,0.39974331550802134,0.0
6700323211,0.15141176470588236,0.0020802139037433155,0.06007486631016042,0.3569679144385027,0.11135828877005348,0.0007754010695187166,0.0013155080213903742,0.0004438502673796792,0.000518716577540107,0.30724598930481284,0.007807486631016044
6700328527,0.2396524064171123,0.0010641711229946523,0.13514973262032084,0.08380213903743315,0.06913368983957219,0.0003636363636363636,0.0005561497326203209,0.0005882352941176471,0.032026737967914436,0.4298983957219251,0.007764705882352942
6700331305,0.20047148288973385,0.0015817490494296578,0.03172623574144487,0.12012927756653992,0.29411406844106464,0.003893536121673004,0.0007376425855513309,3.802281368821293e-05,0.002319391634980989,0.34355893536121673,0.001429657794676806
6700332213,0.2698770226537217,0.0001488673139158576,0.02682847896440129,0.08185760517799352,0.04985113268608414,0.0,0.0,1.2944983818770227e-05,0.0005631067961165048,0.5708608414239482,0.0
6700332883,0.22204716981132075,0.00021698113207547167,0.0853490566037736,0.25752830188679243,0.27817924528301885,0.0,0.0004245283018867925,3.773584905660377e-05,0.0015,0.15310377358490565,0.0016132075471698116
6700333445,0.12803550295857988,0.0,0.16088757396449704,0.13873372781065088,0.13807100591715976,0.0,0.00011834319526627219,0.00010650887573964498,0.002733727810650888,0.4267692307692308,0.004544378698224852
6705163319,0.3698187311178248,0.0,0.0,0.2776797583081571,0.0,0.0,0.0,0.0,0.0,0.3525015105740181,0.0
6705167201,0.551934731934732,0.008037296037296037,0.04776223776223777,0.026,7.459207459207459e-05,0.00282983682983683,0.03307226107226108,0.2882097902097902,0.03925874125874126,0.002815850815850816,4.662004662004662e-06
6705226949,0.20244919786096255,0.4037540106951872,0.07205347593582888,0.10611229946524063,0.013989304812834223,2.1390374331550806e-05,0.002844919786096257,0.00016577540106951872,9.62566844919786e-05,0.1363475935828877,0.062165775401069524
6705243765,0.37554545454545457,0.3405668449197861,0.03279144385026738,0.16972727272727273,0.04958823529411765,0.0,0.0005668449197860963,0.0003101604278074866,0.0,0.029898395721925125,0.0010053475935828877
6705245497,0.35960427807486633,0.0032780748663101605,0.2822780748663101,0.08714438502673795,0.02816577540106952,0.00022459893048128345,0.0018395721925133692,0.0021122994652406414,0.006732620320855615,0.2107379679144385,0.01788235294117647
6799483464,0.14455466666666664,0.02832,0.080048,0.00046399999999999995,0.00536,0.007695999999999999,0.03896,0.389616,0.293808,0.003136,0.008037333333333334
6801572390,0.052805333333333336,0.09412266666666666,0.19124266666666667,0.05889066666666666,0.04279466666666666,0.0156,0.06527466666666665,0.2765066666666667,0.17889066666666667,1.6e-05,0.023856
6801572484,0.14960479041916167,0.1324251497005988,0.10117964071856288,0.006526946107784431,0.0017425149700598802,0.00019161676646706587,0.007688622754491019,0.5155808383233533,0.0647185628742515,0.0017724550898203593,0.018568862275449103
6947680077,0.0003783783783783784,0.061717717717717724,0.00048048048048048047,0.0,0.0,9.009009009009008e-05,0.18366366366366368,0.5934234234234234,0.16024624624624625,0.0,0.0
6947680431,0.08721066666666667,0.046949333333333336,0.04733866666666666,0.011301333333333332,0.002101333333333333,0.0009333333333333332,0.111856,0.6489706666666667,0.021344,0.002906666666666667,0.019088
6947680571,0.012774774774774776,0.08863063063063062,0.03168168168168168,0.00024624624624624625,0.00013213213213213214,0.01227027027027027,0.042786786786786796,0.5851831831831832,0.2187087087087087,0.0016036036036036036,0.005981981981981982
6947680687,0.00043843843843843837,6.006006006006007e-06,0.10089489489489488,0.03205405405405405,0.018018018018018014,0.023903903903903904,0.3780540540540541,0.01157957957957958,0.4152072072072072,0.019183183183183183,0.0006606606606606607
6947680829,0.07628228228228227,0.18264264264264266,0.025297297297297298,0.06245645645645645,0.008636636636636637,0.0052972972972972964,0.00587987987987988,0.5725465465465466,0.03465465465465466,0.007195195195195194,0.01911111111111111
6947681083,0.0952972972972973,0.03407807807807808,0.018258258258258258,0.0012372372372372372,0.004054054054054054,0.004162162162162162,0.05900900900900901,0.7114534534534535,0.062372372372372364,0.0027147147147147145,0.007363363363363362
7423550510,0.11661333333333332,0.09685866666666665,0.53832,0.045957333333333336,0.03700266666666667,0.03703466666666666,0.041056,0.004186666666666667,0.005477333333333333,0.0017973333333333333,0.075696
7423569506,0.10680172413793104,0.5127112068965517,0.0056939655172413796,0.26591379310344826,0.04639224137931034,0.0005258620689655172,0.002806034482758621,0.0028577586206896552,0.02085344827586207,0.023202586206896556,0.012241379310344828
7434957772,0.3215615615615616,0.13291291291291293,0.18090090090090089,0.08103303303303304,0.02472672672672673,0.0017657657657657656,0.02472672672672673,0.01363963963963964,0.037717717717717716,0.17105105105105106,0.009963963963963963
7434976748,0.11082882882882884,0.2440840840840841,0.14415615615615615,0.025729729729729728,0.345945945945946,0.0001381381381381381,0.0012612612612612614,0.0031471471471471468,0.00025225225225225225,0.014222222222222225,0.11023423423423424
7441611662,0.009208845208845207,0.4411056511056511,0.01883538083538084,0.0010614250614250614,0.016815724815724815,0.05781818181818181,0.039837837837837835,0.024628992628992628,0.20902211302211304,0.0037346437346437353,0.17793120393120393
7657020532,0.23196996996997,0.28750750750750753,0.35885285285285284,0.036054054054054055,0.034816816816816816,0.003423423423423424,0.0013033033033033033,0.0007927927927927926,0.009981981981981981,0.003093093093093093,0.0322042042042042
7669667584,0.024650602409638556,0.020518072289156628,0.10435542168674697,0.060596385542168674,0.15103614457831324,0.11703614457831325,0.08518072289156625,0.004108433734939759,0.10946385542168677,0.32185542168674697,0.0011987951807228914
7669686422,0.05937951807228916,0.009765060240963856,0.17383132530120482,0.14621686746987952,0.14721686746987953,0.007795180722891566,0.015789156626506026,0.0005903614457831325,0.05373493975903614,0.35798192771084336,0.02769879518072289
7669688356,0.09962048192771086,0.02643373493975904,0.18343975903614454,0.12573493975903616,0.11451204819277107,0.004277108433734939,0.028927710843373495,0.00413855421686747,0.008873493975903615,0.3968795180722892,0.007162650602409637
7669731928,0.08228915662650603,0.004704819277108434,0.32778915662650604,0.11465060240963855,0.24797590361445784,0.004210843373493976,0.00672289156626506,0.0019096385542168677,0.001,0.1395963855421687,0.06915060240963855
7669734690,0.07746987951807228,0.009566265060240964,0.3210722891566265,0.13957831325301204,0.1824277108433735,0.008957831325301206,0.04335542168674699,0.0016626506024096386,0.012192771084337348,0.19169277108433733,0.012024096385542169
7669740696,0.05547590361445783,0.0055,0.15401204819277106,0.05179518072289157,0.37777108433734946,0.011746987951807229,0.015036144578313253,0.0013373493975903615,0.008421686746987952,0.2374457831325301,0.08145783132530121
7669743422,0.050933734939759036,0.002849397590361446,0.17443373493975906,0.07593975903614457,0.27020481927710843,0.007114457831325301,0.005024096385542169,0.0009096385542168674,0.07009638554216867,0.26018072289156624,0.08231325301204821
7669778380,0.02037349397590361,0.0008433734939759036,0.07348795180722892,0.1708012048192771,0.21333132530120485,0.01286144578313253,0.008385542168674699,1.8072289156626505e-05,0.18256626506024096,0.3066566265060241,0.010674698795180723
7669780204,0.03209036144578313,0.00018674698795180725,0.20780722891566264,0.11781927710843372,0.21639759036144576,0.007512048192771084,0.006548192771084338,5.421686746987952e-05,0.11969879518072288,0.2796024096385542,0.012283132530120484
7669793312,0.04669879518072289,0.0101144578313253,0.039144578313253006,0.3062831325301205,0.05662048192771085,0.021018072289156628,0.023240963855421688,0.0006024096385542169,0.003710843373493976,0.4909819277108434,0.0015843373493975904
7669795154,0.10383734939759036,0.00580120481927711,0.21943373493975904,0.04575903614457831,0.22023493975903616,0.006614457831325301,0.06452409638554216,0.0014518072289156627,0.005933734939759036,0.31175903614457834,0.014650602409638553
7669799210,0.07301807228915662,0.0019337349397590359,0.1604879518072289,0.2438433734939759,0.21703012048192769,0.004837349397590361,0.008373493975903614,6.024096385542168e-05,0.003753012048192771,0.2626385542168675,0.02402409638554217
7774626850,0.34013855421686745,0.0002891566265060241,0.011536144578313251,0.00013855421686746988,0.3209638554216868,0.03078313253012048,0.0015301204819277107,0.0,0.2309457831325301,0.04260843373493976,0.02106626506024096
7774639336,0.23912048192771085,0.007819277108433734,0.013475903614457831,0.00027710843373493976,0.4231626506024097,0.056849397590361436,0.00024096385542168676,6.0240963855421675e-06,0.0015180722891566265,0.18018072289156625,0.07734939759036144
7774768304,0.22343975903614455,0.0019457831325301203,0.01702409638554217,0.0019216867469879519,0.4687590361445783,0.08144578313253012,0.0011927710843373494,6.626506024096386e-05,0.1108734939759036,0.039795180722891565,0.05353614457831325
8525061998,0.047199095022624434,0.18396380090497735,0.059918552036199085,0.15983257918552035,0.012398190045248869,0.10558371040723982,0.01123076923076923,0.004683257918552036,0.0037556561085972853,0.4071312217194569,0.00430316742081448
8754279197,0.3661021021021021,0.08837837837837836,0.06347147147147147,0.2023903903903904,0.017849849849849855,0.0006726726726726728,0.011285285285285286,0.029879879879879882,0.02146546546546546,0.19618018018018016,0.0023243243243243248
8754279689,0.3423003003003003,0.13049849849849854,0.11625825825825825,0.09788588588588588,0.027561561561561563,0.006126126126126126,0.07332732732732733,0.054288288288288286,0.06505105105105105,0.08034234234234233,0.00636036036036036
8754282065,0.3557237237237237,0.07081681681681681,0.07277477477477476,0.3507267267267267,0.03687687687687688,0.0004504504504504505,0.004522522522522522,0.010660660660660659,0.02667867867867868,0.06888288288288287,0.0018858858858858856
8754295435,0.22387387387387386,0.1092912912912913,0.10491291291291292,0.2294054054054054,0.11117117117117116,0.0012792792792792793,0.007255255255255255,0.015681681681681683,0.007735735735735736,0.18535135135135136,0.004042042042042042
8754304907,0.234,0.08399399399399399,0.21434834834834834,0.2444204204204204,0.0247987987987988,0.0015975975975975974,0.017873873873873874,0.012528528528528529,0.011531531531531532,0.149987987987988,0.004918918918918919
8754314739,0.3995195195195195,0.07347147147147147,0.1389129129129129,0.2959039039039039,0.02045045045045045,0.0011891891891891893,0.0044084084084084095,0.011507507507507508,0.024648648648648647,0.018594594594594598,0.011393393393393394
8754330321,0.3666486486486487,0.07449249249249251,0.17071471471471472,0.16654054054054054,0.02215615615615616,0.0054114114114114115,0.008984984984984986,0.011225225225225226,0.08404804804804805,0.08036036036036034,0.009417417417417416
8754334063,0.1810750750750751,0.08081681681681681,0.17174774774774776,0.12654654654654654,0.07551951951951953,0.0053873873873873865,0.01953153153153153,0.027183183183183184,0.17987987987987988,0.12735735735735734,0.004954954954954954
8755383884,0.182006006006006,0.09243243243243245,0.23102702702702704,0.2234054054054054,0.021735735735735732,0.007105105105105105,0.05781981981981981,0.0074774774774774766,0.05427027027027026,0.09381381381381379,0.028906906906906907
8755387494,0.14957357357357354,0.02565165165165165,0.2888708708708709,0.11127327327327327,0.01741141141141141,0.13722522522522526,0.04022822822822823,0.006960960960960961,0.11513513513513515,0.08894894894894895,0.01872072072072072
8755397068,0.3016576576576577,0.03343543543543544,0.08283483483483484,0.17355555555555555,0.05431831831831832,0.011273273273273274,0.017477477477477476,0.02333933933933934,0.08739339339339337,0.13694894894894896,0.07776576576576577
8755407226,0.31407207207207205,0.10406606606606608,0.06193393393393394,0.1949069069069069,0.15207807807807808,0.010672672672672672,0.03073273273273273,0.029153153153153158,0.022228228228228227,0.058306306306306316,0.021849849849849848
8755425458,0.2036996996996997,0.09756156156156157,0.1943123123123123,0.15609609609609607,0.02727927927927928,0.003867867867867868,0.028342342342342345,0.13027027027027027,0.031471471471471474,0.11948348348348348,0.007615615615615616
8755441444,0.20926126126126127,0.1146906906906907,0.14742942942942944,0.18737537537537535,0.031153153153153156,0.054378378378378375,0.03230630630630631,0.03803603603603604,0.03984984984984985,0.13843843843843845,0.0070810810810810814
8755451638,0.3103543543543544,0.06864264264264264,0.2814954954954955,0.09789789789789789,0.023957957957957958,0.01720720720720721,0.02576576576576577,0.015363363363363362,0.024042042042042043,0.10902702702702703,0.026246246246246246
8991938569,0.09205084745762712,0.5239661016949153,0.11207909604519774,0.2261468926553672,0.01644632768361582,0.002378531073446328,0.0013898305084745766,0.0009152542372881358,0.0014350282485875705,0.019451977401129944,0.003740112994350283
8991943745,0.13293051359516614,0.2927129909365559,0.31345015105740187,0.09254380664652567,0.062483383685800614,0.0028338368580060427,0.00340785498489426,0.010942598187311178,0.003734138972809668,0.04061027190332326,0.044350453172205435
8991950803,0.2708942598187311,0.1401570996978852,0.06080966767371601,0.30786706948640485,0.013377643504531722,0.0008459214501510574,0.0005679758308157099,0.0010392749244712992,1.812688821752266e-05,0.14478549848942598,0.05963746223564954
8991955645,0.07548640483383685,0.008030211480362537,0.4758912386706949,0.3454441087613293,0.0012205438066465258,0.0021027190332326283,0.001782477341389728,0.0001933534743202417,0.0009063444108761328,0.08670694864048338,0.0022356495468277946
8991961713,0.07083383685800604,0.016761329305135953,0.2435166163141994,0.5717824773413898,0.0030634441087613287,0.000797583081570997,0.0020906344410876127,0.0005861027190332326,0.00036858006042296077,0.08891842900302113,0.001280966767371601
8991972315,0.37410271903323267,0.10812688821752266,0.10899697885196374,0.3836676737160121,0.0003625377643504532,0.0019093655589123867,0.002471299093655589,0.0020060422960725076,0.0006767371601208459,0.01604833836858006,0.0016314199395770393
8991977797,0.09580664652567977,0.04019335347432024,0.2958731117824773,0.501643504531722,0.014290030211480363,0.0016797583081570994,0.0005619335347432024,0.0014803625377643507,0.0008157099697885197,0.0338429003021148,0.013812688821752264
8991997243,0.6460785498489426,0.0021268882175226587,0.2586344410876133,0.015148036253776438,0.02384894259818731,0.022743202416918427,0.0033353474320241693,0.0016314199395770393,0.005178247734138972,0.009262839879154076,0.012012084592145016
8993141420,0.2052186588921283,0.3899883381924199,0.012151603498542274,0.253731778425656,0.012670553935860059,0.029626822157434406,0.0026297376093294455,0.000956268221574344,0.0044431486880466475,0.0834344023323615,0.0051486880466472314
8993146626,0.06167371601208459,0.010193353474320242,0.3372205438066465,0.5028821752265861,0.0010694864048338367,6.042296072507552e-06,0.0017401812688821751,0.00015105740181268882,1.2084592145015104e-05,0.0849667673716012,8.459214501510572e-05
8993152272,0.025570996978851963,4.229607250755287e-05,0.624392749244713,0.3439395770392749,7.854984894259818e-05,0.0005075528700906344,0.0005800604229607251,0.0001027190332326284,0.0006948640483383686,0.0010151057401812688,0.0030755287009063444
8993156578,0.034302114803625376,0.011595166163141992,0.4476012084592145,0.4624229607250756,0.0012930513595166165,0.0005800604229607251,0.0021691842900302114,0.0004229607250755287,0.0005075528700906344,0.038332326283987916,0.0007734138972809669
8993169230,0.13363141993957706,0.001081570996978852,0.3187190332326284,0.4571117824773414,0.0009788519637462237,6.042296072507552e-06,0.002706948640483384,0.0001027190332326284,6.042296072507552e-06,0.08523867069486404,0.0004169184290030212
8993176772,0.17221752265861026,6.042296072507552e-05,0.498833836858006,0.3005015105740181,0.0019577039274924477,0.003148036253776435,0.0003141993957703928,0.0001027190332326284,0.0002054380664652568,0.008984894259818731,0.013673716012084593
8993188812,0.04792749244712991,0.0061450151057401824,0.3391057401812689,0.5102054380664652,0.003848942598187311,6.042296072507552e-06,0.001105740181268882,3.021148036253776e-05,1.812688821752266e-05,0.09146827794561932,0.00013897280966767374
9186157305,0.03221866666666666,0.047002666666666665,0.13865066666666667,0.07547199999999998,0.42140266666666665,0.042496,0.04578133333333333,0.0015253333333333336,0.025808,0.11826133333333333,0.05138133333333333
9203105571,0.4184438202247191,0.4633202247191011,0.106938202247191,0.0019550561797752808,0.0038033707865168533,0.0010674157303370787,0.0005224719101123595,0.0002415730337078652,0.0006797752808988764,0.0007359550561797754,0.0022921348314606737
9203107857,0.2643303303303303,0.35792792792792794,0.2360900900900901,0.04978378378378378,0.016540540540540542,0.012750750750750751,0.0056516516516516525,0.029735735735735732,0.006606606606606606,0.011345345345345346,0.009237237237237236
9203108375,0.626972972972973,0.1145945945945946,0.03833033033033033,0.06957957957957958,0.026186186186186185,0.0,0.02678678678678679,0.005363363363363363,0.0002642642642642643,0.09036036036036035,0.0015615615615615615
9203111957,0.7364444444444445,0.02472672672672673,0.07636636636636636,0.05381981981981983,0.030174174174174177,0.00033033033033033035,0.020354354354354356,0.0062882882882882895,0.0012432432432432433,0.04328528528528529,0.006966966966966967
9203112839,0.6429069069069069,0.0002222222222222222,0.17156756756756758,0.08787387387387385,0.005945945945945946,0.006126126126126126,0.02956756756756757,0.0015195195195195196,0.0011171171171171172,0.03637237237237237,0.016780780780780782
9203115019,0.8511771771771773,0.0014114114114114115,0.09535735735735736,0.0163003003003003,0.013069069069069069,0.0021861861861861864,0.0044744744744744745,0.0009489489489489488,0.003807807807807808,0.005417417417417418,0.00584984984984985
9205890218,0.3291771771771772,0.4287267267267267,0.13966366366366367,0.04258858858858859,0.01574174174174174,0.0022342342342342343,0.012210210210210208,0.0005705705705705706,0.0004024024024024024,0.014336336336336337,0.014348348348348347
9205890648,0.3153933933933934,0.5131891891891892,0.09499099099099101,0.030702702702702707,0.006306306306306306,0.0003903903903903904,0.016456456456456457,0.003261261261261261,0.0005765765765765766,0.014504504504504504,0.0042282282282282285
9205893280,0.8108828828828829,1.2012012012012014e-05,0.06690690690690691,0.08688288288288287,0.013069069069069069,0.0,0.0136996996996997,0.0008768768768768767,0.00018018018018018016,0.00675075075075075,0.0007387387387387387
9205897206,0.7679939939939939,0.001951951951951952,0.0847987987987988,0.04988588588588588,0.016606606606606608,6.006006006006006e-05,0.03259459459459459,0.0022222222222222227,0.00033033033033033035,0.04096096096096096,0.0025945945945945945
9205897640,0.8656816816816818,0.00018618618618618615,0.08197597597597596,0.016414414414414415,0.012294294294294295,0.0011831831831831832,0.006582582582582583,0.0007087087087087087,0.0006846846846846848,0.007711711711711709,0.006576576576576576
9363910295,0.17909698996655518,0.2554782608695652,0.11616722408026756,0.1251638795986622,0.04384615384615385,0.047933110367892974,0.03459531772575251,0.05266889632107023,0.028401337792642145,0.08228762541806019,0.03436120401337792
