11497515,0.603328,0.010736,0.0009226666666666668,0.16302933333333333,0.000352,0.0,1.0666666666666667e-05,0.00010666666666666668,0.0,0.22151466666666667,0.0
11497521,0.4085013333333333,0.07573866666666665,0.005482666666666665,0.28919466666666666,0.031258666666666664,0.0,9.066666666666667e-05,1.0666666666666667e-05,0.0,0.18972266666666668,0.0
11497536,0.09133866666666665,0.03968,0.0021866666666666666,0.3447306666666667,0.4634453333333333,0.0,0.000768,0.001728,0.0,0.05217066666666666,0.003952
11497540,0.3858506666666667,0.5279786666666667,0.002645333333333333,0.08133333333333331,0.001824,0.0,4.8e-05,0.000144,0.0,0.000176,0.0
11497543,0.390448,0.385984,0.00936,0.15604266666666666,0.0007093333333333332,0.0,0.002501333333333333,0.001168,0.0,0.053754666666666666,3.2e-05
12542194,0.18806933333333334,0.3062133333333333,0.154192,0.2588426666666667,0.04152,0.0,0.011429333333333331,0.0006933333333333333,0.00017066666666666668,0.03867733333333333,0.000192
12542204,0.272224,0.101488,0.24561599999999997,0.2278506666666667,0.018266666666666667,0.0,0.03507733333333333,5.8666666666666665e-05,2.133333333333333e-05,0.09885333333333331,0.000544
2354714589,0.3069866666666667,0.2730293333333333,0.12090666666666665,0.13213866666666665,0.01901333333333333,0.0008053333333333332,0.02474133333333333,0.004613333333333333,0.0004053333333333333,0.09664,0.02072
2355546016,0.3147093333333333,0.42262933333333336,0.058592,0.05586666666666666,0.02253333333333333,0.08284266666666665,0.003296,0.0010613333333333334,0.0017706666666666667,0.022581333333333328,0.014117333333333334
2355546106,0.4934773333333333,0.053616,0.007722666666666666,0.3441333333333333,0.004869333333333333,0.020304,0.00041066666666666666,0.001088,0.0007413333333333333,0.062208,0.011429333333333331
2361854469,0.3565653333333333,0.15368533333333334,0.27943466666666666,0.052928,0.060277333333333336,0.001472,0.007877333333333333,0.0038880000000000004,8.533333333333334e-05,0.06234666666666666,0.02144
2362685888,0.3057013333333333,0.2484746666666667,0.2699093333333333,0.01883733333333333,0.013712,0.024298666666666663,0.00352,0.0014026666666666664,0.0007946666666666667,0.02098133333333333,0.092368
2362686268,0.3245226666666667,0.26916266666666666,0.256064,0.02459733333333333,0.008298666666666666,0.020944,0.005445333333333332,0.0020053333333333334,0.001941333333333333,0.025909333333333333,0.061109333333333335
2363348833,0.323632,0.0,0.0,0.516976,0.0,0.0,0.0,0.0,0.0,0.159392,0.0
2363349001,0.221088,0.028564,0.26502,0.293192,0.05798,0.011784,0.030856,0.008432,0.002676,0.070684,0.009724
2369443775,0.16465066666666667,0.038794666666666665,0.333648,0.002634666666666667,0.006266666666666666,0.24618666666666664,0.0002506666666666667,0.00021333333333333333,0.002016,0.00020266666666666667,0.205136
2369443929,0.246624,0.000768,0.4742133333333333,0.053872,0.02066133333333333,0.014970666666666669,0.009434666666666666,0.015040000000000001,0.018410666666666662,0.023648,0.12235733333333333
2373407571,0.6702969696969697,0.0,0.0,0.009539393939393941,0.0,0.0,0.0,0.0,0.0,0.3201636363636364,0.0
2374245666,0.4351672597864769,0.28221352313167253,0.013715302491103205,0.1431459074733096,0.019608540925266902,5.6939501779359435e-05,0.0024555160142348755,0.0002491103202846975,0.0,0.09866192170818504,0.004725978647686833
2381941393,0.4870293333333333,0.024842666666666662,0.16485866666666665,0.17303466666666667,0.040256,0.06287466666666665,0.001456,0.005696,0.006997333333333335,0.013674666666666668,0.01928
2381941563,0.596752,0.019354666666666662,0.14996266666666666,0.10086933333333334,0.036549333333333336,0.03823466666666666,0.009157333333333332,0.0048,0.014149333333333331,0.021728,0.008442666666666666
2382774574,0.6079253333333333,0.016037333333333334,0.099808,0.12720533333333334,0.026272000000000004,0.08128533333333332,0.0023946666666666665,0.0045333333333333345,0.011616,0.009904,0.013018666666666666
2460989151,0.37911466666666666,0.4631946666666666,0.018714666666666668,0.031104000000000003,0.049461333333333336,3.2e-05,0.0018773333333333333,0.020906666666666667,0.003061333333333333,0.02506133333333333,0.007472
2460991973,0.155792,0.318192,0.13358933333333334,0.22290666666666667,0.08260266666666667,0.00704,0.034688,0.01126933333333333,0.007557333333333333,0.02517866666666666,0.001184
2460992107,0.16980266666666666,0.173536,0.07602666666666667,0.11621866666666665,0.3266986666666667,0.0002933333333333333,0.03657066666666666,0.016058666666666666,0.004768,0.07732266666666665,0.002704
2461003831,0.465824,0.316256,0.0075893333333333325,0.159456,0.01888533333333333,0.0,0.002464,0.010192,3.2e-05,0.018698666666666662,0.0006026666666666667
2461004307,0.28952,0.13718933333333333,0.194512,0.19589333333333334,0.05712,0.00013866666666666666,0.02061333333333333,0.021834666666666662,0.000704,0.08001066666666666,0.002464
2461004455,0.36386666666666667,0.15534933333333334,0.096992,0.161456,0.054864,5.333333333333334e-06,0.004736,0.017893333333333334,0.0002666666666666667,0.14339733333333332,0.0011733333333333333
2461004853,0.25672533333333336,0.01895466666666667,0.11990933333333335,0.30536,0.010661333333333332,1.0666666666666667e-05,0.013125333333333331,0.05098133333333333,0.004042666666666667,0.22022933333333333,0.0
2461005599,0.282512,0.0024106666666666673,0.11669333333333333,0.3319253333333333,0.13205866666666666,3.733333333333333e-05,0.04557866666666667,0.010218666666666666,0.0005493333333333333,0.06250666666666667,0.015509333333333332
2461005897,0.061221333333333336,0.283168,0.339728,0.13965866666666665,0.006154666666666666,0.0,0.012090666666666666,0.003429333333333333,0.00064,0.153712,0.00019733333333333327
2461838060,0.3289973333333333,0.09357333333333331,0.06394133333333334,0.2414186666666667,0.05137066666666666,8e-05,0.015285333333333331,0.029578666666666663,0.000336,0.171984,0.0034346666666666666
2461838546,0.426112,0.31045866666666666,0.096912,0.08172266666666665,0.014725333333333332,0.0,0.0014933333333333333,0.004058666666666667,0.0003733333333333333,0.064144,0.0
2461838666,0.30183466666666664,0.017349333333333338,0.06303466666666667,0.3025653333333333,0.022256,5.333333333333334e-06,0.00544,0.039168,0.000672,0.24767466666666665,0.0
2461839250,0.114256,0.20328533333333332,0.2658293333333333,0.2267146666666667,0.024058666666666662,8e-05,0.084432,0.010005333333333331,0.003077333333333333,0.066,0.0022613333333333326
2461840172,0.25228266666666666,0.020698666666666667,0.14698666666666665,0.17655466666666667,0.055626666666666665,5.333333333333334e-06,0.005296,0.011605333333333334,0.00039466666666666665,0.33021866666666666,0.00033066666666666666
2461840310,0.251936,0.007541333333333333,0.13550933333333334,0.50544,0.035914666666666664,0.0002453333333333333,0.0076,0.004176,0.0008693333333333333,0.05028266666666667,0.0004853333333333333
2757457623,0.15854596100278553,0.01785515320334262,0.010947075208913649,0.6157994428969359,0.001766016713091922,0.0,0.0804066852367688,0.00019498607242339835,3.342618384401114e-05,0.11445125348189415,0.0
2758295412,0.04106145251396648,0.009815642458100559,0.06959217877094973,0.5954189944134078,0.021413407821229045,0.0,0.11937988826815644,0.026815642458100558,0.0,0.10911173184357542,0.0073910614525139655
2758295922,0.10298324022346368,0.003793296089385475,0.038005586592178765,0.4875754189944134,0.0,0.0,0.07050837988826815,0.08867039106145251,6.703910614525141e-05,0.20839664804469274,0.0
2758296162,0.09820338983050847,0.0020677966101694915,0.021022598870056496,0.43402824858757055,1.1299435028248587e-05,0.0,0.10151977401129944,0.05783050847457628,5.649717514124294e-06,0.2853107344632768,0.0
2758297648,0.22105649717514125,0.008745762711864407,0.01096045197740113,0.2854293785310735,0.018446327683615815,0.0,0.024870056497175143,0.08715819209039549,7.909604519774011e-05,0.34323728813559323,1.6949152542372878e-05
2973783529,0.16517117117117114,0.05795195195195195,0.5927687687687687,0.04702102102102103,0.02496696696696697,0.027687687687687687,0.01938138138138138,0.0011471471471471472,0.0018438438438438442,0.017591591591591592,0.044468468468468476
2973786433,0.10375975975975976,0.22904504504504505,0.5929189189189189,0.033795795795795794,0.012450450450450451,0.001099099099099099,0.00515915915915916,0.0006186186186186186,0.0007327327327327326,0.008708708708708707,0.011711711711711712
2973792977,0.273993993993994,0.17465465465465466,0.4671951951951952,0.031411411411411405,0.017297297297297298,0.0017117117117117118,0.006378378378378378,0.0010450450450450448,0.001039039039039039,0.008390390390390391,0.016882882882882883
2973795209,0.2083903903903904,0.10411411411411413,0.54806006006006,0.01962762762762763,0.017213213213213212,0.005615615615615616,0.006948948948948949,0.0011471471471471472,0.002888888888888889,0.044606606606606605,0.04138738738738739
2973797889,0.18291291291291287,0.0013693693693693693,0.6103783783783784,0.043663663663663664,0.018504504504504502,0.0020900900900900896,0.014288288288288287,0.003741741741741741,0.005981981981981982,0.06538738738738739,0.051681681681681683
2973809637,0.6437957957957958,0.022774774774774773,0.3193513513513513,0.008318318318318318,0.0035615615615615616,0.0,0.00033033033033033035,0.0001381381381381381,9.009009009009008e-05,0.0002822822822822822,0.0013573573573573573
2973812827,0.029843843843843844,0.002468468468468469,0.705075075075075,0.13266066066066065,0.002972972972972973,0.006522522522522522,0.0042582582582582585,0.002852852852852853,0.0009489489489489488,0.09802402402402402,0.014372372372372372
2974629162,0.18887087087087087,0.08808408408408408,0.5031351351351351,0.07505105105105103,0.014006006006006006,0.002288288288288288,0.02593993993993994,0.0018138138138138137,0.0017177177177177176,0.05418018018018018,0.04491291291291291
2974633342,0.2176096096096096,0.14564564564564564,0.4668648648648649,0.037573573573573577,0.09300300300300302,0.007033033033033033,0.006672672672672673,0.0010570570570570571,0.0006186186186186186,0.006870870870870871,0.01705105105105105
2974641394,0.5034954954954955,0.021933933933933933,0.38615615615615617,0.023453453453453454,0.006696696696696697,0.018546546546546548,0.0066006006006006,0.0011231231231231232,0.0012072072072072072,0.004642642642642642,0.026144144144144142
2974643492,0.2133033033033033,0.2087747747747748,0.4562882882882882,0.014126126126126124,0.02090690690690691,0.013153153153153152,0.008192192192192192,0.0016816816816816818,0.0035735735735735736,0.011495495495495495,0.048504504504504505
2974658470,0.22029429429429428,0.04368168168168168,0.606954954954955,0.05487687687687688,0.017921921921921918,0.001867867867867868,0.013765765765765766,0.0011591591591591593,0.0014774774774774775,0.016804804804804806,0.0211951951951952
2974660580,0.16284684684684686,0.2003183183183183,0.3505165165165165,0.036480480480480484,0.022414414414414413,0.00624024024024024,0.010378378378378378,0.004522522522522522,0.005837837837837838,0.16303903903903905,0.037405405405405406
2974663894,0.3092912912912913,0.018384384384384386,0.2256276276276276,0.4193153153153153,0.007039039039039039,0.00010810810810810812,0.007159159159159159,0.0019759759759759763,1.2012012012012014e-05,0.010294294294294295,0.0007927927927927926
2974669464,0.3668228228228228,0.12826426426426427,0.2432072072072072,0.18665465465465467,0.03551351351351352,0.0014294294294294296,0.0026666666666666666,0.0003183183183183183,0.0006846846846846848,0.011363363363363363,0.023075075075075075
2987908535,0.27614933333333336,0.15648533333333334,0.05978666666666666,0.356752,0.03506133333333333,5.333333333333334e-06,0.0010186666666666666,0.006570666666666666,6.4e-05,0.10728,0.0008266666666666666
2987909153,0.14781866666666665,0.20882666666666666,0.12862933333333335,0.41,0.032533333333333324,0.0,0.0072426666666666655,0.011754666666666668,9.6e-05,0.050512,0.0025866666666666672
2987909677,0.24321066666666666,0.089216,0.236704,0.18392,0.048309333333333336,0.0011946666666666664,0.036272,0.013232,0.001088,0.07195733333333333,0.074896
2987910083,0.134928,0.20176,0.2987786666666667,0.08183466666666665,0.02654933333333333,0.00728,0.02624533333333333,0.007146666666666666,0.0028693333333333327,0.15774933333333332,0.05485866666666666
2987910331,0.12708266666666668,0.356592,0.3015893333333333,0.100544,0.02738133333333333,0.0044,0.014186666666666669,0.0051733333333333345,0.0037866666666666665,0.022138666666666668,0.03712533333333334
2987911441,0.11979733333333335,0.12464000000000001,0.32354666666666665,0.2627306666666667,0.026501333333333328,0.0007946666666666667,0.045808,0.005621333333333333,0.0005226666666666666,0.066096,0.02394133333333333
2988766914,0.3094773333333333,0.209072,0.07922666666666665,0.294464,0.057232,8e-05,0.0005386666666666666,0.002992,3.733333333333333e-05,0.045386666666666665,0.0014933333333333333
2988768224,0.1384,0.09987733333333332,0.38904,0.187296,0.035914666666666664,0.0054613333333333345,0.037749333333333336,0.0058506666666666655,0.0015146666666666668,0.059610666666666666,0.039285333333333325
2988769396,0.132736,0.15118933333333334,0.3104213333333333,0.15994133333333332,0.02297066666666667,0.012309333333333334,0.027722666666666663,0.011674666666666668,0.0037973333333333336,0.12619733333333333,0.04104
2988769926,0.10586133333333334,0.4089333333333333,0.1236,0.14816,0.10792533333333333,0.001088,0.011370666666666666,0.0032906666666666666,0.0014506666666666667,0.077728,0.010592
3649940147,0.06382933333333334,0.37296,0.29263466666666665,0.045936,0.09615466666666665,0.007274666666666665,0.014896000000000001,0.004229333333333333,0.006272,0.032992,0.06282133333333334
3657298650,0.188944,0.174768,0.17352,0.11392533333333335,0.048277333333333325,0.004245333333333334,0.15445333333333333,0.037936,0.031456,0.06644266666666665,0.006032
3657298870,0.137456,0.10274133333333334,0.07206933333333332,0.35468266666666665,0.21322666666666668,0.000288,0.01269333333333333,0.018416,0.0013706666666666667,0.08128,0.005776
3658465587,0.11607999999999999,0.002512,0.011226666666666666,0.5774986666666667,0.091856,0.0,0.01922133333333333,0.000816,5.8666666666666665e-05,0.18072,1.0666666666666667e-05
3659262246,0.296848,0.028474666666666662,0.17126933333333333,0.25765866666666665,0.06968533333333334,0.0003893333333333333,0.09769066666666665,0.023168,0.007669333333333333,0.04578133333333333,0.0013653333333333336
3663137760,0.297552,0.018464,0.04416533333333333,0.43343466666666663,0.001824,0.0,0.16063466666666668,0.037018666666666665,0.00011733333333333333,0.006789333333333333,0.0
3664958429,0.16587261146496815,0.0270828025477707,0.27047133757961783,0.2663312101910828,0.10057324840764333,0.004764331210191082,0.03096815286624204,0.03561783439490446,0.008955414012738853,0.08490445859872611,0.0044585987261146496
3664958553,0.3547093333333333,0.0,0.0,0.5916746666666666,0.0,0.0,0.0,0.0,0.0,0.053616,0.0
3667053844,0.5489173333333334,0.06821866666666665,0.055584,0.110864,0.17176,0.0,0.00019733333333333327,0.03634666666666666,0.004,0.0040746666666666665,3.733333333333333e-05
3667476935,0.4252533333333333,0.005338666666666666,0.23308266666666666,0.13085866666666668,0.07837866666666665,0.004122666666666666,0.009210666666666669,0.004752,0.005013333333333333,0.05687466666666665,0.047114666666666666
3668283098,0.21299686520376174,0.38885893416927897,0.04282758620689655,0.08101567398119121,0.14415047021943575,0.0023072100313479625,0.0007398119122257055,0.0019059561128526648,0.0016865203761755483,0.12232601880877746,0.0011849529780564266
3672150750,0.2353706666666667,0.006528,0.36266666666666664,0.0015626666666666664,0.029013333333333325,0.21650133333333327,0.00039466666666666665,0.03967466666666666,0.02779733333333333,0.001888,0.07860266666666665
3720123843,0.2817493333333333,0.053018666666666665,0.16683733333333334,0.07613333333333333,0.270656,0.000128,0.0020106666666666667,0.005653333333333333,0.0030133333333333327,0.14020266666666667,0.0005973333333333333
3720935484,0.380976,0.00012266666666666668,0.06788266666666665,0.04359466666666666,0.3077013333333333,0.0,0.001632,0.0003413333333333333,0.000208,0.188336,0.009205333333333331
3722582278,0.15405866666666668,0.14955733333333332,0.14057066666666668,0.099792,0.10074133333333334,0.079184,0.03666666666666666,0.04722666666666666,0.043461333333333324,0.10965866666666667,0.03908266666666666
3826727035,0.2453704735376045,0.035231197771587744,0.11241225626740947,0.2498607242339833,0.09413370473537604,7.242339832869083e-05,0.002373259052924791,0.022729805013927577,0.0035654596100278546,0.22998885793871865,0.004261838440111421
3827584050,0.35588095238095235,0.04597619047619048,0.07572222222222222,0.1042936507936508,0.20125396825396824,0.00017460317460317462,0.0015873015873015873,0.01634126984126984,0.0017698412698412699,0.18878571428571428,0.008214285714285716
3833178895,0.3106613333333333,0.0022613333333333326,0.107616,0.286944,0.03141333333333333,5.333333333333334e-06,0.0006186666666666666,0.004128,0.0018186666666666663,0.254432,0.00010133333333333332
3833338131,0.2798773333333333,0.000496,0.035696,0.5370026666666666,0.00046399999999999995,0.0,0.04687466666666666,0.0019893333333333334,0.0,0.0976,0.0
3833374243,0.16904,0.011226666666666666,0.103952,0.5841706666666666,0.03569066666666667,1.6e-05,0.016362666666666668,0.023834666666666667,0.00046399999999999995,0.049472,0.005770666666666667
3833620441,0.147248,0.019408,0.305792,0.2562933333333333,0.007248,0.00011200000000000001,0.015610666666666669,0.007583999999999999,0.0011253333333333334,0.23923200000000003,0.00034666666666666667
3833981290,0.203136,0.023712,0.138304,0.4930773333333333,0.005290666666666666,1.6e-05,0.0026666666666666666,0.010586666666666666,0.004026666666666665,0.11915733333333335,2.666666666666667e-05
3834138296,0.212464,0.237664,0.16054933333333332,0.28147733333333336,0.0068853333333333345,0.0,0.000512,0.003776,0.00010133333333333332,0.09657066666666665,0.0
3834163666,0.157104,0.13810666666666666,0.4227253333333333,0.13091733333333333,0.007312,0.00010133333333333332,0.017456,0.006656,0.003946666666666666,0.115552,0.00012266666666666668
3834175062,0.15769066666666667,0.2285173333333333,0.3788053333333333,0.11332266666666667,0.006773333333333334,0.00011200000000000001,0.007781333333333333,0.007776,0.004517333333333332,0.094624,8e-05
3834415962,0.12298133333333333,0.014613333333333334,0.082016,0.6566986666666667,0.007152,9.066666666666667e-05,0.042133333333333335,0.028842666666666662,0.0007893333333333333,0.043632,0.0010506666666666668
3834419104,0.10684266666666667,0.011253333333333334,0.35058666666666666,0.21456,0.007962666666666665,4.266666666666666e-05,0.03881066666666666,0.004149333333333333,0.001973333333333333,0.262848,0.0009706666666666666
3837849261,0.18481990521327013,0.0007156398104265401,0.06266350710900474,0.5037109004739336,0.0013886255924170615,0.0,0.021488151658767773,0.000990521327014218,4.739336492890995e-06,0.22421327014218007,4.739336492890995e-06
3838683828,0.03064435146443515,0.02189958158995816,0.07235564853556485,0.18151882845188289,0.12048117154811715,0.0002803347280334728,0.03246443514644352,0.01410041841004184,0.004602510460251046,0.4881757322175732,0.033476987447698746
3884662103,0.08717866666666665,0.010298666666666666,0.178464,0.40465066666666666,0.017226666666666668,0.00013333333333333334,0.056789333333333324,0.06580800000000002,0.001168,0.173712,0.004570666666666666
3884665115,0.11066133333333332,0.014976,0.068304,0.41496533333333335,0.15965866666666667,5.8666666666666665e-05,0.022826666666666662,0.037754666666666666,0.000336,0.165168,0.005290666666666666
3884844845,0.113248,0.5347893333333333,0.08251733333333333,0.151152,0.10523733333333334,8.533333333333334e-05,0.005232,0.0033173333333333327,0.0016,0.0025866666666666672,0.00023466666666666666
3885456070,0.12464533333333333,0.019152,0.07011733333333334,0.44221333333333335,0.01496,3.2e-05,0.021472,0.060576,0.0009653333333333332,0.24501866666666666,0.000848
3885459460,0.14122133333333334,0.002330666666666667,0.05564266666666666,0.437776,0.00824,5.333333333333334e-06,0.002901333333333333,0.02703466666666666,1.0666666666666667e-05,0.3246933333333333,0.000144
3885467754,0.13913924050632911,0.013031645569620252,0.09113291139240505,0.4217531645569621,0.003734177215189873,1.8987341772151897e-05,0.01974683544303797,0.03810759493670886,0.003392405063291139,0.2698670886075949,7.594936708860759e-05
3885632236,0.14990933333333334,0.09612266666666665,0.070112,0.055744,0.16258666666666666,0.0,0.010549333333333334,0.01990933333333333,4.8e-05,0.422992,0.012026666666666666
3885640148,0.10506666666666667,0.08978666666666665,0.06057066666666666,0.11786666666666665,0.16975466666666664,0.0002613333333333333,0.022352,0.012181333333333334,0.0008053333333333332,0.419616,0.0017386666666666664
4737782855,0.11277866666666668,0.4877333333333334,0.008309333333333334,0.286496,0.04809066666666666,0.0,0.0015093333333333332,0.0019253333333333332,0.0005546666666666666,0.051477333333333326,0.0011253333333333334
4737784423,0.19156266666666666,0.6618453333333333,0.0020426666666666666,0.057888,0.020074666666666668,0.0,0.018778666666666662,0.020784,0.017984,0.009034666666666665,5.333333333333334e-06
4738416450,0.12802133333333332,0.457504,0.01703466666666667,0.288416,0.057461333333333336,5.333333333333334e-06,0.000912,0.0018293333333333332,0.0012906666666666667,0.047205333333333335,0.00032
4738421388,0.11656,0.2728586666666667,0.0052693333333333325,0.4633866666666666,5.8666666666666665e-05,0.0,0.02467733333333333,0.047781333333333335,0.038533333333333336,0.03087466666666667,0.0
486453704,0.7507867867867869,0.02178978978978979,0.1185825825825826,0.00012612612612612612,0.002888888888888889,0.07033033033033033,0.0011951951951951953,0.0031651651651651647,0.02434234234234234,0.00236036036036036,0.004432432432432433
486455928,0.6578978978978978,0.02751951951951952,0.15047447447447448,0.00757957957957958,0.014312312312312312,0.07293093093093092,0.0006906906906906907,0.0019279279279279281,0.02446846846846847,0.021483483483483484,0.020714714714714717
486456458,0.585963963963964,0.008114114114114114,0.21648048048048046,0.004072072072072072,0.01345945945945946,0.06287687687687687,0.0065045045045045045,0.008138138138138138,0.07276876876876877,0.009123123123123123,0.012498498498498498
486482979,0.7381681681681682,0.011327327327327328,0.1307927927927928,0.000978978978978979,0.01332132132132132,0.043903903903903904,0.0009609609609609607,0.0015735735735735734,0.0336036036036036,0.007285285285285284,0.018084084084084084
486483191,0.7087747747747748,0.00012612612612612612,0.09227627627627627,9.609609609609608e-05,0.002936936936936937,0.08189189189189187,0.00203003003003003,0.0003423423423423424,0.09876276276276276,0.005189189189189189,0.007573573573573573
486485057,0.6285705705705705,0.0,0.10772372372372373,6.006006006006007e-06,5.4054054054054054e-05,0.05434234234234234,2.4024024024024028e-05,3.003003003003003e-05,0.19906306306306307,2.4024024024024028e-05,0.010162162162162165
486486203,0.5506486486486486,0.019069069069069067,0.2707567567567568,0.00327927927927928,0.00045645645645645645,0.07951951951951952,0.0010270270270270273,0.0007207207207207206,0.04336336336336336,0.0038738738738738733,0.027285285285285284
486486289,0.5346006006006006,0.010612612612612612,0.19371771771771773,0.0058078078078078075,0.02413813813813814,0.09278678678678678,0.0009429429429429428,0.0031651651651651647,0.07284684684684686,0.008738738738738738,0.05264264264264264
486486707,0.5928648648648649,0.02403603603603604,0.12107507507507508,0.0008408408408408409,0.003723723723723724,0.14742942942942944,0.010546546546546545,0.008246246246246246,0.06563963963963965,0.005249249249249249,0.020348348348348345
486486771,0.4501921921921922,0.005363363363363363,0.1150990990990991,0.0019279279279279281,0.00596996996996997,0.16085885885885887,0.02001201201201201,0.0039579579579579575,0.0895915915915916,0.020864864864864864,0.12616216216216214
486486823,0.6015375375375376,0.009471471471471472,0.16497297297297298,0.00024624624624624625,0.001891891891891892,0.03011411411411412,5.4054054054054054e-05,0.004522522522522522,0.163003003003003,6.006006006006007e-06,0.024180180180180175
486487119,0.5010690690690691,0.0035735735735735736,0.048534534534534525,0.002096096096096096,0.005933933933933934,0.12978378378378375,0.0229009009009009,0.0045585585585585595,0.181951951951952,0.027579579579579575,0.072018018018018
486487191,0.5594294294294294,0.01598798798798799,0.0961021021021021,0.0013813813813813814,0.009825825825825826,0.10227027027027027,0.01024024024024024,0.01682882882882883,0.1755855855855856,0.0036276276276276283,0.00872072072072072
486487275,0.4910630630630631,0.02125525525525525,0.1881021021021021,0.0008348348348348348,0.010090090090090088,0.07350750750750752,0.016666666666666666,0.017285285285285286,0.16180780780780782,0.0044384384384384395,0.014948948948948947
486487809,0.5512252252252252,0.009921921921921923,0.21654654654654654,0.0007087087087087087,0.0016636636636636634,0.07467867867867868,0.012924924924924927,0.00848048048048048,0.11774774774774775,0.002636636636636637,0.003465465465465465
4927444255,0.5126186666666666,0.06328533333333332,0.005109333333333333,0.07166400000000002,0.02722133333333333,4.266666666666666e-05,0.0005973333333333333,0.015744,0.0010773333333333334,0.3021013333333333,0.0005386666666666666
4927446001,0.214,0.058192,0.011189333333333334,0.331936,0.06363733333333334,0.0005386666666666666,0.0018133333333333328,0.015322666666666668,0.001184,0.29429866666666665,0.007888
4927451803,0.170736,0.22197333333333333,0.131376,0.299456,0.01805333333333333,2.666666666666667e-05,0.056976,0.028933333333333325,0.00032,0.06336533333333333,0.008784
4928041884,0.22040533333333331,0.09122666666666665,0.004608,0.33149866666666666,0.011658666666666666,2.133333333333333e-05,0.0013546666666666663,0.015450666666666666,0.0010666666666666667,0.3223466666666667,0.00036266666666666663
4928044682,0.265024,0.028010666666666663,0.056949333333333324,0.461616,0.075632,0.0,0.008842666666666667,0.001104,0.0,0.10114666666666666,0.0016746666666666668
4928049724,0.11338133333333332,0.013456,0.02515733333333333,0.428384,0.02291733333333333,0.0,0.033456,0.01970133333333333,0.00010666666666666668,0.34220266666666666,0.0012373333333333331
4928054552,0.24448000000000003,0.06543466666666667,0.066944,0.36995733333333336,0.00936,0.001002666666666667,0.009418666666666669,0.011295999999999999,0.0044853333333333325,0.2174613333333333,0.00016
4928098875,0.217552,0.16668266666666667,0.0012373333333333331,0.5828373333333333,0.02232533333333333,0.0,0.0,0.000816,0.0,0.008490666666666667,5.8666666666666665e-05
4928692780,0.21626133333333333,0.0029706666666666666,0.033445333333333334,0.536624,0.041024,0.0,0.0018773333333333333,0.00776,0.000688,0.15909333333333334,0.000256
4928693106,0.268704,0.01882666666666666,0.023258666666666667,0.249424,0.060261333333333326,0.0003413333333333333,0.0015146666666666668,0.010517333333333332,0.011344,0.3550346666666667,0.0007733333333333333
5118492449,0.18229591836734693,0.0005867346938775511,0.536311224489796,0.11418367346938775,0.006658163265306122,0.05930102040816326,0.028576530612244893,0.0019744897959183675,0.03881122448979592,0.02412244897959184,0.007178571428571428
5118492559,0.2955582089552239,5.373134328358209e-05,0.44902686567164174,0.09702089552238805,0.04392835820895522,0.004280597014925372,0.02,0.0013492537313432836,0.0016,0.03734925373134328,0.04983283582089552
5118492633,0.022754901960784314,0.0,0.7721960784313725,0.1846617647058824,0.002034313725490196,4.901960784313726e-06,0.006514705882352942,4.901960784313725e-05,0.0011911764705882352,0.010558823529411765,3.4313725490196084e-05
5118493907,0.2319402985074627,0.13685970149253732,0.5656776119402985,0.008274626865671642,0.004591044776119403,0.0250865671641791,0.0013253731343283582,0.00033432835820895523,0.0030746268656716416,0.0018507462686567163,0.020985074626865673
5118494471,0.16705437352245864,0.10349408983451536,0.6295744680851064,0.008605200945626477,0.0022978723404255322,0.05612765957446809,0.00299290780141844,0.00011820330969267142,0.006803782505910166,0.007905437352245862,0.015026004728132387
5119094852,0.1795641791044776,0.07253731343283581,0.6472,0.02453134328358209,0.0012,0.003558208955223881,0.02571940298507463,0.0002626865671641791,0.0013611940298507465,0.039564179104477605,0.004501492537313433
5119096086,0.087,0.15778947368421053,0.517061403508772,0.026982456140350882,0.0009649122807017545,0.12428070175438595,0.0051403508771929824,0.000631578947368421,0.020105263157894737,0.013605263157894737,0.04643859649122808
5119096654,0.23909850746268654,0.013134328358208954,0.3205850746268657,0.15463283582089551,0.04560597014925373,0.1280179104477612,0.005791044776119403,0.0005671641791044777,0.03728955223880597,0.005904477611940298,0.04937313432835821
5127732901,0.368224,0.425904,0.033045333333333336,0.12649066666666667,0.01923733333333333,0.0,0.000608,0.0008213333333333333,6.933333333333333e-05,0.023856,0.001744
5128339170,0.3073013333333333,0.34104,0.03424,0.30240533333333336,0.010442666666666666,0.0,5.8666666666666665e-05,0.000128,0.0,0.004373333333333333,1.0666666666666667e-05
5128340310,0.5204746666666666,0.04520533333333333,0.0006346666666666666,0.05329066666666666,0.00021866666666666668,0.0,7.466666666666666e-05,0.001904,0.002208,0.3759893333333333,0.0
5128345548,0.08466666666666665,0.005450666666666667,0.0024,0.8782666666666666,0.003344,0.0,0.00032,0.0013813333333333336,0.0,0.02416533333333333,5.333333333333334e-06
5128347276,0.5089066666666666,0.19823466666666667,0.13997333333333334,0.09144,0.01904533333333333,8e-05,0.0039306666666666665,0.0022773333333333326,0.014058666666666669,0.016533333333333334,0.00552
5128352008,0.227392,0.02306133333333333,0.2554666666666667,0.3314026666666667,0.012666666666666666,5.333333333333334e-06,0.06854933333333334,0.006832,0.000688,0.07253866666666665,0.0013973333333333331
5128353898,0.20796266666666666,0.009136,0.3602026666666667,0.269728,0.028122666666666667,0.000272,0.029936,0.020096,0.0025546666666666665,0.06579733333333332,0.006192
5128355692,0.330096,0.173952,0.156496,0.236352,0.01712,1.6e-05,0.00472,0.0033173333333333327,0.0007839999999999998,0.07595733333333332,0.0011893333333333333
5128357596,0.18516266666666667,0.0020053333333333334,0.6508586666666667,0.07376,0.0010293333333333333,0.000912,0.009504,0.005685333333333333,0.001872,0.068768,0.0004426666666666666
5129174513,0.347888,0.242608,0.15658133333333332,0.19397866666666666,0.006378666666666667,1.0666666666666667e-05,0.0068,0.0044,0.0019786666666666668,0.039157333333333336,0.00021866666666666668
5129198945,0.21086933333333333,0.40514666666666665,0.093184,0.25183466666666665,0.0023946666666666665,5.333333333333334e-06,0.006362666666666666,0.002128,0.0010613333333333334,0.02696,5.333333333333333e-05
5129765888,0.4838133333333333,0.020053333333333333,0.07464533333333331,0.16353066666666666,0.009648,0.0,0.0006346666666666666,0.001072,0.000256,0.2459786666666667,0.000368
5129769964,0.2642933333333333,0.007984,0.322176,0.2984426666666667,0.010314666666666666,0.0003093333333333333,0.012704,0.006581333333333333,0.0012373333333333331,0.07213866666666667,0.0038186666666666664
5129781006,0.5633066666666666,0.002944,0.08860266666666665,0.2548586666666667,0.006192,0.0,0.006373333333333332,0.0036373333333333327,0.0003733333333333333,0.073008,0.000704
5129784432,0.2990506666666667,0.000288,0.32016533333333336,0.2719413333333333,0.005728,6.4e-05,0.02621333333333333,0.012138666666666669,0.0007946666666666667,0.06285866666666666,0.0007573333333333334
5131462222,0.10911428571428572,0.0026142857142857144,0.1276,0.5545285714285714,0.0047857142857142855,0.0013142857142857142,0.03632857142857143,0.0017428571428571428,0.0007142857142857144,0.1611,0.00015714285714285713
5131462330,0.10790140845070424,0.011971830985915493,0.4211690140845071,0.2689859154929577,0.012352112676056338,0.0018732394366197183,0.08122535211267605,0.0012394366197183099,0.0012535211267605635,0.087,0.005028169014084506
5175933457,0.27209036144578314,0.0004036144578313253,0.10525301204819278,0.0009397590361445783,0.0024759036144578308,0.3936024096385542,4.819277108433735e-05,0.00012048192771084335,0.1838855421686747,0.0007891566265060241,0.040391566265060234
5178267201,0.1492289156626506,0.17416867469879518,0.05422289156626506,0.36893975903614457,0.018096385542168674,0.00013855421686746988,0.05596385542168674,0.06485542168674699,0.0033012048192771087,0.10653614457831326,0.004548192771084338
5178864052,0.2082590361445783,0.22376506024096385,0.19602409638554216,0.2307530120481928,0.06522289156626505,0.007096385542168674,0.015433734939759037,0.0055240963855421685,0.0032891566265060247,0.025759036144578317,0.018873493975903613
5179909999,0.3520120481927711,0.10083132530120482,0.16993373493975902,0.18939156626506026,0.023548192771084338,0.02469277108433735,0.013638554216867469,0.014475903614457832,0.052006024096385536,0.04456024096385542,0.014909638554216868
5179922617,0.4060180722891567,0.15727710843373496,0.12166265060240965,0.08401807228915664,0.03461445783132531,0.05896987951807229,0.0048734939759036144,0.008957831325301206,0.025120481927710842,0.04860843373493976,0.049879518072289165
5180507304,0.3235060240963856,0.06510240963855422,0.2048795180722892,0.1120843373493976,0.0185,0.12156024096385545,0.004277108433734939,0.00594578313253012,0.037674698795180726,0.020439759036144575,0.08603012048192771
5180513666,0.34920481927710845,0.07997590361445782,0.17037349397590362,0.1866566265060241,0.0183855421686747,0.03045180722891566,0.0024759036144578308,0.014060240963855422,0.0753855421686747,0.04663253012048193,0.026397590361445785
5711873736,0.14288304093567253,0.01136842105263158,0.3897076023391813,0.10057309941520468,0.05316959064327485,0.004912280701754386,0.0035029239766081873,0.019216374269005847,0.012362573099415205,0.21476608187134505,0.047538011695906435
5986622005,0.3250241286863271,0.38934048257372655,0.024611260053619303,0.2149276139410188,0.013919571045576408,4.82573726541555e-05,0.001453083109919571,0.0040375335120643435,0.0017104557640750667,0.02287935656836461,0.0020482573726541553
5986622045,0.272512,0.391376,0.019104,0.245392,0.00576,2.133333333333333e-05,0.0005493333333333333,0.0012853333333333336,6.4e-05,0.063424,0.000512
5987181708,0.2295093333333333,0.4043733333333333,0.001936,0.3004533333333333,0.008453333333333334,0.0,0.00021866666666666668,0.0019893333333333334,0.0004053333333333333,0.05255466666666666,0.00010666666666666668
5987181786,0.456384,0.17748266666666668,0.007461333333333333,0.1208,0.011408,5.8666666666666665e-05,9.6e-05,0.01776,0.002490666666666666,0.20573866666666665,0.00032
5987181850,0.5863253333333334,0.24432,0.00020266666666666667,0.03191466666666667,0.064528,0.0,0.0,0.000432,0.00021333333333333333,0.072064,0.0
5987189528,0.005973333333333333,0.0036906666666666663,0.164816,0.010709333333333331,0.0018613333333333331,0.546944,0.0008106666666666666,0.001957333333333333,0.0008693333333333333,0.004752,0.257616
5987191032,0.427904,0.0124,0.013941333333333332,0.171056,0.076448,0.0,0.0008,0.0017066666666666669,5.333333333333334e-06,0.2950506666666667,0.000688
5987191848,0.16575466666666666,0.07477866666666666,0.142896,0.483856,0.0060533333333333324,0.0,0.02523733333333333,0.0025226666666666665,0.0011306666666666668,0.0967573333333333,0.001013333333333333
5987191936,0.14741866666666667,0.014101333333333334,0.22057066666666664,0.410672,0.04730666666666666,0.0005546666666666666,0.0044266666666666656,0.0010346666666666666,0.00020266666666666667,0.14870933333333333,0.005002666666666666
5987191980,0.35313066666666665,0.004186666666666667,0.20231466666666667,0.19023466666666666,0.04669333333333334,0.0003733333333333333,0.0002613333333333333,0.000384,0.0003093333333333333,0.20169066666666666,0.00042133333333333335
5987192110,0.09799466666666666,0.005893333333333335,0.09785066666666667,0.612832,0.019845333333333333,2.133333333333333e-05,0.016576,0.0020746666666666665,0.00029866666666666664,0.14562666666666665,0.0009866666666666667
6158543528,0.0,0.0,0.0,0.9910673575129532,0.0,0.0,0.0,0.0,0.0,0.00893264248704663,0.0
6691758161,0.3528955223880597,0.08861492537313433,0.02538507462686567,0.367976119402985,0.02571940298507463,2.985074626865672e-05,0.005319402985074626,0.004883582089552239,0.0005970149253731342,0.1223223880597015,0.006256716417910447
6691758473,0.11919402985074627,0.34997611940298506,0.045205970149253726,0.26308059701492537,0.027265671641791046,0.0006985074626865671,0.019576119402985075,0.006059701492537314,0.0009611940298507465,0.16098507462686568,0.006997014925373134
6691760003,0.3056238805970149,0.20460895522388056,0.1281910447761194,0.2155223880597015,0.004495522388059702,0.00018507462686567162,0.02120597014925373,0.0036417910447761204,0.011134328358208954,0.10258507462686567,0.002805970149253732
6691760823,0.25580298507462684,0.04341492537313432,0.3517373134328359,0.16583283582089553,0.008376119402985075,0.00037611940298507457,0.028388059701492538,0.003832835820895522,0.0026865671641791047,0.1393910447761194,0.00016119402985074628
6691761153,0.629779104477612,0.2128955223880597,0.13103880597014925,0.017217910447761196,0.0022149253731343285,2.985074626865672e-05,0.00042985074626865675,0.0019402985074626863,0.0005014925373134329,0.003922388059701493,2.985074626865672e-05
6691761453,0.25462089552238804,0.032304477611940295,0.2860179104477612,0.053450746268656715,0.05517611940298507,0.0016537313432835822,0.08351641791044775,0.004417910447761194,0.0016597014925373134,0.22537910447761195,0.0018029850746268657
6691761803,0.23359402985074626,0.02936119402985075,0.10632835820895524,0.2669671641791045,0.00026865671641791044,0.00011940298507462688,0.06469850746268656,0.0264,0.003677611940298507,0.2685313432835821,5.373134328358209e-05
6691770763,0.1539402985074627,0.40114029850746263,0.08529552238805971,0.15425671641791044,0.010244776119402985,2.985074626865672e-05,0.07079402985074627,0.00662089552238806,0.00208955223880597,0.1144537313432836,0.0011343283582089553
6691852653,0.224555223880597,0.07667462686567166,0.09940895522388062,0.4110328358208955,0.0014626865671641793,0.00037611940298507457,0.010722388059701491,0.016877611940298506,0.008883582089552238,0.14999402985074628,1.1940298507462685e-05
6691853523,0.17349850746268658,0.007576119402985073,0.1375641791044776,0.5623044776119402,0.00866268656716418,7.761194029850747e-05,0.023086567164179103,0.00417910447761194,0.0037970149253731354,0.07695522388059702,0.002298507462686567
6691855355,0.3279940298507463,0.0943820895522388,0.12081194029850745,0.14948059701492536,0.060817910447761185,0.0005373134328358209,0.031158208955223882,0.003223880597014925,0.0017253731343283582,0.19386268656716416,0.016005970149253732
6691919207,0.15793432835820895,0.19024477611940294,0.17518805970149254,0.10065671641791044,0.023689552238805967,0.00034626865671641784,0.15690149253731342,0.00897313432835821,0.0016417910447761193,0.1826268656716418,0.0017970149253731344
6691920767,0.1169134328358209,0.10164179104477612,0.18148059701492536,0.40851940298507455,0.004495522388059702,0.00013134328358208955,0.021564179104477613,0.0023761194029850745,0.0003283582089552239,0.1596776119402985,0.002871641791044776
6691921147,0.1821074626865672,0.41768358208955225,0.06797014925373135,0.18566567164179104,0.04449552238805969,0.0005671641791044777,0.039826865671641794,0.005217910447761194,0.003713432835820896,0.0494089552238806,0.0033432835820895518
6691921481,0.15649552238805967,0.413689552238806,0.06050746268656716,0.14216716417910447,0.08082985074626865,0.0004477611940298508,0.06645970149253731,0.008955223880597014,0.003486567164179105,0.06454925373134328,0.0024119402985074627
6848891996,0.24384,0.19226666666666667,0.059573333333333325,0.3508373333333333,0.038741333333333336,0.00033066666666666666,0.011893333333333334,0.0025546666666666665,0.000192,0.08423999999999998,0.015530666666666668
6848901676,0.14706133333333332,0.014197333333333331,0.06904,0.5781386666666666,0.029546666666666662,3.2e-05,0.01909866666666667,0.0044,0.00037866666666666664,0.13685333333333333,0.0012533333333333333
6995023041,0.3155413333333333,0.005456,0.08592533333333334,0.2347626666666667,0.00384,0.0,0.022442666666666663,0.001072,5.333333333333334e-06,0.3306453333333333,0.0003093333333333333
72855295,0.031258666666666664,0.00904,0.06491733333333333,0.6293066666666666,0.05999466666666666,7.466666666666666e-05,0.02986133333333333,0.013002666666666666,0.00013333333333333334,0.13823466666666667,0.024176
72856276,0.32832533333333336,0.018986666666666662,0.09736,0.16273066666666666,0.07328,5.333333333333334e-06,0.027002666666666668,0.09533333333333333,0.01248,0.184368,0.000128
72858342,0.14059733333333332,0.0015946666666666668,0.17343466666666665,0.4766613333333333,0.10424000000000001,5.333333333333334e-06,0.008672,0.015216,0.00104,0.07795733333333332,0.0005813333333333333
72859222,0.18473066666666665,0.017498666666666666,0.0556,0.552624,0.025824,1.6e-05,0.017498666666666666,0.024352,0.004645333333333333,0.11678399999999999,0.00042666666666666667
72860398,0.4468533333333333,0.00944,0.08466133333333335,0.24111999999999997,0.132656,0.0,0.00018133333333333331,0.0796,0.004858666666666666,0.0006133333333333334,1.6e-05
72861323,0.22577600000000003,0.05173866666666666,0.095568,0.4806933333333333,0.027568,0.002517333333333333,0.029402666666666667,0.023546666666666667,0.004042666666666667,0.05676266666666668,0.002384
72862115,0.21761599999999998,0.049216,0.074672,0.52128,0.0276,0.002128,0.0228,0.02153066666666667,0.00248,0.056522666666666666,0.004154666666666667
72863296,0.424688,0.09213866666666666,0.070496,0.18978133333333333,0.02682133333333333,0.00010666666666666668,0.019130666666666667,0.02782933333333333,0.002352,0.13972266666666666,0.006933333333333333
72864032,0.4948106666666666,0.07464,0.11277866666666668,0.13350933333333334,0.033189333333333335,4.8e-05,0.02352,0.02602133333333333,0.002304,0.095408,0.0037706666666666665
72865178,0.03706666666666666,0.0027466666666666672,0.061173333333333337,0.7102293333333334,0.11012266666666666,0.0,0.006074666666666666,0.030144,0.00072,0.04160533333333333,0.00011733333333333333
72866324,0.041893333333333324,0.0018826666666666664,0.08358933333333332,0.6771413333333334,0.11541333333333335,0.0,0.0059253333333333345,0.03608,0.0012426666666666669,0.03669866666666666,0.00013333333333333334
72960265,0.54768,0.27010133333333336,0.017408,0.02278933333333333,0.043888,0.00013866666666666666,0.00136,0.012496,0.0016906666666666667,0.08138133333333332,0.0010666666666666667
72970829,0.3083573333333333,0.3101546666666667,0.06404266666666665,0.22328533333333334,0.017584,0.000448,0.006192,0.02266133333333333,0.007594666666666667,0.036656,0.003024
72973491,0.3490453333333333,0.17893866666666666,0.31965866666666665,0.021546666666666662,0.012986666666666669,0.0007786666666666665,0.007967999999999998,0.006416,0.009616,0.009328,0.08371733333333335
72974619,0.07462933333333335,0.18120533333333333,0.6126346666666665,0.0009866666666666667,0.0018186666666666663,0.0015733333333333333,0.007466666666666666,0.00408,0.007274666666666665,0.00039466666666666665,0.10793599999999999
7323923,0.18307733333333331,0.092512,0.04081066666666666,0.17981333333333333,0.319504,0.00016,0.0025386666666666665,0.002992,0.0004053333333333333,0.153536,0.024650666666666668
7639980088,0.2161057934508816,0.021949622166246848,0.5285138539042821,0.107455919395466,0.010332493702770779,0.013219143576826195,0.021229219143576825,0.0004836272040302268,0.0008513853904282115,0.07046851385390428,0.0093904282115869
7639986630,0.2501049180327869,0.27681967213114755,0.0684655737704918,0.1947934426229508,0.032708196721311485,0.013718032786885246,0.059140983606557375,0.00959344262295082,0.020819672131147545,0.06781639344262297,0.006019672131147541
7639992150,0.15779456193353475,0.01373413897280967,0.052555891238670695,0.7366646525679758,0.0006586102719033232,6.042296072507552e-06,0.0008338368580060423,0.0002054380664652568,0.0,0.037250755287009066,0.0002960725075528701
7639998126,0.22426543209876545,0.3234074074074075,0.3087037037037037,0.020148148148148148,0.006845679012345679,0.03617901234567901,0.005277777777777778,0.004222222222222222,0.008932098765432099,0.01210493827160494,0.04991358024691357
7640005896,0.14459818731117824,0.14647129909365558,0.6081691842900302,0.043722054380664656,0.00540785498489426,0.015601208459214503,0.016453172205438068,0.0008761329305135951,0.002942598187311178,0.003093655589123867,0.012664652567975831
7640013522,0.2833051359516616,0.12091238670694865,0.12265861027190332,0.318809667673716,0.025450151057401813,0.0023202416918429005,0.026138972809667677,0.026628398791540785,0.002749244712990937,0.06263444108761329,0.008392749244712993
7640020774,0.09932326283987913,0.18164954682779452,0.4592326283987915,0.22092447129909365,0.011027190332326284,0.0008882175226586101,0.00942598187311178,0.0009667673716012083,0.003178247734138973,0.012132930513595165,0.0012507552870090635
7640028660,0.18076737160120845,0.07685800604229606,0.22545015105740185,0.3340302114803625,0.028169184290030205,0.007691842900302116,0.015347432024169185,0.007123867069486404,0.006114803625377643,0.1071238670694864,0.011323262839879156
7640036968,0.15592749244712992,0.14981873111782476,0.4292749244712991,0.13003021148036253,0.05821148036253776,0.008078549848942598,0.002525679758308157,0.0008036253776435044,0.00038670694864048334,0.012930513595166164,0.05201208459214501
7640044152,0.02665861027190332,0.32308761329305136,0.4703504531722054,0.050483383685800604,0.05810876132930514,0.00906344410876133,0.00013897280966767374,1.812688821752266e-05,0.0001268882175226586,0.004827794561933535,0.05713595166163143
7640050602,0.23295468277945616,0.2326102719033233,0.22772205438066465,0.049528700906344404,0.02553474320241692,0.06723262839879154,0.03532326283987915,0.01338368580060423,0.012749244712990935,0.06609063444108762,0.036870090634441084
7698222,0.136928,0.0028853333333333326,0.2995253333333333,0.2852906666666667,0.06592533333333334,0.001088,0.096336,0.008730666666666666,0.002128,0.086288,0.014874666666666666
7698231,0.15417435897435894,0.023066666666666662,0.2378974358974359,0.2235897435897436,0.1061846153846154,0.001466666666666667,0.02842051282051282,0.00954871794871795,0.0016358974358974359,0.20153333333333331,0.012482051282051284
7698242,0.13273066666666666,0.020570666666666668,0.27957866666666664,0.2661173333333333,0.13037333333333334,0.0008586666666666666,0.028106666666666662,0.006144,0.0008906666666666666,0.07898666666666665,0.05564266666666666
7698246,0.16502933333333333,0.15153066666666667,0.3250186666666667,0.14605866666666667,0.09235733333333332,0.0006506666666666666,0.023568,0.0034346666666666666,0.000608,0.04474666666666666,0.046997333333333335
7698254,0.111648,0.013589333333333332,0.20741333333333334,0.3198506666666667,0.15142933333333333,0.000384,0.059264,0.013285333333333331,0.002112,0.08841066666666665,0.032613333333333334
7698257,0.13310933333333333,0.01715733333333333,0.28690666666666664,0.16855466666666666,0.20968,0.0053173333333333345,0.02102933333333333,0.02914133333333333,0.011914666666666669,0.04369066666666666,0.07349866666666667
7698280,0.09308446866485011,0.0008664850136239782,0.590724795640327,0.21152043596730244,0.02256130790190736,0.006256130790190735,0.017645776566757494,0.005275204359673024,0.007138964577656675,0.042904632152588565,0.002021798365122616
7846944456,0.0019239766081871343,0.0,0.6605380116959064,0.2625789473684211,0.0005964912280701755,0.04488888888888889,0.000631578947368421,2.339181286549708e-05,0.00032748538011695904,0.012859649122807015,0.01563157894736842
7846949504,0.01718694362017804,0.001827893175074184,0.3185875370919881,0.6246706231454006,0.0007596439169139466,0.004937685459940653,0.010249258160237388,0.0002492581602373887,0.0004925816023738873,0.004261127596439169,0.016777448071216616
7846965770,0.0319578313253012,0.011909638554216869,0.7439277108433735,0.047909638554216864,0.006421686746987953,0.03805421686746988,0.0030120481927710845,0.0002168674698795181,0.0013072289156626506,0.0816144578313253,0.033668674698795184
7846972040,0.04885542168674698,6.626506024096386e-05,0.5235722891566265,0.3285301204819277,0.012289156626506023,0.009662650602409636,0.02005421686746988,0.0001807228915662651,0.0028674698795180717,0.03813855421686746,0.01578313253012048
7847013976,0.02306744868035191,0.34144281524926684,0.39018181818181813,0.007683284457478006,0.002797653958944281,0.030134897360703808,0.007184750733137829,0.0001818181818181818,0.0057067448680351894,0.02851026392961877,0.163108504398827
7847017438,0.02291394658753709,0.4151038575667656,0.25098516320474773,0.10014836795252226,0.0558160237388724,0.03550148367952522,0.01944807121661721,0.004059347181008902,0.03878338278931751,0.0187240356083086,0.03851632047477745
7847022646,0.024421052631578948,0.35950877192982456,0.4664327485380117,0.045157894736842105,0.0066491228070175434,0.007046783625730994,0.0032982456140350875,0.00042690058479532157,0.0001286549707602339,0.06519298245614034,0.02173684210526316
7847027582,0.039253012048192766,0.4300361445783133,0.30275903614457833,0.0714698795180723,0.017626506024096385,0.005590361445783133,0.0016566265060240966,0.00013253012048192772,0.0013493975903614455,0.028927710843373495,0.10119879518072288
8560157573,0.3018738738738739,0.00014414414414414415,0.5263123123123123,0.02723723723723724,0.03866666666666666,0.00043243243243243243,0.0003603603603603604,0.00010810810810810812,0.0057477477477477475,0.09756156156156157,0.0015555555555555555
8560166315,0.12888,0.001008,0.393552,0.380448,0.005152,1.6e-05,0.0192,0.000432,0.000528,0.06952,0.001264
8560169897,0.08923123123123124,0.0057477477477477475,0.3727867867867868,0.06190390390390391,0.06532732732732732,0.011573573573573574,0.02736336336336336,0.002810810810810811,0.006024024024024024,0.168,0.18923123123123126
8560179673,0.137015015015015,0.002642642642642643,0.4144684684684685,0.16904504504504506,0.053567567567567566,0.001903903903903904,0.014960960960960959,0.0012432432432432433,0.0022642642642642643,0.2,0.002888888888888889
8560183049,0.13831231231231234,0.3382342342342342,0.28586186186186185,0.0034714714714714715,0.06673273273273274,0.0038738738738738733,6.006006006006007e-06,0.00048048048048048047,0.0016336336336336336,9.609609609609608e-05,0.1612972972972973
8560183303,0.156018018018018,0.26061261261261254,0.26926726726726724,0.0036876876876876883,0.028126126126126125,0.032534534534534525,0.00029429429429429435,0.00030630630630630633,0.0022822822822822822,0.0024564564564564565,0.2444144144144144
8561274812,0.4004864864864865,0.014888888888888887,0.22233633633633634,0.10986786786786787,0.010594594594594595,0.013129129129129127,0.07931531531531531,0.02288888888888889,0.0045585585585585595,0.10890690690690692,0.013027027027027028
8561275970,0.032,0.17649249249249246,0.4397297297297297,0.03674474474474474,0.03306906906906907,0.016318318318318318,0.0006726726726726728,0.0003243243243243243,0.0008408408408408409,0.14596396396396394,0.11784384384384385
8561278416,0.06381381381381382,0.0025165165165165165,0.541987987987988,0.03464864864864865,0.1609069069069069,0.010636636636636635,0.0030510510510510513,0.0008588588588588589,0.0037297297297297295,0.13294294294294295,0.04490690690690691
8561288412,0.12177777777777778,0.011837837837837838,0.20966366366366365,0.30497897897897897,0.21102702702702705,0.003621621621621622,0.03968768768768769,0.007453453453453453,0.001099099099099099,0.08459459459459459,0.0042582582582582585
877384903,0.42900840336134455,0.0,0.09757983193277313,0.23824649859943975,0.018330532212885157,0.0,0.002123249299719888,3.3613445378151255e-05,0.0,0.21278991596638652,0.001887955182072829
878234910,0.253933734939759,0.0,0.0,0.7386325301204819,0.0,0.0,0.0,0.0,0.0,0.007433734939759037,0.0
8838667969,0.08077477477477478,0.14230630630630633,0.2404804804804805,0.03211411411411412,0.08149549549549549,0.032066066066066067,0.0054714714714714716,0.0032672672672672677,0.012594594594594595,0.2726846846846847,0.09674474474474473
8838678591,0.1757957957957958,0.0,0.4744024024024024,0.22603603603603606,0.03063063063063063,4.8048048048048055e-05,0.0017537537537537535,0.00011411411411411411,0.0002882882882882883,0.04422222222222223,0.04670870870870871
8838701083,0.2296096096096096,0.03980780780780781,0.24845045045045044,0.2391531531531532,0.02606606606606606,0.007465465465465466,0.021279279279279282,0.01368168168168168,0.003285285285285285,0.1498138138138138,0.021387387387387387
8838729545,0.03215615615615616,0.1874114114114114,0.2477477477477477,0.19142942942942945,0.0387927927927928,0.004516516516516515,0.026978978978978975,0.10638438438438437,0.016798798798798798,0.08737537537537537,0.060408408408408415
8838743915,0.007363363363363362,0.09777177177177176,0.17317117117117115,0.021123123123123123,0.11396396396396395,0.04634234234234234,0.040864864864864875,0.15893693693693695,0.07031831831831832,0.03729729729729729,0.23284684684684684
8838747427,0.07521848739495798,0.14322689075630252,0.0779747899159664,0.2978655462184874,0.050495798319327725,0.003815126050420168,0.012596638655462185,0.01,0.030512605042016805,0.2840336134453781,0.014260504201680672
8839266480,0.018480480480480482,0.13396996996996996,0.11823423423423425,0.18257057057057055,0.1007927927927928,0.0001381381381381381,0.005117117117117117,0.07387987987987987,0.0012852852852852856,0.09504504504504503,0.2704864864864865
8839277774,0.11598198198198198,0.17125525525525526,0.4175015015015015,0.10461861861861864,0.06436036036036036,0.0002882882882882883,0.001099099099099099,0.0001021021021021021,0.0014714714714714715,0.08535135135135136,0.03796996996996997
8839283512,0.13017417417417418,0.02039039039039039,0.4924744744744745,0.056882882882882874,0.02615615615615616,0.014756756756756756,0.004036036036036036,0.0008528528528528529,0.017621621621621626,0.20605405405405405,0.0306006006006006
8839299322,0.10967567567567567,0.02323723723723724,0.3301081081081081,0.05820420420420421,0.0275015015015015,0.04407807807807808,0.18654054054054053,0.022960960960960963,0.02497897897897898,0.124,0.04871471471471472
8839312532,0.06834323432343234,5.940594059405941e-05,0.3491815181518152,0.006712871287128714,0.04932673267326732,0.2381056105610561,0.03629042904290429,0.0055115511551155115,0.044726072607260726,0.01880528052805281,0.18293729372937287
8839321734,0.0022822822822822822,0.18700300300300304,0.11792192192192193,0.027825825825825826,0.14649249249249247,0.02853453453453453,0.015177177177177176,0.13992792792792794,0.08168168168168166,0.003009009009009009,0.2501441441441441
8839336296,0.06433033033033032,0.22346546546546547,0.41186186186186186,0.06612012012012013,0.041105105105105115,0.007969969969969971,0.00236036036036036,0.0009309309309309308,0.027255255255255257,0.109009009009009,0.045591591591591596
8839339706,0.2494234234234234,0.0,0.6220660660660661,0.02905105105105105,0.026546546546546545,0.00021021021021021022,0.002540540540540541,0.00033033033033033035,0.011615615615615615,0.04334534534534534,0.014870870870870872
8839350484,0.1201981981981982,0.0,0.5701321321321321,0.17118918918918918,0.01744744744744745,0.00018018018018018016,0.0006606606606606607,0.00014414414414414415,0.0073813813813813816,0.08741741741741742,0.025249249249249248
945742711,0.3737653333333333,0.022197333333333333,0.053477333333333335,0.117104,0.037104,4.266666666666666e-05,0.0024213333333333326,0.01832533333333333,0.0005653333333333334,0.373904,0.0010933333333333333
946553486,0.182256,0.323888,0.03528,0.152864,0.193968,0.000816,0.004213333333333334,0.003237333333333333,0.000336,0.09248,0.010661333333333332
946558196,0.23216,0.3499413333333333,0.04745066666666666,0.28336,0.053178666666666666,9.066666666666667e-05,0.0006133333333333334,0.0074133333333333325,9.6e-05,0.02437866666666667,0.0013173333333333331
946578990,0.21932266666666667,0.005264,0.3467093333333333,0.07316266666666665,0.094496,0.0037226666666666662,0.033418666666666666,0.011109333333333334,0.001168,0.045312,0.16631466666666667
946619662,0.10372266666666667,0.3288,0.2362773333333333,0.057269333333333325,0.060021333333333336,0.006752,0.010352,0.002458666666666667,0.000624,0.13515733333333332,0.05856533333333332
9554397299,0.1072170818505338,0.0284270462633452,0.24197153024911036,0.2448256227758007,0.17660498220640566,0.00010676156583629892,0.02502491103202847,0.08251245551601423,0.0003131672597864769,0.08451245551601423,0.008483985765124555
9554758187,0.2608426666666667,0.321232,0.2803093333333333,0.054981333333333327,0.006522666666666667,0.00018666666666666666,0.005285333333333335,0.004037333333333334,0.0012853333333333336,0.06188266666666666,0.0034346666666666666
9554791105,0.19120996441281135,0.02602135231316726,0.4513096085409253,0.19349466192170814,0.011814946619217082,0.00018505338078291813,0.009501779359430605,0.01011387900355872,0.005715302491103203,0.09148042704626334,0.009153024911032029
9554979731,0.293153024911032,0.0033879003558718863,0.23312455516014235,0.2866192170818505,0.024512455516014237,0.000405693950177936,0.01004270462633452,0.011067615658362987,0.0008612099644128114,0.12411387900355872,0.012711743772241994
9555237605,0.3451626666666667,0.129936,0.16602666666666666,0.18750933333333333,0.03954666666666666,5.333333333333334e-06,0.011232,0.014688,0.0004693333333333333,0.10346133333333334,0.001962666666666667
9555642369,0.2054163701067616,0.3746832740213523,0.11482562277580073,0.13769395017793595,0.08432740213523132,0.0004911032028469751,0.003715302491103203,0.006925266903914591,0.0009608540925266904,0.024711743772241997,0.04624911032028469
9555654399,0.14672597864768686,0.411153024911032,0.13257651245551602,0.14093238434163702,0.06855516014234875,0.0007259786476868326,0.003466192170818505,0.004854092526690392,0.001103202846975089,0.04919572953736655,0.040711743772242
9555665573,0.17046263345195733,0.3877864768683274,0.1293950177935943,0.1554377224199288,0.05497508896797153,4.270462633451957e-05,0.0025195729537366546,0.0030676156583629892,0.0006619217081850533,0.06043416370106761,0.03521708185053381
9556030917,0.22063345195729536,0.38496085409252667,0.08771530249110321,0.14379359430604982,0.0746049822064057,0.0002704626334519573,0.0024626334519572955,0.005843416370106762,0.0010604982206405694,0.06587188612099644,0.012782918149466192
9557333658,0.10600711743772244,0.0003131672597864769,0.10054092526690392,0.3981494661921709,0.2494448398576513,0.0,0.055921708185053376,0.037338078291814944,5.6939501779359435e-05,0.048718861209964416,0.003508896797153025
9557411120,0.3537508896797153,0.008896797153024912,0.20165836298932385,0.26080427046263344,0.004576512455516014,1.4234875444839855e-05,0.009088967971530248,0.00898220640569395,9.252669039145908e-05,0.14446975088967973,0.007665480427046263
9557820464,0.2551387900355872,0.006861209964412812,0.20983629893238434,0.2824626334519573,0.00891814946619217,0.0009466192170818504,0.009323843416370109,0.00400711743772242,0.000398576512455516,0.21720284697508896,0.00490391459074733
9558072356,0.18311466666666668,0.02914133333333333,0.07977066666666667,0.6187573333333334,0.010906666666666669,5.333333333333334e-06,0.0011733333333333333,0.026816000000000003,3.2e-05,0.05007466666666667,0.000208
9558142764,0.196711743772242,0.4008540925266904,0.22392170818505336,0.09537366548042704,0.03298220640569395,0.0005693950177935944,0.00205693950177936,0.006249110320284698,0.002782918149466192,0.01022064056939502,0.028277580071174375
9558757600,0.23706049822064054,0.3710960854092527,0.07887544483985763,0.1882135231316726,0.04897508896797152,0.00019217081850533808,0.0031459074733096084,0.006526690391459075,0.00099644128113879,0.05302491103202848,0.0118932384341637
