11497515,0.1355556273350776,0.06485459263326765,0.04977012608073043,0.024553979995047208,0.031035670833467918,0.009587949653843256,0.05873897735714977,0.0245485965308957,0.017049430967839185,0.04378909740840035,0.00814518126123798,0.03208006287886129,0.02111932986638242,0.07362963920023256,0.056424087771999525,0.3491176502255671
11497521,0.13517340138032022,0.056332568881423815,0.0636863809123895,0.02397794933083541,0.040155259106129604,0.0108853645143577,0.0643485470030255,0.023924114689320285,0.019299718983171288,0.05295713685842566,0.009609483510449305,0.033700485588466465,0.021937616417412275,0.0821032117747128,0.05214961723569883,0.3097591438138613
11497536,0.17238928905972414,0.06943592062620454,0.06378866673126823,0.02812321672749981,0.03843793404179722,0.013221787956114,0.06799853569775079,0.03290373289404266,0.029027638704953864,0.05803912701745319,0.015014481518567569,0.04000452210988728,0.02943139851631728,0.06788009948641753,0.07375884233986886,0.20054480657213306
11497540,0.07643442402317041,0.05581575632287865,0.030965685799498262,0.013770901299568246,0.022610549436351303,0.003676906015482843,0.04970014104676077,0.012473486439053804,0.007838323804601786,0.0366237066227376,0.002880153321059035,0.016607986907415183,0.011633666031417895,0.0922833424852224,0.04735833414085296,0.5193266363039288
11497543,0.10334636131658001,0.059465745017603926,0.03374893676583007,0.01800768758680836,0.02880691667474186,0.00773065452157154,0.04806895140885257,0.017760048235838797,0.014535353209082981,0.03670984204916179,0.006627044370511537,0.026707365655652095,0.015908136567718594,0.07314512742659646,0.04882263639006428,0.4606091928033851
12542194,0.12945077898726273,0.04714299557479248,0.06000409143275515,0.020640201556897837,0.04504882801985422,0.012478869903205314,0.06732021921466025,0.02401025011574448,0.018799056817080655,0.04748753728048925,0.011509846355933115,0.039073182811675655,0.01843836471892933,0.06510223198423722,0.04869881671457949,0.34479472851190285
12542204,0.15254584019725012,0.05890586474584665,0.0761975516005039,0.025700657859319315,0.03438418553570852,0.013162569850447366,0.067653993992054,0.029560601655953568,0.021641525889079104,0.04647544602000495,0.01226891480129634,0.030163549640922938,0.020914758228624958,0.07803331287616956,0.05655329091163583,0.2758379361951829
2354714589,0.1626290685530325,0.07119631340374905,0.04061285355900815,0.027827126199166642,0.042857758110188736,0.020338727564413146,0.04205023848746192,0.03964921347588746,0.03452953906779935,0.04286852503849177,0.019450455979413632,0.045091895733066316,0.029237593806862836,0.05319939274524371,0.07880314824983581,0.24965815002637895
2355546016,0.1431463117887098,0.04619550588412632,0.05074453309215414,0.024871604379986437,0.05170278971112331,0.017970003337747772,0.05675247908524176,0.037931888411555065,0.027789441950106054,0.03739354199640384,0.019628110296413537,0.048354275008882716,0.02808014901428772,0.060014858361058174,0.071836945637779,0.2775875620444244
2355546106,0.175183306954359,0.07149778739623372,0.05133133068466897,0.02517846183662263,0.026938854614167125,0.013625547767477415,0.04970014104676077,0.03233308569398236,0.025485319293258826,0.037996489981373206,0.012979532069295951,0.02912454105968108,0.025302281512107408,0.06632427834663049,0.07701583815153375,0.2799832035918473
2361854469,0.15230896777458358,0.07550846818911033,0.05481981545484889,0.028354705686014836,0.030664211807013574,0.015617429503536938,0.058911248209998164,0.03536935947543525,0.029135307987984107,0.05638102005878742,0.015009098054416057,0.03408809500737535,0.026906553829258047,0.06824079158456883,0.08378285258998461,0.23490207478708397
2362685888,0.15388093930682514,0.061140002368724224,0.04442972964243031,0.030465023633407626,0.04567330986142963,0.02030104331535256,0.05004468275245756,0.043401487989491484,0.03698439872088892,0.045824046857671975,0.020597133843685736,0.0478643797710951,0.03122409207877085,0.053333979349031516,0.07021113946402231,0.24462461104471506
2362686268,0.15977583255273106,0.060461685885633686,0.04736910106915598,0.028532360003014737,0.04264241954412826,0.01971962918698924,0.04440281232167275,0.03833564822291848,0.03157401724861914,0.035907705890586485,0.020306426779504075,0.044968076057581526,0.030142015784316894,0.05576192168136353,0.07559998707968606,0.2645003606920981
2363348833,0.18111050098517395,0.06925288284505314,0.059557263908179635,0.027730223844439416,0.047449853031428665,0.022007601451381937,0.05000699850339697,0.038825543460706095,0.035756968894344134,0.04778362780882242,0.022082969949503102,0.04738525146161052,0.02675581683301571,0.05959494815724022,0.06748710660335712,0.19721244226234694
2363349001,0.16841663844131546,0.07323268979532589,0.0592772697214561,0.02975758455508782,0.03912840115482008,0.014838470347252462,0.06547071821422235,0.03573329462428025,0.03254786213125595,0.06997871002080612,0.014624764116707796,0.0403299946775052,0.02952371735939743,0.06462798987113111,0.0738939694521056,0.1886179255173304
2369443775,0.17617386435823726,0.07255832983408164,0.04586711457088407,0.029754406365408013,0.042518599868643474,0.022012984915533447,0.04753598845785286,0.04058593623825058,0.03818491122667614,0.0476867254540952,0.021641525889079104,0.045296467370823774,0.0311594905089527,0.053985378511364486,0.07317742821150554,0.2118608482186117
2369443929,0.19436458972619705,0.056687877515423625,0.07353812030965685,0.030610377165498456,0.03695209793597985,0.022944324213745062,0.04265856993658279,0.03862635528710014,0.03731817349828268,0.04648621294830798,0.023148895851502524,0.03754427899264618,0.02874231510492372,0.06565134532769144,0.06264737233114764,0.20207909385531406
2373407571,0.12165123910275248,0.05699627779410324,0.03231829758056617,0.026349299637574687,0.02756146537368988,0.01803555686159271,0.029563375453031636,0.03637721618180037,0.0274696346361054,0.03126530512293075,0.016572387109413264,0.034320207659907925,0.0239678225095504,0.04364408854931923,0.05172519345675385,0.422182632970908
2374245666,0.10435289545277886,0.06490478041197048,0.034525197564451354,0.023786903887953247,0.03535288105828331,0.01571159188726231,0.055174101423615604,0.03357516085848771,0.02137582588418189,0.04845906925191806,0.012386463416389572,0.04040534899454449,0.025399087388982455,0.07362784471218206,0.07649234932561788,0.3344704984813807
2381941393,0.15378942041624946,0.06150069446687555,0.0503730740656998,0.025915996425379804,0.04181874952894689,0.016554152265900058,0.06083314491208802,0.0351271035886172,0.027934795482196885,0.0536354533415162,0.01438461621284064,0.04504344455570271,0.026475876697137076,0.06702412868632708,0.06516145008990384,0.2544278992646188
2381941563,0.15465615814464292,0.06075777641396686,0.04946326862409423,0.025889079104622244,0.052666429794244,0.01736167188862689,0.06114538583287574,0.0340234934375572,0.02480161934601677,0.05595034292666645,0.0160857908847185,0.05690321608148411,0.02610441767068273,0.06279810932739,0.06326647070857155,0.23812676981383984
2382774574,0.13651926741819825,0.04921562927312467,0.05059917956006331,0.02728339631986391,0.041985636917643766,0.01837376314911119,0.05014696857133629,0.04145267396664406,0.03021200081828655,0.04168416292515908,0.016128858597930597,0.04330996909891577,0.025991364923500973,0.07167005824908212,0.05498131937939425,0.3004457508317452
2460989151,0.13418284397644195,0.06044015202902764,0.04360605962724894,0.025576838183834532,0.04171108024591665,0.0165703026583546,0.05248339201309258,0.035805420071707734,0.025485319293258826,0.046346242880368656,0.015908136567718594,0.042927743144158405,0.0264866436254401,0.06690569247499381,0.07030804181874953,0.29525609138968745
2460991973,0.16269905358700215,0.06203365741787525,0.04787514669939813,0.02740183253119717,0.042416314049764745,0.019299718983171288,0.04747677035218623,0.036882112902010177,0.03156863378446763,0.04007450714385692,0.020021103179473927,0.04426284225373344,0.02931834576913552,0.05511052251903054,0.08179097085392509,0.2517684679737717
2460992107,0.1759316084714192,0.06565134532769144,0.05347394941697083,0.028171667904863418,0.04561947521991451,0.019568892190746902,0.051218277937487205,0.040370597672190096,0.03752274513604014,0.048704200178731005,0.02151232274944281,0.04871496710703403,0.02984592525598372,0.05886818049678608,0.06774551288262971,0.20708033205206888
2461003831,0.1421342205282255,0.05593957599836343,0.05126672911485083,0.02279897068165423,0.05277948254142576,0.018400680469868754,0.0550028532360003,0.032559191188345875,0.024688566598835015,0.05512667291148508,0.017205551428233042,0.05125057872239629,0.02274513604013911,0.07321511246056611,0.05943344423269485,0.2654532338469158
2461004307,0.171011122236937,0.07788795934407873,0.05120751100918419,0.02618516963295541,0.03634914995101048,0.015972738137536743,0.053662370662273765,0.03137482907501319,0.02508694294604692,0.04762750734842857,0.014971413805355473,0.0363599168793135,0.02575449250083444,0.06171603303293604,0.08143566221992528,0.2433971812181703
2461004455,0.15910828299794352,0.08606005792607427,0.04274470536300698,0.025867545248016197,0.03161170149767973,0.01547745943559762,0.04614705470676271,0.03352283127146656,0.02475855163280468,0.04118350075906845,0.01402392411468932,0.03302755256952744,0.022718218719381546,0.05465831153030352,0.08162408346522819,0.2874662187624493
2461004853,0.14605876589467787,0.06973201115453773,0.04715376250309549,0.022998158855260183,0.029786707150317088,0.014739924846840443,0.04285237464603722,0.029436781980468795,0.02564143975365268,0.03943387490982698,0.014266180001507369,0.030825715731558945,0.020764021232382614,0.04933944894860945,0.0635033431312381,0.35346748925998905
2461005599,0.18455591804214172,0.08459037221271144,0.043584525770642896,0.03132637789764958,0.03811492619270648,0.01933201976808037,0.04493577527267246,0.040187559891038685,0.03721050421525243,0.044510481604702994,0.01899824499068661,0.039573844977766295,0.031525566071255534,0.049102576525942916,0.08445040214477212,0.20800090442197747
2461005897,0.16090636002454858,0.08216242988037943,0.042034088095007374,0.030158166176771424,0.035886172033980424,0.01740473960183899,0.04744446956727715,0.03708668453976765,0.02960366936916567,0.04479042174058163,0.016710272726293916,0.039412341053220924,0.028526976538863224,0.05837290179484695,0.0862538626355287,0.24324644422192795
2461838060,0.15921056881682225,0.0784532230799875,0.048305823831519115,0.025119243730956,0.03384045565640578,0.01683947586593021,0.049635539476942624,0.03385660604886032,0.026675064870743025,0.04284160771773421,0.015412857865779473,0.0361391948491015,0.023881046976108187,0.05561118468512118,0.08053124024247124,0.27364686628551743
2461838546,0.15843534997900446,0.06533372094275224,0.06327723763687458,0.02839777339922693,0.03530475790561711,0.01752317581317226,0.06278195893493545,0.03753351206434316,0.027159576644379124,0.049764742616578914,0.01817457497550524,0.03652680426801038,0.025802943678198048,0.06852611518459899,0.07469556510223196,0.2307621908545711
2461838666,0.14211807013577096,0.05536892879830313,0.04197486998934074,0.02350420448550233,0.03277991321855788,0.0153374893676583,0.040079890608008435,0.032962950999709285,0.029183759165347718,0.035956157067950086,0.01606425702811245,0.033544365128072615,0.022761286432593647,0.04355222498573383,0.05688706568902958,0.37792456690030896
2461839250,0.17741744457723654,0.08892406085467876,0.045409520118005524,0.02932911269743855,0.0337597036941331,0.01831992850759607,0.04600170117467188,0.03562238229055633,0.031116422795740607,0.04272317150640094,0.016968679005566503,0.035057118554647534,0.02841930725583298,0.05249954240554712,0.09320391485513098,0.2252279897068165
2461840172,0.1441637865133456,0.08705599879410404,0.03976764968722074,0.025501469685713363,0.029253744199317373,0.013835502869386392,0.047568289242761935,0.03125100939952841,0.02094705901353403,0.044725820170763486,0.012381967548478095,0.03127254325613446,0.019838065398322512,0.05519665794545474,0.07895926871022965,0.3182811675657052
2461840310,0.1866016344197164,0.08174251967656147,0.04787514669939813,0.03185934084864929,0.033495913950709,0.02024720867383744,0.044144406042400164,0.04250244947618894,0.04079589134015957,0.042701637649794885,0.019886516575686124,0.03550394607922306,0.033006018712921394,0.053737739160394926,0.08191479052940985,0.20398484016494933
2757457623,0.15623277423419166,0.061467157143982085,0.06339081817465944,0.02852305580866885,0.04014939309056957,0.01731294927609598,0.0704554914335212,0.03521649623704904,0.02772434274914785,0.05958286929229524,0.01694734118547017,0.04196055932413126,0.027465604715781897,0.06770499364404396,0.0726997626359781,0.21316639105441373
2758295412,0.17676887324579216,0.09172645638734714,0.054837326835431605,0.029076982085645957,0.032348495104011554,0.014665403185776816,0.06236180677767249,0.03056044402328415,0.025873155543522403,0.06285817427011417,0.013125535851270248,0.03375298948603402,0.026516177067821847,0.062373087857046164,0.08763142457470331,0.195523667704526
2758295922,0.1590857813275574,0.10127024953747576,0.04957470330761248,0.02729457154460539,0.035738459455800724,0.013069130454401877,0.0628186904923063,0.024886061098325887,0.016814448806461803,0.06307251477821398,0.010260141690356932,0.03555232164613511,0.021817607508686436,0.06325301204819277,0.08419069536573259,0.23130161093813456
2758296162,0.15609027017159546,0.06868953085067543,0.06237449799196788,0.028340635268346112,0.038181133625410736,0.01470655348667397,0.06870664476086163,0.031495299379335526,0.020987358525009128,0.05227729098211026,0.012744158451989777,0.03941903979554582,0.024233296823658268,0.06422850492880613,0.07703541438481197,0.2404903705732019
2758297648,0.13654618473895586,0.06908885542168675,0.04263645491055129,0.024039339174881345,0.027593327856882077,0.012122353048557868,0.04920819642205184,0.02540274735304856,0.0191048284045272,0.0477535140562249,0.010342506389193136,0.029743975903614456,0.02025716502373129,0.04726861993428258,0.05495847024461482,0.3839334611171961
2973783529,0.17579684296096773,0.07912010580084691,0.0426115337482862,0.029313629138912143,0.04034870600225676,0.020147053470680302,0.04374598090246181,0.03966925102221575,0.03798881325907861,0.044298038073745126,0.019042939128113664,0.04115555879105546,0.031400526577609535,0.05108652131183344,0.07961756391123406,0.2246569359007025
2973786433,0.15490360232470668,0.07297467816886881,0.0361567114378966,0.027275264198789114,0.03457940523422997,0.017568764483917542,0.04078549848942598,0.037351824215290166,0.032559239981072324,0.03891699729431321,0.017508098860699598,0.035914048945024805,0.02791225324257756,0.05214816971814752,0.08342736504932115,0.29001807835571897
2973792977,0.16324512551717446,0.0586090585908589,0.056036836166417935,0.026043752047464785,0.041440687220179816,0.019940790351739283,0.04602094177313484,0.03860760261590168,0.03149152501243645,0.040069644135454205,0.019849791916912364,0.0411070262924811,0.024709108336669942,0.0583906623472743,0.06426309467477159,0.27017435300112835
2973795209,0.17224790400271786,0.06600419806112669,0.05361627780002184,0.028009318239726275,0.03713949453402735,0.01955859692546621,0.04380664652567976,0.04016064257028112,0.03433067617903639,0.04082796442567854,0.018860942258459825,0.038656135114476034,0.026219682354796832,0.05663742583627561,0.06855822079860227,0.25536587437362746
2973797889,0.18211820090027786,0.07159150195949963,0.057583809558475585,0.02689913733483784,0.04039723850083112,0.024812239896140453,0.04358825028209514,0.03968138414685934,0.03723049296885427,0.04579647896722843,0.023374464625875103,0.043321321539936175,0.025940620487994275,0.06127834601244859,0.06613766243220616,0.21024885038644006
2973809637,0.1320569286208277,0.06468168747497544,0.04017884225724651,0.02725706451182373,0.04763464735073224,0.017459566362125242,0.052845824385153915,0.03810407794319271,0.026438078598381442,0.05272449313871802,0.014207888957643262,0.04722818767517199,0.022670743396546917,0.06235819410572805,0.05553937805603077,0.2986143971657021
2973812827,0.17718001917033693,0.07031752387192274,0.053786141545032085,0.029246896953372407,0.041179825040342635,0.022519079338502043,0.04733738579696429,0.03993617976437472,0.03669056892221454,0.04426163869981437,0.0216515609264854,0.042823863429549004,0.027481527317730136,0.05843312828352685,0.07143377133913296,0.21572088960069888
2974629162,0.16860796660964095,0.07552263434402262,0.04326672247904003,0.028773705092272405,0.04252660187578107,0.01921886943544571,0.047276720173746345,0.037036362974556834,0.034494473361724835,0.04667006394156688,0.01784175978839831,0.04326672247904003,0.028531042599400626,0.0550479865079654,0.07484924592630339,0.2370691224110945
2974633342,0.16227447554568727,0.07092418010410222,0.042101942513255435,0.02743906138147757,0.04203521032771569,0.019861925041555952,0.045966342712238685,0.03974204977007729,0.03520426115337483,0.045456751477207916,0.018818476322207255,0.04302405998616824,0.028585641660296774,0.054592994333830795,0.07279874786153678,0.25117387980926725
2974641394,0.18158434341595991,0.07913223892549047,0.04186534658270544,0.03032674504665186,0.03857726980429269,0.020941773134835414,0.041871413145027236,0.04028197381671702,0.0375459542095876,0.04074303255317342,0.01938873318045596,0.04355185090816438,0.02873123915601985,0.05108652131183344,0.0787561120615392,0.2256154527475461
2974643492,0.1644281051699244,0.06611339618291899,0.052827624698188524,0.02703866826823912,0.040688433492277264,0.018163287591453428,0.04821703733362453,0.03747315546172606,0.030696805348281345,0.03896552979288756,0.019200669748480326,0.03955398633810165,0.028179181984736526,0.056091435227314086,0.0793385020444315,0.25302418131741466
2974658470,0.17697375605139593,0.07603222557905337,0.04599667552384765,0.027881920430968588,0.04326672247904003,0.01961319598636237,0.045632681784539976,0.03678763391936325,0.0347735352285274,0.046815661437289935,0.018691078513449567,0.04377024715174898,0.02916196508086728,0.055272449313871805,0.07578956308618158,0.22354068843349229
2974660580,0.13253618704424946,0.06928620827721763,0.04003324476152344,0.024806173333818658,0.03562892051590046,0.016403984518132953,0.04110095973015931,0.033978815564372294,0.028112449799196783,0.04645773426030406,0.01475994612892658,0.03893519698127859,0.023398730875162282,0.06444509154442543,0.06371710406581006,0.326399252599522
2974663894,0.15912592970067582,0.06836409080430483,0.05547871243281282,0.027196398888605783,0.04048217037333625,0.017362501364976524,0.06425096155012801,0.03559858770429149,0.02535823050510198,0.05133525036702702,0.016634513886361155,0.04175008189859134,0.024593843652555843,0.06178187068515755,0.07651148400247516,0.23417537218359846
2974669464,0.17062813186279865,0.09562115531612857,0.04321212341814387,0.029089166333005737,0.03231051092587874,0.017853892913041895,0.040979628483723406,0.034755335541562016,0.02662614203035708,0.03994831288901831,0.015366602361106057,0.035701719263762,0.023932588359480214,0.05075286038413473,0.08289350756500322,0.2603283223528555
2987908535,0.15464539121633988,0.06912367970541684,0.05277409907727425,0.024483994961077556,0.03933697255509976,0.01699021286217255,0.051433616503547705,0.03194547627507348,0.023784144621380968,0.04528031697836924,0.015827384605445912,0.03929928830603917,0.02294970767789657,0.06471462256532834,0.06924211591675011,0.2781689761727877
2987909153,0.17214703317290614,0.08135491025765258,0.04532876815573285,0.030260451995650164,0.03582157046416228,0.020327960636110125,0.0432346006007946,0.03929390484188766,0.03513787051692023,0.04598555078221734,0.018352229292505143,0.038039557694585314,0.027789441950106054,0.05643485470030255,0.07383959430214154,0.23665170063632546
2987909677,0.17450499047126844,0.07237529205293022,0.048779568676852174,0.0278540435199242,0.041237335400583566,0.02017184017571627,0.04784822937864057,0.036198412954768125,0.035536246864132134,0.044838872917945236,0.019461222907716656,0.039821484328735855,0.027697923059530345,0.05526125951527289,0.07402801554744447,0.2343852622285388
2987910083,0.17609849586011606,0.0813226094727435,0.0434983903442187,0.03003434650128665,0.03524015633579896,0.019838065398322512,0.041538809393068254,0.04177029835158328,0.03819029469082765,0.03668292472840423,0.01915974891523197,0.036559105052919455,0.030626527557952987,0.05188044402812322,0.08161331653692516,0.23594646683247736
2987910331,0.17805269334711502,0.06097311498002735,0.05709702079093856,0.03310830453180012,0.03802340730213077,0.023854129655350626,0.039164701702251364,0.04716452943139852,0.04146344089494708,0.03648912001894979,0.023482670628896283,0.040031439430644834,0.032214649482649085,0.060240963855421686,0.0620551912744813,0.2265846226729976
2987911441,0.1842975117628692,0.08483262809952949,0.04538798626139949,0.027229561678348783,0.035837720856616816,0.02032257717195861,0.040236011068402286,0.035224005943344426,0.03298448485631534,0.03791035455494902,0.020220291353079883,0.03524015633579896,0.027622554561409177,0.05013620164303326,0.08826727822819427,0.23425067562475105
2988766914,0.14630640524564748,0.07866317818189647,0.042276343981825434,0.02510847680265297,0.03951462687209966,0.016225760952657816,0.052871001432001456,0.03240845419210354,0.02804784822937864,0.051299029899759895,0.014901428771385812,0.0390893332041302,0.025625289361198143,0.05989103868557339,0.07769415463462429,0.2700776295530648
2988768224,0.1842382936572025,0.08612465949589242,0.0423517124799466,0.031067971618376995,0.036596789301980036,0.020451780311594902,0.04111351572509879,0.03961152922682688,0.03807185847949438,0.042179441627098205,0.019568892190746902,0.036715225513313306,0.03062114409380148,0.04865036553721589,0.08210859523886431,0.2205282255025464
2988769396,0.17019821915005867,0.07895926871022965,0.040327529958978,0.02984592525598372,0.03101413697686187,0.017695446666020652,0.043223833672491566,0.041630328283643964,0.03548779568676852,0.037915738019100524,0.016462633375324352,0.03162246842598275,0.029646737082377767,0.04785361284279208,0.08477879345801437,0.2633375324353715
2988769926,0.154699225857855,0.06281964318399604,0.0434553226310066,0.02752565220668196,0.04399366904615782,0.020882457443715884,0.0451295799821269,0.038244129332342766,0.03190779202601289,0.03876094189088795,0.020548682666322125,0.0441174887216426,0.028855367852105476,0.0542976194321522,0.07641827363071589,0.2683441540962779
3649940147,0.12845483811923294,0.07144933621887012,0.04055901891749303,0.025485319293258826,0.03572466810943506,0.012548854937174971,0.04823583879754945,0.029436781980468795,0.020796322017291688,0.042690870721491865,0.010836913336994087,0.03581080353585925,0.020414096062534318,0.0572962089645445,0.07142241889811256,0.3488377100896885
3657298650,0.17220625127857273,0.08471957535234771,0.04567330986142963,0.02546916890080429,0.03723203807185848,0.01360401391087137,0.04977012608073043,0.030244301603195627,0.026239004274470536,0.04168954638931059,0.0132648556693261,0.03615534524155604,0.024306340644077648,0.05003391582415453,0.08777738299040666,0.2616148239068876
3657298870,0.1792908901019628,0.0701626882866587,0.04734756721254992,0.02349882102135082,0.0657536311465702,0.013410209201416928,0.053080956533910435,0.02389181390441121,0.021178547972049055,0.05112137558276,0.012591922650387073,0.06367561398408648,0.023240414742078237,0.05578345553796957,0.07409261711726262,0.22187947500457594
3658465587,0.16063718681697298,0.08866027111125467,0.04968937411845775,0.025851394855561656,0.028586194644529862,0.010201664567115649,0.0536354533415162,0.025237679942289263,0.022669767542017938,0.05171355663942634,0.009738686650085595,0.02994821107486245,0.02533458229701649,0.056822464119211435,0.08449346985798421,0.2767800424216975
3659262246,0.17565705179969207,0.061742950353693586,0.061209987402693886,0.02741798292365171,0.04480657213303617,0.017140949858414894,0.062179010949966085,0.034594140637617496,0.03116487397310421,0.05497593591524274,0.01843836471892933,0.045603324827459976,0.02804784822937864,0.062292063697147834,0.06979661272435587,0.20493232985561546
3663137760,0.18486277549877794,0.0967408508026745,0.04630317516715656,0.02972748904465045,0.03485793038104159,0.01185977152578141,0.052574910903668295,0.029426015052165768,0.02612595152728878,0.05100832283557824,0.011746718778599652,0.03564929961131389,0.029539067799347524,0.054281469039697675,0.08907479785092112,0.21622145418133665
3664958429,0.17528177225029148,0.07292395388003628,0.051340847260007774,0.0281254048451872,0.042052079284881465,0.01843503044435808,0.0474543334628838,0.03858012695945071,0.03547091592175152,0.04298484259619122,0.018629356134214275,0.04016064257028112,0.027671978235522737,0.053996631688042494,0.07184868506283196,0.2350433994040679
3664958553,0.18182650171732506,0.07821096719316947,0.0585290222552408,0.026901170365106537,0.04084972598167469,0.01598888852999128,0.05770535224005944,0.030648061414559037,0.028871518244560013,0.054862883168060976,0.015886602711112547,0.04133962121946231,0.027622554561409177,0.061559912572542175,0.07330663135114182,0.20589058647458466
3667053844,0.16667205013081818,0.04853192932588263,0.05353316752263746,0.028349322221863326,0.034206531218708605,0.01589198617526406,0.0482143049409434,0.03599384131701067,0.030723429912680213,0.041474207823250106,0.01574663264317323,0.035590081505647256,0.030104331535256306,0.06339029038405633,0.05777533727402909,0.29380255606877914
3667476935,0.13731063664847054,0.06335260613499576,0.04742293571067111,0.02397794933083541,0.0356116153622533,0.012871862786265708,0.055115905983182056,0.02735876481798508,0.02241674472689686,0.048052801016398035,0.012048192771084338,0.03548241222261701,0.023644174553441647,0.05422763439818254,0.06866070178838679,0.3324450617483338
3668283098,0.1390673102504656,0.09069717355225318,0.04116782587764306,0.026155093560361317,0.0349030190161276,0.013182065802642749,0.04568431454524723,0.029176643482447136,0.02252543296213244,0.04812942622223911,0.010831971418798221,0.033933842626024606,0.021024159730404262,0.06211597177352945,0.06739259878631244,0.3140131503933716
3672150750,0.16812020198757496,0.06594743585602464,0.0565855916965449,0.02542071772344068,0.047541371922004375,0.014939113020446397,0.06246971801414775,0.027541802599136488,0.022368293549533253,0.054986702843545766,0.013916254831659076,0.04968937411845775,0.02577064289328897,0.06894602538841693,0.06937131905638641,0.2263854344993917
3720123843,0.15706256662036888,0.10195742756548984,0.04448356428394543,0.024247122538411017,0.03482024613198101,0.011407560537054384,0.060434768564876125,0.025167694908319604,0.019213583556747096,0.0503730740656998,0.010314717314297405,0.0338889068337694,0.023369617881714527,0.05749001367399895,0.10025086942946047,0.2455182660938661
3720935484,0.13444663371986607,0.08576935086189261,0.03304908642613349,0.020871690515412857,0.02815551751240888,0.010589273986024527,0.04717529635970154,0.023907964296865748,0.020715570055019,0.044074421008430495,0.010056311035024818,0.027907878161439324,0.022099120341957643,0.04692765700873198,0.08269000936722762,0.3615642193438634
3722582278,0.17495720145999547,0.08851491757916384,0.04649697987661099,0.027105742002864003,0.041958719596886206,0.013641698159931956,0.05001238196754848,0.031606318033528216,0.027740990772742443,0.04617935549167178,0.012947231284386877,0.03995068746837215,0.025199995693228682,0.05438913832272791,0.08491338006180217,0.2343852622285388
3826727035,0.15856141653448527,0.06904930646957579,0.04947521177145557,0.024411370974092447,0.04903085732284882,0.017357947194942238,0.05787857311599338,0.03186977602285894,0.02414700820087071,0.050234551651986085,0.016356743500613096,0.05119075742746898,0.023657655833417703,0.06271584939196562,0.06807622647452555,0.24598674811289975
3827584050,0.15530120481927712,0.07881927710843376,0.05295582329317269,0.026554216867469883,0.03488353413654618,0.012771084337349395,0.06327710843373494,0.03300401606425703,0.0230281124497992,0.05719678714859437,0.012755020080321285,0.03632931726907631,0.023397590361445786,0.06367871485943777,0.07470682730923695,0.2513413654618474
3833178895,0.1401907899695296,0.09418370533070622,0.04410133832918806,0.02796709626710596,0.031913175490164404,0.015391324009173422,0.04913487731085199,0.035353209082980716,0.020898607836170417,0.049651689869397164,0.012091260484296436,0.03700593257749497,0.020957825941837045,0.06559751068617634,0.07583685950235257,0.2797247973125747
3833338131,0.17937702552838697,0.07583147603820105,0.054502191069909674,0.03255380772419436,0.027595637240651616,0.02056483305877666,0.042308644766734495,0.04287929196679479,0.03470719338479925,0.040779740947705034,0.017873100983020553,0.02876923242568128,0.02631437277259171,0.061931371598996525,0.07337123292095998,0.240640847572596
3833374243,0.18521808413277774,0.07569688943441326,0.059907189078027924,0.02705729082550039,0.04010142446461449,0.020769404696534127,0.051342097612972,0.0341096288639814,0.03122409207877085,0.04779439473712545,0.01958504258320144,0.04062900395146269,0.026895786900955027,0.06054243784790636,0.07615986735144331,0.20296736544031355
3833620441,0.14904120503461568,0.07993905918580486,0.050846818911032876,0.026578162516015802,0.029851308720135236,0.016618753835718206,0.05470137924351562,0.03629531530949536,0.024580897315804776,0.043805247800854895,0.01581661767714289,0.031417896788225284,0.022427511655199888,0.06528526976538863,0.07920152459704771,0.2735930316440023
3833981290,0.16310281339836558,0.07757033495913952,0.04756290577861042,0.02572757518007688,0.04179183220818933,0.01743165692259655,0.04999623157509394,0.033905057226223924,0.028198585225620982,0.045102662661369336,0.015978121601688253,0.042690870721491865,0.025339965761168,0.060962348051724326,0.0756753555778072,0.2489636831508339
3834138296,0.1478191586722224,0.05943344423269485,0.046841521582307775,0.026685831799046048,0.026190553097106925,0.016898693971596844,0.04423054146882436,0.04022524414009927,0.030222767746589576,0.044311293431097035,0.016026572779051864,0.02894150327852967,0.025404567330986144,0.07216533695102124,0.06797161837699323,0.3066313511418328
3834163666,0.15558749744285452,0.06905369467144719,0.05521819180206079,0.028387006470923914,0.031100272403286063,0.018303778115141528,0.049937013469427305,0.03781883566437331,0.02732108056892449,0.047094544397428856,0.017140949858414894,0.03322674074313339,0.024575513851653262,0.07185309603023353,0.06637811298814561,0.2670036715225513
3834175062,0.14421762115486073,0.06793393412793264,0.052117316450789763,0.028273953723742157,0.03057269291643787,0.017216318356536062,0.05031385596003316,0.03829796397385791,0.025889079104622244,0.046260107453944474,0.01632266330738504,0.03220926601849758,0.023116595066593453,0.07401186515498993,0.06382635098032881,0.2894204162494482
3834415962,0.18088977895496194,0.07160545667926398,0.057479246745695926,0.029980511859771526,0.03785113644928238,0.020344111028564656,0.05013081817888175,0.03963844654758444,0.03633838302270745,0.04280392346867362,0.02072095351917052,0.03757657977755526,0.02950676701443845,0.05904045134963446,0.07642365709486741,0.20966977830894626
3834419104,0.14824983580434334,0.08599545635625612,0.04654004758982311,0.02724032860665181,0.029695188259741375,0.015735865714870206,0.05226266998288058,0.035708517716980526,0.024828536666774332,0.042922359680006884,0.014858361058173713,0.030368121278680407,0.022874339179775403,0.05925040645154344,0.0858124185751047,0.277657547078394
3837849261,0.1795085102314018,0.07590361445783132,0.06573436603557085,0.029513291260279205,0.029240772614266594,0.017063492063492062,0.05501529929240773,0.03345764008414611,0.028480589022757692,0.04993784662459362,0.015796519410977244,0.03096194301013578,0.02697456492637216,0.0668770319372729,0.0788869764773379,0.216647542551157
3838683828,0.16898265330228476,0.058743376868819815,0.05827089872093416,0.028973034997131383,0.04559835982585805,0.024319968951436,0.05416624481117748,0.04096216799973002,0.03533039721912862,0.0552968175221896,0.023041746819209608,0.049335999460024975,0.026770949343592858,0.06621021902736998,0.06148543754851338,0.2025117275825993
3884662103,0.1819772387135674,0.07761878613650312,0.056424087771999525,0.028182434833166445,0.04114581651000786,0.022362910085381743,0.046717701906823,0.039390807196614884,0.03733432389073721,0.04635162634452017,0.021490788892836763,0.04308924706870377,0.027197260893439712,0.06015482842899749,0.07470633203053502,0.19585580929616586
3884665115,0.18419522594399046,0.07399033129838388,0.05165972199791122,0.025959064138591902,0.054523724926515714,0.01800768758680836,0.05052919452609365,0.031213325150467826,0.027127275859470053,0.046857671974762316,0.0171894010357785,0.05175662435263843,0.02453782960259268,0.053974611583061466,0.07323664631717218,0.21524166370576134
3884844845,0.12318442671490253,0.07294593925299052,0.03479871227537496,0.02937218041065065,0.037549662456797694,0.014949879948749422,0.049226396201427686,0.03827643011725185,0.019170515843535,0.04538260279724797,0.01001324332181272,0.039110867060736236,0.021140863722988467,0.0639501706558136,0.06611432324472151,0.3348137859749992
3885456070,0.15512451952582448,0.08207629445395524,0.03602075863776824,0.024220205217653456,0.028613111965287426,0.01427156346565888,0.04079589134015957,0.02896303713513572,0.0240640847572596,0.04062900395146269,0.013033366710811073,0.029899759897498844,0.02163075896077608,0.046787686940792654,0.07720425939683667,0.3366656976431194
3885459460,0.12355050227720532,0.06189907081408745,0.03176782195807358,0.022314458908018128,0.028489292289802643,0.015213669692173519,0.034475704426284226,0.030545775595680308,0.027590253776500102,0.03584310432076832,0.013840886333537906,0.030782648018346844,0.02229292505141208,0.04241093058561323,0.055309710692636495,0.42367324525985983
3885467754,0.13774205100657408,0.06253677128897757,0.04210472463100811,0.02176860307471926,0.03828690558411992,0.016531092522958073,0.040915253370168575,0.027313073951858387,0.025138771647097945,0.04473946742383547,0.013870769703015885,0.03984728723812448,0.021045967308725343,0.05233034047016089,0.05752308597447112,0.3583058348041849
3885632236,0.12783035627765754,0.07513700916265599,0.03618764602646511,0.028715397784166163,0.025662973610258728,0.014804526416658591,0.040332913423129516,0.04007450714385692,0.02237367701368477,0.038217212011585205,0.012570388793781022,0.029862075648438256,0.019574275654898412,0.05621951613424206,0.07039417724517373,0.36204334765334795
3885640148,0.13115733712329208,0.07442100843050486,0.03600999170946521,0.029544451263499038,0.031509415678800994,0.01633343023568806,0.04531261776327832,0.040139108713675084,0.022449045511805932,0.042545517189401034,0.011482929035175556,0.03498175005652637,0.02015568978326173,0.06243741722923867,0.06232974794620842,0.33919054233017865
4737782855,0.12167705675247907,0.07053414731311304,0.03843793404179722,0.02517846183662263,0.03281221400346695,0.013894720975053029,0.043030028963037134,0.0342872831809813,0.02270206832692701,0.04073128977034142,0.0122958321220539,0.03255380772419436,0.021399270002261054,0.063239553387814,0.08510180130710508,0.3421245302927528
4737784423,0.11798400034454172,0.08693756258277074,0.041813366064795375,0.02383797926289609,0.03492791541501125,0.014260796537355857,0.04858576396739774,0.03126715979198295,0.017856950590566016,0.04966784026185169,0.010987650333236431,0.037081301075616135,0.019461222907716656,0.0705610646338706,0.09606791778373548,0.2987015084466553
4738416450,0.12660292645111276,0.0770427554722913,0.03726433885676755,0.02601828224425853,0.03424959893192072,0.015380557080870397,0.04189411802706806,0.0348633138451931,0.021948383345715302,0.040763590555250494,0.012080493555993409,0.033463613165799926,0.019891900039837637,0.06148992753857253,0.0798152395103201,0.33723096137902814
4738421388,0.15009098054416056,0.0743079556833231,0.06273350775757185,0.022082969949503102,0.036909030222767744,0.019272801662413727,0.04569484371803568,0.03227925105246724,0.02404793436480506,0.04099507951376552,0.018416830862323288,0.03864788914370619,0.02175457863626086,0.0734735187398387,0.08154333150295552,0.25774949664610186
486453704,0.13686771254201094,0.06411143061672672,0.05010373821570269,0.029168031643189075,0.03099406690204928,0.018236086339314964,0.05001880634319757,0.04217474126111698,0.027075067642169888,0.044607432752156666,0.01591259297006758,0.03514359553015688,0.02390832211019304,0.06797583081570996,0.06316504689452675,0.30053749742171093
486455928,0.12000873584974338,0.0606838229049127,0.05342214780572441,0.027517926691660904,0.02571615768208787,0.011914728400004852,0.06007716667273324,0.03913539353789781,0.019140004125262376,0.045068491488613055,0.009791431587376696,0.02783338793239423,0.01972846067047647,0.07040245574442787,0.0625280578507383,0.3470316310559458
486456458,0.13812955750494424,0.06761790363872408,0.04929688542690399,0.02542496269064172,0.03813441075480169,0.014395952389618896,0.061017483832611415,0.03542265739695944,0.0248729055193584,0.059876970116114,0.012879311809170216,0.04038510537618753,0.024466445843798156,0.07166430070736117,0.06497894902874338,0.2714361979640617
486482979,0.10930731991409748,0.05187517441366675,0.0489450248122399,0.020147053470680302,0.02666860796660964,0.011841929652143316,0.051966172848493676,0.029070966646040357,0.01662238076171757,0.03966925102221575,0.010604350938497192,0.02714179982770963,0.015196738616095802,0.060368361664179374,0.04781664422038608,0.4327582232252272
486483191,0.1453427001055582,0.057608075807762775,0.055211783690653854,0.030199347237894174,0.041428554095536224,0.01902473944114828,0.05647969521590896,0.039954379451340095,0.027669590749705767,0.04784091046967325,0.017259369805506013,0.04523228867130152,0.026577609531782717,0.06635605867579078,0.06254625753770368,0.2612686395127337
486485057,0.11922614931023184,0.0609204188354627,0.04955168104441937,0.0283308460427814,0.0343185430543928,0.015675997039517588,0.06041082760043194,0.04042757131244009,0.021548429367014888,0.04926048605297322,0.013219039299190721,0.03653890486416967,0.02082044188839952,0.06894648078719713,0.0665623217947318,0.3142418617066453
486486203,0.11840716339678956,0.06318931314381393,0.043715648090852835,0.0285553088486878,0.031982916560501826,0.013340370545626616,0.06406289811815237,0.038559070117327315,0.01920673631080212,0.054732525267232074,0.010197891262936944,0.035483323020177385,0.02109343719288028,0.07110011041143426,0.06519127871000617,0.3211820090027785
486486289,0.1464953469466992,0.06434195998495493,0.05280942501122314,0.0253339642558148,0.0416894162753734,0.015463667358254772,0.05890025358230505,0.03580485082323251,0.02492143801793276,0.056224899598393566,0.013837828656013785,0.04462563243912205,0.024393647095936617,0.07225882381489705,0.06314684720756136,0.259751998932285
486486707,0.14737499848335942,0.0705905191764035,0.0567708902073551,0.027208532013249367,0.03112753127312877,0.01656778170082141,0.061733338186583185,0.03507079678229535,0.02584355549084556,0.06223686285929216,0.014505150511411203,0.037740084203885034,0.026171149856222476,0.07181596476540604,0.07122144165787016,0.2440214028318713
486486771,0.13140780645239566,0.053737609046457725,0.05606110241570512,0.017671896043388053,0.03996044601366191,0.013437435542775331,0.05910651670124607,0.02469090864970456,0.018976206942573917,0.05646756209126536,0.011465802788192044,0.03526492677659278,0.017817493539111127,0.06359577281937417,0.05123211880755651,0.3491063953699997
486486823,0.13873621373712372,0.06824275955786893,0.04393404433443745,0.030393477232191605,0.03887453135806064,0.018964073817930333,0.044243439012848974,0.041768281585556725,0.028676640095123693,0.044540700566616916,0.016525315764568848,0.04390371152282847,0.02680207233768913,0.06405683155583056,0.06669578616581129,0.2836421213555127
486487119,0.1229934845120664,0.04914522136885912,0.05179630910348342,0.01829675196253291,0.03389388369186717,0.014505150511411203,0.04528688773219768,0.026334947038910927,0.022500879651536656,0.04603307489777843,0.01391062740387532,0.03264417185357745,0.018393816959681626,0.0576930076802679,0.04207767626396826,0.4044941093679855
486487191,0.11749111248619858,0.050200803212851405,0.05183270847741419,0.018290685400211115,0.029356095075164707,0.012733714313447142,0.048447566701852726,0.027196398888605783,0.020559579708562342,0.045341486793093834,0.011854062776786906,0.02782125480775064,0.017326101991045752,0.05831179703709096,0.04584501146580279,0.4173916208641211
486487275,0.14378359358885695,0.0690920782829202,0.058803188585156325,0.025788956429949404,0.03871680073769398,0.015536466106116309,0.06049575947293706,0.03437920867761075,0.024715174898991738,0.06072022227884347,0.013637632099394557,0.040991761608367004,0.022883073077809728,0.07670561399677257,0.06560987151021003,0.2481405986483699
486487809,0.11647193001613705,0.07133063977966246,0.06929834140186121,0.021451364369866173,0.027954719178830124,0.0115143352867664,0.07869544643832126,0.02759072543952244,0.01456581613462915,0.07110011041143426,0.00871765005641903,0.03147332532547107,0.017878159162329075,0.0975321224474939,0.07154296946092527,0.2628823450903311
4927444255,0.15415011251440078,0.05904045134963446,0.045199565016096566,0.026955005006621662,0.05373235569624342,0.022449045511805932,0.04542567051046008,0.03991300321931157,0.027827126199166642,0.037915738019100524,0.02096320940598857,0.0550459209492124,0.024230972145956483,0.05690321608148411,0.05900815056472539,0.27124045780979145
4927446001,0.14448679436243633,0.07044262842253733,0.03256457465249739,0.01977884729265588,0.034841779988587056,0.01744780731505109,0.032198499090194566,0.02553377047062244,0.02516231144416809,0.03454568946025388,0.015423624794082496,0.03819567815497917,0.021689977066442715,0.04635162634452017,0.061306889757421115,0.3800295013835503
4927451803,0.15736942407700508,0.0734735187398387,0.04529108390667226,0.02613133499144029,0.03775423409455517,0.01874522217556553,0.047449853031428665,0.03802879076628229,0.03003972996543816,0.03954154419285722,0.01877752296047461,0.03820106161913068,0.025539153934773948,0.057312359356999035,0.07662822873262487,0.2697169374549135
4928041884,0.13612089107098635,0.0625343195839659,0.038787859211645515,0.01979499768511041,0.034120395792284416,0.01571971532241567,0.037167436502040324,0.026895786900955027,0.020903991300321927,0.030965685799498262,0.016075023956415475,0.035665450003768424,0.01973039611529227,0.04735833414085296,0.06151684485933007,0.396642871755117
4928044682,0.16786717917245386,0.05550889886624245,0.06667420351647878,0.025824477534804092,0.046572348374732175,0.02538841693853161,0.05013620164303326,0.04010142446461449,0.035966923996253106,0.04748753728048925,0.02524844687059229,0.04970014104676077,0.02732108056892449,0.07111556144147636,0.06009022685917935,0.20499693142543365
4928049724,0.12678596423226418,0.0548251989190004,0.0337597036941331,0.020941675549382515,0.03049194095416518,0.016731806582899963,0.031008753512710364,0.029533684335196007,0.028473141897348106,0.03197777705998256,0.014955263412900934,0.03146634796558889,0.022056052628745545,0.039988371717432726,0.05123981179409327,0.43576450574415626
4928054552,0.1402876923242568,0.06915598049032591,0.037398925460555364,0.031030287369316407,0.0351271035886172,0.017663145881111578,0.04223865973276484,0.04514034691042992,0.03796418919646414,0.042593968366764635,0.0162634452017184,0.037070534147313115,0.027627938025560687,0.052714880971607606,0.06854226557705352,0.2991806367561399
4928098875,0.1336283471688362,0.07996597650656245,0.03436803514325398,0.03016893310507445,0.04074205669864445,0.020015719715322417,0.04456969971036962,0.03805570808703985,0.0201395393908072,0.0493609828052155,0.012570388793781022,0.047352950676701436,0.02145848810792769,0.06639964684475166,0.06179678499520873,0.2994067422505033
4928692780,0.17086576870484618,0.07149240393208221,0.0408551094458262,0.02270206832692701,0.041867200706310496,0.017356288424475383,0.040973545657159466,0.02862387889359045,0.025598372040440586,0.03378662101489066,0.017587777382990406,0.04265856993658279,0.025216146085683216,0.04806895140885257,0.07270368336617246,0.2996436146731699
4928693106,0.15440313532952185,0.07128783229432475,0.04083895905337166,0.026621230229227903,0.04461276742358173,0.01844913164723236,0.047616740420125536,0.03528322404901106,0.02542610118759219,0.04129117004209869,0.01687716011499079,0.04739063492576203,0.024096385542168683,0.059325774949664616,0.06856379943365958,0.2779159533576666
5118492449,0.17539903202553805,0.0673617547111523,0.05300175059211204,0.027602718566573987,0.03975388734424879,0.018705591597157862,0.044773967665533924,0.035907733498094944,0.03476984862527032,0.04411492122335496,0.018916692410668314,0.040057666563690655,0.02700545772834929,0.055195139532488925,0.0664298218515086,0.25100401606425704
5118492559,0.17974601107131227,0.07584693126861801,0.044230977965917725,0.031115452802199794,0.03990134713026279,0.01936273623020611,0.04485208099665931,0.038574719297610874,0.03940687675627434,0.0479756865299034,0.018645151175271657,0.04040787775727535,0.03176670646550164,0.04926010347697095,0.07159569207761979,0.227311648998396
5118492633,0.17749817001998142,0.07714602251370012,0.04841533622173423,0.0258670148574594,0.04397887114962312,0.022073515737828158,0.04690189328743546,0.03582309533701308,0.03561536787544266,0.047989989514709085,0.02095079826695946,0.0480097730824777,0.026455575998575585,0.05921716422339605,0.07731418283973332,0.2067432290739312
5118493907,0.16585259958753934,0.07193337916229481,0.043229976964916726,0.022269257209016246,0.044912382261779855,0.017981837258945692,0.04648021515491394,0.030795856097060918,0.02866119131179372,0.04273550659092828,0.017644150174270658,0.04685408299866131,0.023632065800740495,0.04833749412062665,0.07796350567434905,0.2707164996321623
5118494471,0.1666905150292381,0.07070085567924907,0.05082086063970848,0.03066422459433935,0.040241727003023975,0.020013545869940568,0.04915147525970868,0.03991261959953829,0.03802382928388137,0.05301967966879394,0.01792919898119795,0.040976256570223885,0.028861288383939563,0.061466769691592975,0.06961814001850633,0.22190901372711747
5119094852,0.1619330173547041,0.0758107505095457,0.05043597814682152,0.02998781914444565,0.040860137245679405,0.018675301807831928,0.05267315508279364,0.035426993258318565,0.031025000904518974,0.04927216372999506,0.016625058793733494,0.03925612359347299,0.02615868880929122,0.060240963855421686,0.07087207689617328,0.2407467708672528
5119096086,0.1686835838930945,0.0737729679781071,0.04345701389629314,0.025073746312684362,0.05218218004762412,0.017023847602800582,0.05865053132885525,0.0364022461527526,0.029889469381952586,0.05275082631410598,0.017805736219213136,0.05151579770409069,0.021368660482638517,0.04955219106514554,0.07248462878060916,0.2293865728400327
5119096654,0.17738823160509906,0.10345285044080224,0.042373699000205024,0.026755671333984588,0.0282029016968776,0.013634116043754595,0.04698071565541445,0.029143601432758064,0.02601396577300192,0.05040582751426125,0.011318547463125777,0.030747615084964482,0.024422012373819604,0.05454852442804249,0.08965592098122217,0.24495579917266666
5127732901,0.1013221787956114,0.05138516532618409,0.0360961271358894,0.02322964781377521,0.032166198305285484,0.012435802189993215,0.05638102005878742,0.037786534879464234,0.025377650010228583,0.038970896992796926,0.011709034529539069,0.030018196108832114,0.02123776607771569,0.05282793371878937,0.07869009550265404,0.3903657525544537
5128339170,0.11707957836708766,0.05263951247348644,0.037581963241706776,0.027068057753803415,0.033436695845042365,0.014535353209082981,0.056316418488969275,0.04227096051767392,0.030648061414559037,0.045780979144459874,0.013614780839174391,0.033700485588466465,0.02420405482519892,0.05303788882069834,0.06497302884460092,0.3531121806259892
5128340310,0.10078921584461167,0.03527245712070804,0.04928561430709433,0.020031870107776954,0.02680965147453083,0.013517878484447172,0.04171646371006815,0.03017970003337748,0.01995111814550427,0.03240845419210354,0.013361758024053318,0.02799401358786352,0.017867717518869043,0.0721491865585667,0.043056946283794695,0.4556079546066303
5128345548,0.18578873133283805,0.07733884600062446,0.050179269356245365,0.03347976355825446,0.0378134522002218,0.01997265200211032,0.04661003262379276,0.044106721793339576,0.039848401649493416,0.04858576396739774,0.01979499768511041,0.03915393477394834,0.033399011595981784,0.051708173175274826,0.0714870204679307,0.200733227817436
5128347276,0.15074776317064506,0.0693228678790228,0.0547390634925762,0.027434133316106248,0.03695209793597985,0.017243235677293627,0.05571347050399991,0.037608880562464336,0.02746643410101532,0.05067993152233599,0.0165703026583546,0.03894936313619088,0.024074851685562625,0.06379943365957126,0.07149778739623372,0.2572003833026476
5128352008,0.19740624697180145,0.11756409014072375,0.04193180227612865,0.02539918386683463,0.029076089882317475,0.015789700356385328,0.03632223263025292,0.03068036219946812,0.028279337187893668,0.034184997362102565,0.014858361058173713,0.030669595271165088,0.022642850221260374,0.04362759348385499,0.10716862086415367,0.22439893622748366
5128353898,0.19557586916028727,0.08344369434843933,0.05114290943936605,0.028193201761469475,0.037345090819040236,0.019272801662413727,0.04430590996694553,0.034577990245162955,0.032166198305285484,0.043869849370673036,0.018599868643474703,0.038970896992796926,0.028198585225620982,0.054340687145364296,0.07962143480086566,0.21037501211279436
5128355692,0.17203398042572435,0.090786739451102,0.044219774540521326,0.02874769856907523,0.029103007203075036,0.01599427199414279,0.04257781797431011,0.03689826329446472,0.02772484038028791,0.03836794900782756,0.01502524844687059,0.031207941686316312,0.024274039859168574,0.04901644109951872,0.08525792176749895,0.2687640643000958
5128357596,0.1746987951807229,0.07130398268677929,0.05088988662424497,0.02701960657643981,0.03914855130979683,0.02087707397956437,0.042518599868643474,0.03841101672103966,0.03475026109801135,0.04290082582340085,0.020096471677595096,0.041797215672340834,0.02618516963295541,0.056564057839938835,0.07212226923780915,0.2407162160707172
5129174513,0.15238971973685628,0.06259892115378404,0.05115905983182058,0.02760640416895464,0.034761028026314374,0.01703866403953616,0.05138516532618409,0.04016064257028112,0.02906532295401445,0.037398925460555364,0.017480108099960163,0.035180938230132325,0.023385768274169064,0.05652637359087825,0.07492167059659549,0.2889412879399636
5129198945,0.14250567955467985,0.07786642548747268,0.04321845020834007,0.029356030018196113,0.02956598512010508,0.015741249179021716,0.05020618667700292,0.03834103168707,0.029544451263499038,0.04902720802782174,0.013512495020295659,0.03323750767143641,0.026201320025409952,0.07136320079244593,0.07425412104180798,0.2760586582253949
5129765888,0.14752845160804073,0.09080827330770803,0.039003197777706,0.027767908093500004,0.03139636293161924,0.015289038190294691,0.04256705104600708,0.038486385219160826,0.02928604498422645,0.04379448087255186,0.0144115335335982,0.03403426036586022,0.025302281512107408,0.05312402424712254,0.07409261711726262,0.2931080891932341
5129769964,0.1836837968495968,0.0832983408163485,0.054631394209545964,0.027843276591621176,0.04007450714385692,0.019649644153019584,0.04705686014836828,0.03809877580025194,0.034906381558405204,0.04523186580100563,0.020279509458746514,0.04130732043455323,0.027595637240651616,0.05600956103233309,0.07837785458186634,0.20195527417982925
5129781006,0.17566781872799508,0.07823788451392702,0.048779568676852174,0.02696038847077317,0.04302464549888562,0.018605252107626216,0.052364955801759316,0.03482024613198101,0.030701896056074162,0.049587088299579016,0.017210934892384552,0.044246691861278886,0.02635744048580381,0.061559912572542175,0.07309667624923286,0.2187785996533049
5129784432,0.18242944970229444,0.07063104966784026,0.05580498939457562,0.028946886742681182,0.043423021846097525,0.0205809834512312,0.05299482110748625,0.04000452210988728,0.03675829322652541,0.05267719672254703,0.01999956932286788,0.044069037544279,0.0295713685842566,0.062351281802814476,0.06682494051272113,0.1929325882618948
5131462222,0.1845934462487632,0.10614923461963796,0.04682498108375531,0.0283889179908038,0.03716314533496304,0.0176212094755835,0.04496245852977126,0.034762237355217974,0.03179384203480589,0.04449682789127525,0.016937314475292474,0.039229381293289095,0.026482742564460742,0.052368895873348476,0.0745882079040801,0.213637157324952
5131462330,0.18485370051635114,0.09774813539873779,0.04496557659208262,0.025545037292025244,0.03578600114744693,0.01800057372346529,0.04644291451520367,0.030220883534136544,0.028987378083763626,0.04231210556511762,0.01632243258749283,0.03356282271944923,0.02706540447504303,0.05209409064830752,0.09525243832472749,0.22084050487664947
5175933457,0.1438237799683583,0.06417792381647804,0.05149689667761957,0.02679201655105269,0.04513204332481441,0.016076426919800414,0.06610076670317634,0.033357673116709265,0.023658269441401973,0.052957283680175236,0.01414141414141414,0.047225264695144216,0.025915784349519286,0.06653279785809907,0.0758123402701716,0.2467993184860655
5178267201,0.18921139101861995,0.08720335889010587,0.053644882560545205,0.03024218084459048,0.031933795789217484,0.015151515151515154,0.0485822076183522,0.03475112571498114,0.032524035536083726,0.050620664476086166,0.01370938298649142,0.03289521723256663,0.0285809906291834,0.056955093099671415,0.08599853961299744,0.20799561883899234
5178864052,0.18383838383838386,0.06888767189972009,0.056955093099671415,0.02791164658634538,0.04370208105147865,0.020877449190702203,0.050930996714129234,0.03789704271631982,0.0356760374832664,0.048594377510040164,0.02064013630278691,0.04462090787391992,0.02934769380552513,0.06106243154435925,0.06740903005963247,0.20164902032371912
5179909999,0.14950103444079346,0.054064743823779966,0.06339905074844834,0.02315321893635146,0.04868565169769989,0.019307533162954846,0.07087136424485822,0.03642448582207618,0.03112449799196787,0.05900571984909335,0.01852257514908117,0.050578069855178286,0.02455884142631131,0.06991602774735305,0.06454302056711696,0.2163441645369356
5179922617,0.16446391627114518,0.06914932457101132,0.06830351709869782,0.02628696604600219,0.0400328587075575,0.019557015942558112,0.05862236826092247,0.037525861019836924,0.03076548618717293,0.056906413532919566,0.020281124497991968,0.04363514664719484,0.023439211391018615,0.07077400511135451,0.06845564074479737,0.20180114396981866
5180507304,0.15322502129731044,0.05453328465376658,0.07500912741876596,0.028276743336984305,0.0413532919557016,0.019240598758671047,0.06735426554703663,0.042947547766824884,0.0289521723256663,0.050529390288426436,0.021461603991724476,0.043531702567847136,0.025209930631617375,0.0702385298770841,0.0683826213946696,0.20975416818790316
5180513666,0.1503772666423269,0.06402580017037847,0.06765242789339175,0.023816478033345502,0.03993549957405379,0.01816356334428624,0.0647620786175003,0.03441036874771815,0.028605330412559325,0.057149811366678835,0.01841913106973348,0.04210782524035536,0.023487890957770475,0.07894608737982232,0.07764999391505414,0.21049044663502492
5711873736,0.14568273092369474,0.08525868178596739,0.04620245688636901,0.025956768249468458,0.03436687928183321,0.01529057406094968,0.05402787621072525,0.031945428773919204,0.023529411764705882,0.05280533900307111,0.01306992676588708,0.03674108197495866,0.02257854949208599,0.06211315851641861,0.08482754547602174,0.26560359083392393
5986622005,0.13310925643273905,0.06450600244644344,0.04282899793243052,0.025146407733359317,0.03846653460201994,0.015723270440251572,0.04770023490187164,0.0352298682601024,0.02328451271392849,0.04668268762381061,0.01307115253466697,0.04289394775868975,0.022851513872200392,0.06968033860509423,0.05729115924614901,0.3215341148962427
5986622045,0.11724646575578453,0.0626258384745416,0.043546841521582315,0.023531121806259887,0.035520096471677594,0.014007773722234784,0.051665105462062724,0.03280144707516393,0.01977884729265588,0.04874188442779159,0.011439861321963457,0.03802879076628229,0.020591750379534226,0.07603066421180701,0.05690321608148411,0.3475402952291741
5987181708,0.14016387264877206,0.08241006923134897,0.03534244215467769,0.02778405848595454,0.03133176136180109,0.01650570108853645,0.04149035821570464,0.03646758616234375,0.02476393509695619,0.050050066216609054,0.012748043110780923,0.035966923996253106,0.024021017044047504,0.07215995348686972,0.06246971801414775,0.3063244936851965
5987181786,0.13902257824865144,0.07675204840810963,0.048284289974913054,0.027224178214197276,0.03572466810943506,0.01638188141305167,0.04926408045048828,0.03605844288682882,0.02137773614565501,0.05065301420157843,0.013097968280629221,0.04013372524952357,0.021157014115443004,0.07204151727553648,0.059185804881725285,0.2936410521442337
5987181850,0.13814507359195494,0.07529312962304982,0.042701637649794885,0.025205379157380192,0.034411102856466085,0.016241911345112353,0.04947403555239726,0.0316440022825888,0.02315427931565404,0.052553377047062234,0.012134328197508534,0.03839486632858512,0.023929498153471798,0.07389881240780817,0.06649654919947888,0.29632201729168683
5987189528,0.08799272155646716,0.057312359356999035,0.0949320068477664,0.018825974137838212,0.0297059551880444,0.012263531337144824,0.10111222369370244,0.02575449250083444,0.010923048763418285,0.05277409907727425,0.01091228183511526,0.02923221034271133,0.014669939812870788,0.1130904314308171,0.07345198488323265,0.26704673923576344
5987191032,0.1487935656836461,0.08239930230304596,0.046292408238853534,0.029296811912529475,0.03346899662995144,0.01855141746611109,0.04685228851061081,0.04022524414009927,0.0295713685842566,0.05427070211139464,0.016220377488506302,0.03854021986067594,0.024478611496926043,0.06864993486008376,0.05446450682084908,0.26792424389245995
5987191848,0.17887097989814485,0.08170483542750087,0.05146591728845677,0.03029813624471075,0.03663985701519214,0.01502524844687059,0.05327476124336488,0.03533705869052618,0.032220032946800606,0.050583029167608776,0.01412082646941654,0.03698439872088892,0.030045113429589675,0.05886279703263456,0.08424583050701466,0.2103211774712792
5987191936,0.1672911485082421,0.08622156185061963,0.04721836407291364,0.026707365655652095,0.03370586905261797,0.017119416001808843,0.04468275245755138,0.03310292106764861,0.028473141897348106,0.04315384863852192,0.015811234212991375,0.03548241222261701,0.02415560364783531,0.052187301484759405,0.07490552020414094,0.2697815390247316
5987191980,0.14796989566846475,0.0828568967559245,0.04246476522712835,0.027315697104772975,0.030190466961680505,0.01588121924696103,0.04647544602000495,0.03566006653961691,0.028343938757711813,0.04600708463882338,0.014610721707204153,0.03356589898467866,0.02514616105171356,0.054706762707667125,0.07438870764559577,0.29441627098205153
5987192110,0.17019283568590718,0.0808219473066529,0.04702994282761072,0.02758487031234859,0.03302216910537593,0.017830033269808455,0.046114753921853636,0.035460878366010966,0.03310830453180012,0.04373526276688523,0.017480108099960163,0.03332364309786061,0.02748258449346986,0.05370543837548586,0.07614910042314028,0.2569581274158295
6158543528,0.1706618139223561,0.06758806057563588,0.05589545682730924,0.032379518072289164,0.039344879518072286,0.017376798862115128,0.054499246987951805,0.03689236111111111,0.030983308232931724,0.056669385876840686,0.015342620481927713,0.04264976572958501,0.03118724899598393,0.06568461345381528,0.06641147925033467,0.2164334421017403
6691758161,0.15498631161281765,0.07854239781950625,0.042132493939722855,0.021497401015473303,0.03509533630015557,0.013983863381453744,0.048807843988566885,0.02579085109205591,0.02251649239601047,0.04596162427487729,0.012729597066946464,0.036789801850042804,0.022932571125342208,0.06608415644560224,0.07543085253928627,0.2967184051521401
6691758473,0.1187271608958356,0.060723373976386025,0.03754959779056165,0.022528552649034576,0.02733456347914179,0.012729597066946464,0.043953592146363234,0.031694344947357,0.019055199778091343,0.030590831795651075,0.01189743960828298,0.028799884221570968,0.017270282330523294,0.044586755430128924,0.08344489067380634,0.4091139332103188
6691760003,0.15387676833459965,0.06642184353027726,0.06558365594510172,0.026598888044671174,0.043851079995658314,0.0159918955099678,0.0674831457963988,0.032007911525983805,0.02374060807795748,0.05836559451017283,0.015437123870858813,0.04447821315291195,0.022944631378366317,0.06955750931654546,0.07313337433819361,0.22052775667233496
6691760823,0.15824861005583898,0.05073748447242423,0.0766127573356489,0.02536271210970006,0.05120783434036446,0.01868736206085604,0.07257860269908464,0.03457674542011891,0.027328533352629737,0.05996960816237925,0.01808434940965061,0.0513344669971176,0.021569762533617955,0.07005197969053391,0.05235355837765476,0.21129563298238
6691761153,0.10878951240397024,0.06240577927324915,0.03598176489742755,0.023553674156083795,0.031332537356633744,0.012217036313421857,0.05279375761303472,0.03396167251588938,0.01553963602156373,0.03678377172353076,0.009955738871401523,0.034305389727076474,0.018132590421747048,0.06560777645114994,0.07134845689062556,0.3872909053631945
6691761453,0.15028281293341533,0.07476150849644825,0.042626964313711296,0.0249888442659527,0.03288227987023168,0.01625119094998613,0.04255460279556665,0.032779767719526766,0.026514466273502416,0.04232545798810859,0.016046166648576287,0.037018946657500884,0.02257076353461896,0.05264903457674542,0.07241578928325916,0.31333140369284945
6691761803,0.14993909572222824,0.06544496303532447,0.04599780503394961,0.026508436146990364,0.034781769721528764,0.01792153599382515,0.04411037543567664,0.035619957306704295,0.02998781914444565,0.04460484580966509,0.016625058793733494,0.0371214588082058,0.02435568098218701,0.05330028824004728,0.06106709118757313,0.31261381863791504
6691770763,0.12053619884945188,0.04983899562212815,0.04579278073253977,0.02086423773170761,0.0286250105527214,0.01365220642329076,0.05066512295427957,0.03250238189997226,0.02053258077354463,0.030500379897970255,0.013827080092140334,0.030096361421662624,0.01854866915107879,0.048964627277880285,0.09089812704270536,0.3841552395769263
6691852653,0.1561621862826682,0.07031127513055224,0.05191938926878686,0.02911345080019779,0.04059481167914903,0.019127561296235995,0.05649625529143601,0.03975059396746144,0.038731502586924274,0.06069322334382575,0.016582847908149113,0.0439053511342668,0.02965616218628267,0.06334044888261756,0.06621681922886742,0.21739812101257885
6691853523,0.16511089402655668,0.05257064293208871,0.0707514743659322,0.026966725761906486,0.04016667269679317,0.02793154600383516,0.041915409385288906,0.043097314181651525,0.037555627917073696,0.04505107517155709,0.028799884221570968,0.04260284380766309,0.02650240602047831,0.07951927831445904,0.05977664411399351,0.21168156107915145
6691855355,0.1689822352472955,0.0685625384420565,0.05661082769516505,0.026671249562815826,0.04362796531471231,0.018856205603193555,0.053125414571197696,0.03628930134954232,0.03181494747759808,0.05465103657874743,0.01825319295198813,0.045533485292521436,0.02537477236272417,0.058642980329727326,0.06639772302422906,0.22660612419648565
6691919207,0.13991702545919413,0.04891638626578386,0.05828117273900407,0.0246330668017415,0.05495857303086218,0.016570787655125003,0.052039991799027935,0.03222499608041777,0.02927626421602325,0.050315375616580435,0.015654208425292762,0.050858087002665316,0.02328834858955341,0.07172835486088497,0.06470325747434182,0.2666341039835016
6691920767,0.16819228867421634,0.07093840828780588,0.054023903421493776,0.025314471097603628,0.04545509364786472,0.019640122049760605,0.050701303713351915,0.03402197378100993,0.028293353594558413,0.04987517638120048,0.01793359624684926,0.04658272730561888,0.024138596427753053,0.06324999698493675,0.07174644524042115,0.2298925431455552
6691921147,0.12006584898151165,0.06008418056610827,0.03541493300529445,0.02114765367777416,0.035378752246222125,0.013404971236296538,0.0496219110676942,0.03107927204312746,0.02351749339701147,0.03531242085458953,0.012373819602735266,0.035047095288059146,0.024253168831482083,0.052238985973925726,0.0978749834171521,0.35318450981101585
6691921481,0.12511909499861307,0.05126210547897295,0.04248827140393405,0.020249164827478083,0.03878577372553276,0.013887381357260876,0.04983899562212815,0.02768431081684094,0.0222752873355283,0.038683261574827835,0.012687386181362085,0.03748929652544111,0.0212079549428947,0.05820881122085941,0.08586900153165215,0.35426390245667355
6848891996,0.14760382010616194,0.06101618269323945,0.05468522885106108,0.02380567847798701,0.04776747741636789,0.014788376024204053,0.07313436049829344,0.030884933837225573,0.0243709422138958,0.0595841812289372,0.013178720242901905,0.04707301054082281,0.02250826361747257,0.06582899964469137,0.06260968808208706,0.2511601365246509
6848901676,0.1689761727876654,0.07296747310959656,0.051788925137547515,0.026701982191500585,0.04005297328725088,0.017270152998051187,0.052241136126274526,0.03435726821495096,0.031487881822194946,0.04929638123539736,0.01623114441680933,0.041129666117553317,0.0267504333688642,0.05665557673051455,0.07086253862635529,0.24323029382947334
6995023041,0.11803783498605686,0.04716991289555003,0.06291654553872325,0.023784144621380968,0.03796957266061565,0.013921638295810588,0.0728113526492027,0.03377585408658764,0.02347728716474477,0.0572962089645445,0.013986239865628736,0.039896852826857024,0.023283482455290327,0.06666882005232727,0.06018174574975505,0.30482250718692466
72855295,0.16278518901342634,0.053301678564122434,0.04586173110673256,0.031579400712770656,0.05223575266212302,0.021296984183382318,0.05274718175651669,0.04978627647318497,0.049102576525942916,0.06559751068617634,0.02018260710401929,0.05691398300978714,0.034680276064041685,0.05797990891178656,0.050340773280790715,0.19560816994519634
72856276,0.16150930800951796,0.05781840498724119,0.07017345521496172,0.024559363459198725,0.05315094156788009,0.02136158575320047,0.0615706795008452,0.034868697309344616,0.030841866124013483,0.055648868934181764,0.019897283503989147,0.054049980081182634,0.02284742185901784,0.06946822141111363,0.059713384368573486,0.202520537915738
72858342,0.1730245378296026,0.06887065689029577,0.05858285689675592,0.030395038599437967,0.0375927301700098,0.018276860794383967,0.05494363513033367,0.03738815853225234,0.035638532683010864,0.056031094888939134,0.01883135760198973,0.03850253561161536,0.03142866371652831,0.06325032031611702,0.07328509749453578,0.20395792284419176
72859222,0.13650850048989524,0.04796666558997384,0.06363254627087438,0.020209524424776856,0.06590436814281253,0.013873187118446978,0.09755913735370435,0.018782906424626118,0.011219139291751456,0.09156195828891975,0.00906575363114657,0.06374559901805614,0.018018454515111384,0.08433734939759036,0.0484780946843675,0.20913681535794654
72860398,0.16617138796472755,0.06239973298017808,0.050787600805366234,0.029910526825801868,0.037608880562464336,0.025259213798895317,0.04109736533264425,0.04263165261582523,0.03743122624546443,0.04645929562755042,0.024796235881865258,0.043977518653703286,0.030325053565468305,0.06349257620293507,0.06585053350129741,0.2318011994358129
72861323,0.16269905358700215,0.06263122193869311,0.06678187279950903,0.029086856810620492,0.040903560623189804,0.019870366183231587,0.06150607793102706,0.037926504947403565,0.03269916125628519,0.05162742121300214,0.01856756785856563,0.04297081085737049,0.02746105063686381,0.06453158478417692,0.06877375453556857,0.21196313403749045
72862115,0.1498917923705546,0.06332030535008668,0.06442929896529818,0.028645412750196494,0.039073182811675655,0.017975386801899286,0.06173218342539056,0.03892244581543332,0.03283913132422451,0.058577473432604416,0.01778696555659636,0.04210945659312855,0.0292645111276204,0.07080332052068865,0.07234299126802114,0.2122861418865812
72863296,0.14895506960819146,0.05762998374193825,0.06146839368196647,0.02701422311228829,0.03787267030588843,0.01883135760198973,0.055336628013394056,0.03888476156637273,0.03031428663716528,0.05035154020909375,0.018621402500080757,0.04154419285721976,0.026621230229227903,0.06992581586399216,0.06354102738029868,0.25308741669089224
72864032,0.16066410413773055,0.05663942633806001,0.06073624255736081,0.02831702143695425,0.040537485060886974,0.02214218805516974,0.052004263703608,0.0436760446612186,0.03600460824531369,0.047460619959731686,0.02174919517210935,0.0450865122689148,0.028618495429438937,0.06567826264844902,0.06251816919151135,0.22816736113354225
72865178,0.17718057215457006,0.06735251999956933,0.055277409907727434,0.03314598878086071,0.0369305640793738,0.01980576461341344,0.05183199285075961,0.04213637391388611,0.039848401649493416,0.051875060563971696,0.019681944937928655,0.03942310798152395,0.03338286120352724,0.06007945993087632,0.07014115443005264,0.2019068230024656
72866324,0.17924782238875073,0.06590436814281253,0.05440528871518245,0.03307062028273953,0.03751197820773712,0.020091088213443586,0.05051304413363912,0.042927743144158405,0.04012834178537205,0.05202579756021405,0.01978423075680739,0.04048365041937186,0.03300063524876988,0.059465745017603926,0.06871991989405342,0.202719726089344
72960265,0.10373935419964038,0.06863916793178074,0.03845946789840327,0.02270745179107852,0.025474552364955803,0.012042809306932823,0.04779977820127696,0.03227925105246724,0.016521851480990987,0.04793974826921628,0.008963467812267837,0.02954983472765055,0.016607986907415183,0.07304284160771772,0.058200630941998566,0.3980318055062072
72970829,0.14481518567567858,0.06347104234632901,0.04510804612552085,0.023601106840229546,0.036053059422677294,0.01427156346565888,0.054082280866091716,0.03069112912777114,0.02275590296844213,0.04309463053285528,0.013135652529689805,0.03625224759628325,0.024128686327077747,0.05940652691193729,0.07956221669519904,0.30957072256855844
72973491,0.14330243224910366,0.05873897735714977,0.04321845020834007,0.025603755504592096,0.050249254390215006,0.016909460899899868,0.05541199651151523,0.034954832735768805,0.03011509846355933,0.0616998826404815,0.014303864250567956,0.05163280467715366,0.026066733421622145,0.06889219074690181,0.06506993119932815,0.25383033474380096
72974619,0.16120783401703329,0.07392572972856573,0.04291159275170386,0.030604993701346943,0.042857758110188736,0.01936970401714095,0.05030847249588165,0.03843793404179722,0.03259687543740646,0.049021824563670234,0.01742627345844504,0.043595292698945916,0.028230886010530056,0.05470137924351562,0.07818943333656342,0.2366140163872649
7323923,0.18027606404168955,0.05894354899490725,0.054189950149121965,0.0293506465540446,0.046949190865338025,0.02594291374613736,0.04284160771773421,0.04490885795191489,0.04149035821570464,0.03915931823809985,0.02661584676507639,0.04705686014836828,0.02932372923328704,0.05764075067024128,0.05780763805893816,0.21750271864939646
7639980088,0.16842051751309034,0.0909968989883585,0.044308881093996236,0.025138528798739262,0.03162015149204413,0.015362716689542982,0.05024147221798586,0.0331808245640791,0.027868435768390012,0.04229068171419857,0.015393218443393829,0.03338416958975141,0.02452849372172233,0.05024655584362767,0.09722434039957296,0.2497941131615068
7639986630,0.1662756637109494,0.057020159847310035,0.07401884766789933,0.02294325818123981,0.05891553010722759,0.01471894177369544,0.07336938513128421,0.028755285167070925,0.025242885734356568,0.0564899863480324,0.015335268466605698,0.053342081196071416,0.02254562805678158,0.07351518284358556,0.06221586014023089,0.19529603562765915
7639992150,0.17406403730423212,0.0821462140354732,0.046984289742556855,0.02933313802321749,0.03196982458710221,0.02033666581218491,0.04140574455878224,0.04196726114183177,0.03682816371870461,0.03917188510882436,0.021392561125962814,0.035760061522686494,0.0305660331294784,0.049871217392365816,0.09125254818666766,0.2269503546099291
7639998126,0.14195914091147194,0.05952380952380953,0.04531791763326598,0.023728454189428518,0.03330090548529522,0.0175546908129412,0.047812367482351764,0.03572675796353114,0.026378807154082168,0.03436728279577939,0.01728030132954177,0.03563321609419042,0.022518646012621917,0.052364738456933325,0.07367357629274862,0.33285938786200703
7640005896,0.1660258053490558,0.06884681583476764,0.050768423237021035,0.02617155552300387,0.03499713138267355,0.021038561540996814,0.042363984814638496,0.038665299495855766,0.03282430634391669,0.03568071678812514,0.022057836208054103,0.034783510943469924,0.026372969079967286,0.05743338094017408,0.0791616313277426,0.26280807119053723
7640013522,0.17704862001196275,0.08190817983178915,0.05023742385957203,0.0265682791958106,0.037316439008312885,0.01971411481793435,0.047814357734890935,0.034032787685697195,0.029461310286739664,0.040069090953479575,0.01882301241439924,0.03861647196689494,0.02465179868409809,0.05323421344954285,0.08148704239450201,0.2390168577043737
7640020774,0.17164097117955104,0.06666788735489068,0.044469672001074205,0.030956653361165026,0.032525237729031625,0.019170908558245138,0.04017284945252132,0.040453607744046084,0.034630924915467334,0.03739578374287423,0.01834084056591106,0.033965649833376056,0.029253793288656144,0.05690238156272505,0.07247225986010913,0.2709805788503558
7640028660,0.1745706229172007,0.07893580400629875,0.05554131419294198,0.025823659379157968,0.04072826259445075,0.017901392805263608,0.054924866639811526,0.03270223752151463,0.028637345735525687,0.04433539629643193,0.01741922095677543,0.03970288448627336,0.025378108177390408,0.05647514068431781,0.07668363423298055,0.2302401093736649
7640036968,0.15743216025195006,0.0722830531853859,0.04209543340535394,0.02623869337532501,0.03862867884913514,0.017876979040783194,0.045867360017577914,0.03511920020507562,0.031286239181650605,0.04273629472296481,0.01682718716812539,0.038384541204331005,0.027007726956458047,0.0555779348396626,0.08304952332124851,0.26958899427497224
7640044152,0.14216135056945106,0.05266659342537323,0.041149400031737886,0.028094139475836475,0.030920032714444406,0.016546428876600627,0.04344429389289682,0.03875074767153721,0.029973999340828363,0.03452106297530548,0.016198532732754727,0.03198203146934241,0.02611052111180284,0.05930103392292575,0.06684488714737369,0.34133494464178904
7640050602,0.15626640299801028,0.05354548894666813,0.05529717654813784,0.0264034862855678,0.0451593608476459,0.02080663077843288,0.05042052709317514,0.0373469562139134,0.03249472052343111,0.050817250765981856,0.019561528789931764,0.04545232602141088,0.02415741995336971,0.0616508587541656,0.06047289461798563,0.2601469708621721
7698222,0.18976172787665407,0.04812278605036769,0.05737696092681719,0.028247036402984593,0.05491133434542459,0.03126715979198295,0.039240070200372526,0.04642699484264135,0.04600708463882338,0.03973534890231166,0.03033043702961982,0.05541199651151523,0.02845699150489357,0.05937422612702822,0.049818577258094035,0.19551126759046913
7698231,0.18209953214921545,0.07907402807104708,0.044663188837825524,0.027713948577816425,0.043679874135718125,0.022869829834803127,0.038975489587214834,0.03907382105742558,0.0352906471245808,0.037723057177162254,0.022036600008280543,0.044399246470417764,0.0272119405456879,0.050335362066824,0.07529085413820227,0.22956258021777834
7698242,0.19168900804289546,0.060515520527148814,0.05123442832994175,0.029754406365408013,0.04898414031460965,0.02799939705201503,0.03834103168707,0.04390753361973362,0.04255628411770406,0.03762503095491887,0.027041140433045858,0.04913487731085199,0.029996662252226063,0.052219602269668486,0.06302421482175351,0.20597672190100885
7698246,0.17930165703026585,0.0622759133046933,0.04782131205788301,0.029162225308741668,0.0490971930617914,0.02522152954983473,0.04067745512882629,0.041129666117553317,0.03880400960410005,0.041958719596886206,0.02340730213077511,0.049990848110942426,0.029027638704953864,0.05494901859448517,0.06481152492005557,0.22236398677821206
7698254,0.19216275288822848,0.0605585882403609,0.05310249039051649,0.03231693530152782,0.04329920217061274,0.02916760877289318,0.03387813990546637,0.04974859222412438,0.049716291439215306,0.034513388675344814,0.029609052833317183,0.04379448087255186,0.03230078490907329,0.05519665794545474,0.06189907081408745,0.19873596261722493
7698257,0.18715613122732214,0.05314555810372859,0.05718853968151425,0.030104331535256306,0.053430881703758724,0.028085532478439226,0.0418241329930984,0.04617935549167178,0.04425745878958192,0.04399366904615782,0.02735338135383357,0.0520903991300322,0.02871001432001464,0.05526125951527289,0.05458294303218234,0.1966364115981352
7698280,0.19283160037409916,0.06579193486273864,0.04866039500467624,0.031649887220113325,0.045618088793530284,0.026462012433294824,0.03681575617538648,0.04361005666501623,0.044105187874786816,0.03718435385377125,0.025895362271001816,0.047978214226770094,0.030615613137481432,0.05146613852670958,0.0660229960939649,0.20529240248665895
7846944456,0.15926057169855895,0.06648358138436097,0.04766123316796597,0.03024450744153083,0.03783368769194425,0.01917670682730924,0.0460429955114576,0.040975667375383884,0.03463855421686747,0.044424757854949204,0.018851878100637844,0.041276872194661,0.029063312071816682,0.05683912119064492,0.07994920859910229,0.2472773446728089
7846949504,0.1729545045855062,0.0685907810345861,0.0497692261583648,0.03138524246238686,0.03714559731463166,0.020565845471437992,0.04430258346820117,0.0413594677216328,0.03719355032068573,0.04379907690463346,0.02009830366241084,0.038206557573577896,0.030426182341305518,0.05641671162260984,0.07760594617275068,0.23018042318527845
7846965770,0.17508823171473775,0.0804368991115979,0.047419982962151636,0.026031398320554948,0.0419922112693197,0.021047827674333698,0.04249117682852623,0.03509188268224413,0.03161129365948642,0.04221126931970305,0.020390653523183644,0.04580138736765243,0.02539247900693684,0.0558111232810028,0.08204332481440915,0.2271388584641597
7846972040,0.18275526347815504,0.06748813435560423,0.05539734696361202,0.03075331629548497,0.038274309358646716,0.02180844590483145,0.04735913350371182,0.04260070585371791,0.03947304368991116,0.04769989047097481,0.02198490933430693,0.04154801022270903,0.02996227333576731,0.05841548010222709,0.06921625897529513,0.2052634781550444
7847013976,0.1449396405681724,0.07327836419424008,0.04135124569072751,0.0271765528189454,0.03312364502256815,0.01627157597943396,0.04411747284121738,0.03553446825650685,0.029054270178057364,0.041049152361659035,0.015697006314342916,0.03423724396109512,0.024913814550236345,0.055407470590325913,0.08687848740093115,0.29696958927154044
7847017438,0.13227237307438713,0.07601750284720972,0.03844032847809147,0.025696817119223163,0.033890787028711865,0.013600671342084756,0.04944554336749985,0.03598873104357729,0.02522927531019601,0.05482826829706888,0.011232991668165198,0.0363483785889828,0.021512917341005813,0.06591740094707187,0.07107834322364083,0.3084996703230834
7847022646,0.1471710370895346,0.0871367824238129,0.03734939759036145,0.02577368296716277,0.029949208599102287,0.015390975667375384,0.043391211906449324,0.031378454996456404,0.024881880463028583,0.04554098747932908,0.014221592251358375,0.031230805575242142,0.024787384833451453,0.05568154972832506,0.09737774627923458,0.28873730214977555
7847027582,0.14089083607155894,0.07546549835706462,0.039978094194961664,0.02542898868200073,0.03072289156626506,0.014518680783741024,0.0436168918096629,0.030144821711086768,0.02282463186077644,0.04515638310819034,0.01254715833029086,0.032110259218692955,0.024790069368382617,0.060003650967506386,0.09219909942801507,0.3096020445418036
8560157573,0.161898348681736,0.05995583542629734,0.05221490190368726,0.029058833521396762,0.046154406144214316,0.02270714277047768,0.047907642655213,0.04218080782343877,0.03612637862628763,0.045238355233623316,0.021445297807544374,0.04845969982649632,0.026577609531782717,0.061387544134240885,0.05941591137965761,0.23927128453390603
8560166315,0.1901590100238352,0.08690044731772617,0.05196395337447351,0.029075652202305163,0.03769549743690208,0.01985176478270807,0.04824174747771574,0.039328043882848475,0.033793711431090216,0.040421850001632544,0.019084467953113263,0.037287360825415485,0.027932869690142685,0.05188232605217618,0.07996212492245405,0.2064191726254612
8560169897,0.17118625559640374,0.08160739635278273,0.050783193195743696,0.0291316322692583,0.03782501607639016,0.01804195634501753,0.05095912350307575,0.03633264174522865,0.029726155376794187,0.04968514541549885,0.01580946141059707,0.04043970443708368,0.025904221114063503,0.06074448852813065,0.07194942913648551,0.229874179497446
8560179673,0.16100656402043215,0.06859462017253304,0.056928620827721765,0.026183282980866064,0.03885633167109526,0.01895194069328674,0.049315085113869374,0.03737002390225555,0.029350028512842914,0.04146495346946699,0.018478748832186757,0.038371006685351684,0.02443611303218918,0.06277678690593189,0.06742377364442664,0.260492119535544
8560183049,0.15655370727623485,0.07463084968271878,0.05046773195501037,0.028816171028524976,0.036951431102051714,0.01778109416518036,0.05563644305317948,0.036520705177204286,0.0304056103568352,0.054374598090246175,0.015797328285953482,0.039311323845229854,0.026923403584125018,0.06500928184035235,0.07474611436683287,0.23607420619032016
8560183303,0.15704509882430026,0.06351084094686904,0.05323408437374877,0.029805020686977518,0.03747315546172606,0.01878207694827649,0.054144068722017984,0.04062776786905932,0.03369368713524794,0.04731311954767711,0.018060156031982917,0.039274924471299086,0.027536126378626288,0.06252199128841651,0.07117897572161759,0.24579890559215714
8561274812,0.1508572052560696,0.0662165277423895,0.046633664567636096,0.03026001286111212,0.036708768609179925,0.01826641915092394,0.049369684174765525,0.03974204977007729,0.029010301022822406,0.04554168334971305,0.015214938303061188,0.038656135114476034,0.02607408485907376,0.06531867651876387,0.0704631213676458,0.27166672733228986
8561275970,0.16484063140780644,0.07475218092915469,0.047161455489632235,0.03059367378881083,0.0340880136861646,0.018648612577197004,0.044801562746454096,0.039032261978427296,0.030023416930562125,0.043624649656025916,0.016555648576177823,0.03657530423810044,0.02658367609410452,0.062430992853589586,0.07176136570450989,0.2585265533432825
8561278416,0.16797097756585253,0.07438818718984701,0.045869277715089966,0.031157864084737745,0.035750251762336364,0.020978172508766185,0.04579041240490664,0.04170154940001698,0.036751234545432485,0.04626360426600663,0.020062121598175175,0.03833460731142091,0.030181147550928794,0.05949477668984093,0.06841868986520099,0.2368871255414407
8561288412,0.18288865431514575,0.07851344956866743,0.05268809376478725,0.028682706657445493,0.03964498477292857,0.019497931302248268,0.04935755105012194,0.03556825489268251,0.03468253679370048,0.04636066926315534,0.01930986787027263,0.04050037006030163,0.028318712918137805,0.05712881738434099,0.07806452395685459,0.2087928754292093
877384903,0.14272300469483568,0.052067424628089824,0.04902426607839809,0.027286611233667064,0.047417840375586856,0.02217319984162,0.050393121782906274,0.04138808756151366,0.03237739691159002,0.05125855534815318,0.019418519147010576,0.055127552463374634,0.02724135980541886,0.07155947734600374,0.0593133095763335,0.2512302732054981
878234910,0.15261652671291226,0.05935256176220032,0.0724351953267616,0.027844712182061575,0.0397286114153584,0.02012291590604844,0.07143117926250456,0.038426433004746255,0.029299014238773274,0.061652671291225515,0.019623950346841914,0.04426189606912498,0.023682609224777898,0.08046123889497382,0.05981501764634295,0.19924546671534624
8838667969,0.17691915699049976,0.08939686237396717,0.04921195355439886,0.029726155376794187,0.03033887817129545,0.01775682791589318,0.04211407563789903,0.03686649922954658,0.028294446668850625,0.04296339436295029,0.0163493854572368,0.03167352188209029,0.024739441148278918,0.05269416032710904,0.08774675742243898,0.2432084834807508
8838678591,0.1365825841128866,0.050425266018757804,0.05081959256967448,0.02177289217292129,0.05200257222242445,0.017556631359273954,0.05575777429961538,0.03146725876314928,0.032692704352151804,0.052008638784746236,0.015415134859680412,0.046676130503888656,0.02102670500734054,0.06328031157864085,0.09100450138924275,0.2615113020056055
8838701083,0.17716181948337156,0.12542010944078427,0.04212620876254262,0.02370812555357381,0.027032601705917324,0.015105740181268885,0.04429197151142333,0.02922869726640702,0.027511860129339108,0.04891469200063092,0.014165423021390696,0.02759679200184424,0.023859789611618682,0.05341608124340262,0.10394447882163094,0.216515609264854
8838729545,0.16209854523835526,0.0735995340880137,0.04315752435724772,0.027293463885754498,0.036035380191460714,0.01975879348208544,0.04243560344095415,0.03796454700979143,0.03529525958820175,0.046142273019570725,0.019140004125262376,0.03807981169390553,0.029186231330154456,0.06606486368434462,0.07148230383770733,0.25226586102719034
8838743915,0.17578470983632416,0.080861209187202,0.050334267583930885,0.030520875040949295,0.03594438175663379,0.018715344762736747,0.047695312973950174,0.039183926036472166,0.03536199177374149,0.04643953457333867,0.01792062509858164,0.039056528227714486,0.029792887562333926,0.05509651900653975,0.07868331331367766,0.2186085732658732
8838747427,0.19263494656592475,0.09984854672929006,0.04354706963447008,0.03254543598121299,0.023466748349329526,0.01816588387448097,0.04060309032741134,0.04308760465591178,0.03828874821319175,0.03519161391328024,0.022735007827921858,0.028554897556327005,0.026300115717105714,0.060292015519705935,0.1009376489006875,0.19380062623374852
8839266480,0.17337628459457166,0.07577136339921618,0.05391353935378977,0.030017350368240325,0.04124655722588238,0.02008032128514056,0.051456581613462914,0.035289193025879954,0.032953566531988984,0.04892075856295272,0.018211820090027784,0.04104636066926316,0.026243948604084008,0.05510258556886155,0.08047294919860712,0.21589681990803086
8839277774,0.16303279583591165,0.04724032079981558,0.06383236874992416,0.025467428626894283,0.03850447105643117,0.019285601620985453,0.05012800446498987,0.044213106201240006,0.040900763173540085,0.04978221041264757,0.01718050449532268,0.03966318445989395,0.026286414540336568,0.08078841043934044,0.05652216115216153,0.23717225397056504
8839283512,0.16606607699680898,0.06442082529513825,0.05057693007680268,0.02767565731202757,0.033305427146653084,0.021766825610599498,0.039086861039323455,0.04068236692995548,0.03327509433504411,0.03706669578616581,0.020887174073939262,0.03617491112486199,0.023592860869459716,0.06072628884116527,0.05749887768597047,0.2871971268760844
8839299322,0.18029823220373944,0.08599958747376212,0.0549327218238513,0.02728133076111091,0.030654339412028775,0.0164646501413509,0.052129970031182124,0.033730086509178706,0.030812070032395444,0.049036023247066816,0.01661631419939577,0.03132772782974799,0.027032601705917324,0.058627258277824286,0.08359722879433139,0.2214598575571167
8839312532,0.1964669308463088,0.10362379751564398,0.032742264740023216,0.03445009272972288,0.03183498112049527,0.014890125285193932,0.042935863053543084,0.04066098280163845,0.04112129581448718,0.044757101495683724,0.013595911886749657,0.0339230676860265,0.03264219669375175,0.03438338069887524,0.09988792378817599,0.2020840838436804
8839321734,0.14595542290005944,0.060471493223649884,0.053567745301447485,0.025776823305305816,0.052985355318555194,0.01604605734114706,0.06763003676336768,0.03635690799451583,0.029920285371091617,0.06885548235237021,0.014875210813040685,0.05252429658209879,0.02427231584950072,0.07210109319453038,0.05992550261468836,0.21873597107463089
8839336296,0.14404445576869412,0.06894648078719713,0.05497518776010386,0.03204964874604157,0.03853480386804014,0.015651730790230408,0.05683155583057305,0.044358703696963084,0.03686649922954658,0.04967907885317706,0.015688130164161176,0.03880173261019911,0.029817153811621106,0.06688384959778691,0.0751768402916803,0.2316941481939844
8839339706,0.1693844865868307,0.055515111806743594,0.056376563656438436,0.02961695725500188,0.048490032638105286,0.02111770344216746,0.05241509846030648,0.04326672247904003,0.037758283890850404,0.049806476661934745,0.021785025297564882,0.04975794416336039,0.028676640095123693,0.06341377594972034,0.05967677355949477,0.21294240405731688
8839350484,0.12119778206481514,0.04714325580266686,0.04904815637171041,0.026595809218748104,0.03474926897924022,0.015378735485749643,0.08665477620451595,0.05088632475521421,0.045663014596148944,0.046506266758878416,0.0168104441936932,0.0325895727926813,0.028148849173127558,0.04389157839818488,0.10816680619760008,0.2465693590070251
945742711,0.12959613251935356,0.06687877515423625,0.03430881703758735,0.02121623222110964,0.026771967225470247,0.012742659646629413,0.03899781431355449,0.027229561678348783,0.019579659119049925,0.0358754051056774,0.010648492091691159,0.02916760877289318,0.018018454515111384,0.04719144675215608,0.06325032031611702,0.41852665353101415
946553486,0.13243321812720046,0.05303250535654683,0.043229217136643086,0.023509587949653844,0.04000452210988728,0.0156012791110824,0.05276871561312274,0.03234923608643691,0.023197347028866132,0.041420373181734985,0.01535902322426435,0.0410758314760382,0.02320811395716916,0.06004715914596725,0.06940900330544697,0.3333548671899394
946558196,0.1381289231995004,0.06839691204496269,0.042518599868643474,0.024850070523380386,0.042174058162946684,0.013916254831659076,0.05966493319120988,0.031342528290104116,0.022723602183533056,0.04981319379394253,0.01288262971456873,0.04167339599685606,0.023218880885472186,0.0622759133046933,0.07425412104180798,0.2921659829667195
946578990,0.18068520731720447,0.07014115443005264,0.053570851771698055,0.029544451263499038,0.043078480140400735,0.020871690515412857,0.04683075465400476,0.03710283493222219,0.036795977475585995,0.050227720533608966,0.019391237873747,0.04127501964964416,0.028220119082227036,0.056671727122969084,0.06543062329747946,0.22016214994024355
946619662,0.1655415226590006,0.10856832154354684,0.04573252796709626,0.029092240274772006,0.03337747773937574,0.014836827201567662,0.04922101273727617,0.030045113429589675,0.021776112492866914,0.05231650462439571,0.011542147140842188,0.035460878366010966,0.02080708894559471,0.058835879711877,0.08054739063492576,0.24229895453126174
9554397299,0.11112550560665603,0.07459947316146305,0.05931251889277541,0.023981229577809446,0.03179024341091966,0.013905082696376905,0.07495213830231319,0.030919376430452995,0.02067049560248161,0.0602841473420564,0.010450403765600035,0.03377668379611636,0.02105914698219401,0.10339566149904277,0.07549193188524707,0.25428596104849505
9554758187,0.14183274653574082,0.08366441637865132,0.03634376648685896,0.02802631437277259,0.03288219903743661,0.015536677541264253,0.041350388147765316,0.03555778072073818,0.028914585957772108,0.05107292440539638,0.013167953314598878,0.03547164529431398,0.027094975074560976,0.0712609149735672,0.0752769792305953,0.2825457325279671
9554791105,0.1574757812612457,0.07386535388867298,0.05504455096371148,0.028069266312562083,0.04170805084135826,0.0166688258409984,0.05893106476083545,0.033409624159721325,0.02792532135711304,0.05730448676426135,0.014610412978077185,0.041556908638136776,0.024924069036000637,0.06342934461861784,0.07244029882972752,0.23263663974896
9554979731,0.18006794201897194,0.08537375307682342,0.05168343625397648,0.02814843603805905,0.03379107829166127,0.017438931352650747,0.04791207842121172,0.03730333520461775,0.03276187186020066,0.04215428020325028,0.01821623411207554,0.03384145902606842,0.027939715852657945,0.0557570784931842,0.0856040650055419,0.22200630478904868
9555237605,0.15272887797840154,0.057323126285302076,0.07493243752489853,0.02473163431204712,0.04296542739321898,0.0184222143264748,0.07039417724517373,0.03286066518083056,0.027703306523681855,0.06483305877666161,0.017383205745232944,0.0446450682084908,0.024295573715774628,0.08052047331416819,0.0617860180669057,0.20447473540273692
9555642369,0.14566509766665228,0.0779965741100603,0.03359675260180507,0.02268572497876812,0.03744008291229434,0.011580371665874969,0.04531387197535662,0.02624836262613177,0.01952613320666177,0.04233421139756157,0.010565559729959264,0.03578471592463042,0.023671747923594017,0.053245239020598516,0.09236228066387416,0.32198327359617684
9555654399,0.12883793237465993,0.07469303738250492,0.03415813792805631,0.021699702033942225,0.04026860128686789,0.011767500107958715,0.04980495458536656,0.026435491068215515,0.01851132127074606,0.04741546832491255,0.00983863770494163,0.03981517467720344,0.022548977271091536,0.058053000532596336,0.08234371176462121,0.3338083516863152
9555665573,0.1317096342358682,0.07684501446646802,0.036929078320450254,0.02208115616588217,0.03895870219228168,0.012775114796101971,0.0500064775229952,0.02760864245512516,0.019418174490074998,0.049063638064804016,0.01004016064257028,0.03877877099797038,0.022491399288911917,0.06065120697845144,0.08186149616386694,0.32078133321817737
9556030917,0.12724014336917566,0.07077773459429114,0.03833973888385082,0.02075686257575103,0.03392782599933785,0.013178160671359272,0.04791927566898418,0.029026500266298168,0.020634509363619352,0.04697643621079299,0.010997394596306371,0.03509378013847505,0.021786069007211643,0.06826589512170544,0.07918411999251486,0.33589555354032613
9557333658,0.1561442904233421,0.07264901901512862,0.06076636294281066,0.033560766362942814,0.035518417757049704,0.018338587324207224,0.058700752832117,0.03982237192497589,0.027450303004131215,0.0571317528177225,0.01491269738452016,0.04223344992874725,0.0247801240805516,0.0719796749722906,0.061003872119301576,0.22500755711016107
9557411120,0.1515740380878352,0.05888788127420075,0.055274862892429937,0.02521915619467116,0.04382404168645909,0.01986440385196701,0.05179859221833571,0.034172532423601215,0.03112089936808165,0.05025838119503102,0.01824502310316535,0.04482445912682989,0.023535000215917437,0.061442904233421136,0.05851362439003325,0.2714441997380202
9557820464,0.14393775820126384,0.049164399533618335,0.05192094543046738,0.02495285802709044,0.04997049128413295,0.019324610269033118,0.04995609678858804,0.0360870003310734,0.03220768378172187,0.05667832620805804,0.016949518504124024,0.051618661024024404,0.023434238747103108,0.07066257862993193,0.04741546832491255,0.2757193649148565
9558072356,0.1462794879248899,0.0574254121041808,0.05340396438300117,0.026082883814076682,0.04532338469158134,0.0186429363566868,0.07343045102662661,0.032898349429891144,0.025619905897046637,0.05497593591524274,0.016457249911172842,0.03983225125703888,0.021797646349472958,0.06630812795417597,0.0762460027778675,0.24527601020704806
9558142764,0.12441162499460208,0.08355284939039312,0.03639648198528882,0.02508240848699457,0.03106332138590203,0.013984252421873877,0.04457975270256654,0.033762289300571464,0.02539189014121,0.054893408760489995,0.011450821205970838,0.033179312231002865,0.02288724791639677,0.0741028630651639,0.0736206474644096,0.3116408285471636
9558757600,0.1294568956830908,0.06521426206618589,0.043089922413669005,0.022275481855738362,0.037656000345467885,0.013278922140173595,0.05250392250003599,0.028407536957867314,0.0204329864259907,0.05012163348735443,0.01094701386189921,0.038303752644988566,0.022520188280001727,0.0692447208187589,0.07400929884412201,0.32253746167465563
