11345647513,0.17517198704182288,0.09079823827030176,0.0529671556315898,0.026407745786772463,0.034276077118140236,0.0160035914048945,0.052864024072119285,0.03419114524563511,0.02682027202465451,0.042095875950933635,0.015196738616095802,0.03542872395928124,0.0231439352576469,0.05133525036702702,0.08933619675074923,0.23396304250233566
11370126356,0.16334219051432314,0.09295793445686068,0.04409177495480411,0.031345927516713376,0.03542265739695944,0.01710770574746114,0.04541428554095536,0.03713342797170555,0.028191315109380118,0.05155971317293343,0.013558766789211226,0.04024557444278625,0.023623193681068685,0.057893204236887125,0.07067545104890864,0.2474368774190417
12496565503,0.1481879178344799,0.07637195306907389,0.041835013771096476,0.022282483407952046,0.048083572962545035,0.01211492495662408,0.0473313192346425,0.02509130176294301,0.01925526880937648,0.04002717819920164,0.01105327655031,0.047567915165192494,0.0209599728218008,0.0574624783120397,0.07301714410512139,0.3093582790376005
12496722755,0.13927007122144167,0.09121076450818377,0.03505866365765176,0.023890122423227654,0.027542192940948083,0.011981460585544595,0.041762215023234926,0.029908152246448026,0.020911440323226442,0.03505866365765176,0.011010810614057438,0.028719106031376264,0.01961319598636237,0.05500552057171283,0.08131620136133659,0.3477414188475958
12496887265,0.14307987235952874,0.0774942670986059,0.03755808733423118,0.022992271199602038,0.02964729006661085,0.00896031254929082,0.04646380082262585,0.02445431271915456,0.017823560101432923,0.033827151506327424,0.007928996954585715,0.030812070032395444,0.018011623533408558,0.044831895558063065,0.0695592035816984,0.38655528458243854
12496940295,0.16436743954670646,0.07973889515766995,0.05398027153932952,0.02446037928147636,0.04247806937720671,0.01443235176354967,0.054398864339533365,0.029623023817323683,0.02509130176294301,0.04613013989492714,0.0138196289690484,0.04324852279207464,0.02206408716436744,0.062370327230371635,0.07366626627355342,0.25013043108991856
12497053754,0.14613741976971328,0.0605806913454422,0.0595372426260935,0.015645664227908612,0.06794549800410099,0.007352673534015214,0.0799269585896456,0.013443502105097123,0.009324306288598502,0.05678908989432049,0.006964413545420352,0.06500321527803055,0.018005556971086766,0.08189859134422886,0.05543624649656026,0.2560089299797377
12497065235,0.16507116077603465,0.09003385141775562,0.04036083912690035,0.02463024302648661,0.032765503100013346,0.0140501583372766,0.04579647896722843,0.031236729394921076,0.0251034348875866,0.042787464055618236,0.013498101165993278,0.03771581795459785,0.023592860869459716,0.057947803297783276,0.08003615671143789,0.27537339691090645
12497092273,0.14889163906380806,0.08292384037661217,0.037673352018345284,0.02241594777903153,0.02564942549654813,0.009257574103058759,0.04919375386743348,0.024187383976995595,0.017793227289823948,0.04148921971875417,0.007941130079229307,0.029817153811621106,0.019473665052961088,0.04852643201203606,0.0742729225057329,0.3604933328480083
12497114985,0.16378504956381418,0.07439425375216879,0.05289435688372826,0.02572222424440966,0.04795010859146556,0.016355452019558597,0.055351314624055126,0.035131462405513285,0.028773705092272405,0.049594146980671924,0.015396935172715029,0.04886009293973477,0.021712226549703343,0.06338344313811135,0.05933097950715247,0.2413642485349252
12497128795,0.14235188488091338,0.08837161334158386,0.043145391232604136,0.02214901903687257,0.04162268408983365,0.011211007170676664,0.050619396013055235,0.024618109901843026,0.017623363544813697,0.042732864994722085,0.009930962520777976,0.041677283150729806,0.019473665052961088,0.06187893568230625,0.07975102828231355,0.30284279110399304
12497216703,0.14668947694099665,0.08724323274973003,0.041713682524660574,0.023083269634428957,0.04189567939431442,0.011732731530351013,0.05561217680389231,0.028160982297771142,0.020911440323226442,0.04708259017944892,0.010695349373324113,0.04255693468739005,0.02000145597495723,0.05981023793057425,0.07476431405379827,0.2880464456011357
12497234034,0.14467537825016075,0.0914170276271248,0.04726458704910275,0.01841808320896881,0.050212936337495,0.009439570972712601,0.06733277520959972,0.018357417585750855,0.013018842742571495,0.05364054404930902,0.008044261638699814,0.049806476661934745,0.01902473944114828,0.0752071731032893,0.07892597580654945,0.25521421031558256
12497260794,0.13228139142673412,0.07591089433261748,0.03166138875744671,0.020978172508766185,0.036842232980259404,0.008650917870879288,0.045474951164173306,0.02065664470571106,0.014165423021390696,0.03473106929227484,0.007850131644402382,0.03814047731712348,0.017368567927298316,0.047573981727514286,0.07423652313180212,0.3934772321916063
12497291294,0.1338040985695046,0.08858394302284665,0.036023247066817116,0.025127701136873775,0.03215884686783387,0.011120008735849743,0.0472160545505284,0.03357235588881204,0.026686807653575024,0.0384680716825004,0.010822747182081802,0.031157864084737745,0.023811257113044326,0.05763234205704995,0.08761329305135952,0.316201361336585
12497320934,0.15743335881289508,0.07660248243730207,0.05142018223953215,0.023683859304286632,0.04262366687292978,0.01334643710794841,0.05779613923973841,0.02859777478494037,0.020674844392676445,0.04074303255317342,0.012248389327703564,0.043381987163154126,0.01958892973707519,0.05832393016173455,0.07391499532874701,0.2796199905361628
12497387424,0.12949077275870854,0.08153459760492118,0.03405768087455562,0.02240988121670974,0.028834370715490363,0.009257574103058759,0.04367318215460028,0.026547276720173745,0.01765369635642267,0.03647217267862993,0.008110993824239555,0.029580557881071112,0.018132954779844453,0.051304917555418036,0.08300270568679552,0.3799366650893605
1427900367,0.15781625160158058,0.10091841898424797,0.06579131539563078,0.028015547444469567,0.025808327142349558,0.019294335519019774,0.05649407280596919,0.038260279724797314,0.029840541791832206,0.05686553183242352,0.01658645305080914,0.02943139851631728,0.021302367647533838,0.07092714019617344,0.0781840498724119,0.20446396847443396
1427900533,0.17433224963345445,0.14045069165551094,0.028662268120099445,0.029435201121948106,0.0217935232995474,0.014311213106393827,0.029291770255625682,0.03368234844138458,0.02167399757761204,0.03312456173901957,0.011410722254095748,0.0244469943265124,0.01923567285013068,0.03815261044176708,0.09278383374768916,0.2872123414292089
1428779394,0.11551762605979475,0.07542515741980267,0.04953765680003967,0.02126406862015965,0.02054514353711141,0.009469978680152707,0.06633943180127919,0.02684193564380981,0.017948336556100945,0.05576007734642272,0.008602310476473795,0.021890029252813727,0.01698150627200159,0.06076776240765532,0.07383236650304925,0.3592766126233328
1428779914,0.14268903571274344,0.09281750658548173,0.06429481366325517,0.023286695167767844,0.03217709547868895,0.01062313771213888,0.07361165090469406,0.02649306905039513,0.01901692792676081,0.062146435203178314,0.009306041369780195,0.03245239020598524,0.0205715334456104,0.07763311309755148,0.0888986051733817,0.22398194930258666
1428780040,0.13748829096547047,0.06758939242223586,0.05245647469233503,0.022056052628745545,0.0467607696200351,0.015472075971446106,0.06446698321435876,0.03399657611679964,0.023671091874199208,0.05385079190757669,0.01360401391087137,0.04629779170300505,0.021130096794685443,0.07053414731311304,0.06481690838420708,0.2658085424809156
1593561917,0.14495821122327146,0.11279954653448628,0.03214660443576106,0.035077245920619414,0.022480311636938144,0.01522003931642486,0.041891288879240686,0.04079983598055887,0.0227757878360288,0.04986311612817637,0.00909343078017777,0.028751643209474532,0.022528552649034576,0.057081177563105275,0.07779466213201153,0.2867385457746904
1593577773,0.15997322623828647,0.1742224151862706,0.04939879638674819,0.022733576950444416,0.008846195593183545,0.006789922452573055,0.046100317184654536,0.02058685191215312,0.009593931280678269,0.045461123774376784,0.004359781468215202,0.011228095565444964,0.009364786473220208,0.047662119951276574,0.12259247199006235,0.2610863875924117
1593625299,0.1553842999626132,0.1308055042994802,0.04091440838428789,0.029047119408565195,0.017107468914697832,0.011662264674312866,0.040136522064232905,0.03604206616254809,0.021816997720612175,0.044737508592930283,0.008791924454575058,0.020219014194917808,0.018072289156626502,0.055682188212308685,0.08098459905688819,0.2885958247404031
1593637477,0.14818432890722047,0.11483772929556063,0.06558365594510172,0.02015268280328521,0.013664266676314868,0.006434144988361856,0.06742284453127827,0.02114162355126211,0.014357731225201103,0.058359564383660766,0.004980884498956788,0.015274310455033347,0.016034106395552174,0.07127006524596886,0.09903276770746647,0.2632692933897753
1593638721,0.08251625119094999,0.11466285562671105,0.04413449594172486,0.013567784652122002,0.016058226901600397,0.00761001965821243,0.06892434603277976,0.01928434458554941,0.010685384179360085,0.049073169555097274,0.006699470554892242,0.017372794481228214,0.011143673794276205,0.102982500572862,0.07614240746770867,0.35914227480492533
1593640601,0.11799148546136498,0.05319777608934236,0.05235355837765476,0.022817998721613175,0.02158182278664206,0.014900442611285985,0.06531833037857135,0.04111943268569775,0.02333658960164984,0.030741584958452424,0.014502454261490404,0.024325530349626732,0.017945656499873366,0.04765005969825248,0.08357152333055948,0.3686457541879229
1593676427,0.17351333043015435,0.0943291237238109,0.04870687569555329,0.03305995064595732,0.028808003096724245,0.012157061982871243,0.056829728552765274,0.033949049208883725,0.029297914549765325,0.05766439250979824,0.012253834615570716,0.030096288769535975,0.029648715343300918,0.05122296414573958,0.10074031064015096,0.20772245608941792
1593702245,0.11883570317305255,0.1665581243894497,0.03299082214744865,0.02653255665303858,0.008038158640568277,0.006771832073036893,0.040860137245679405,0.024590855916157117,0.010414028486317643,0.07673938999240205,0.003135665786268196,0.011969801126427631,0.012542663145072784,0.0755755755755756,0.09706694646453681,0.2873777391849681
1594456014,0.09495037205880581,0.07127006524596886,0.04515961744877407,0.0169265651193362,0.0208401172256594,0.010474329751438185,0.050713363966376004,0.02616471893580327,0.013230097567446966,0.04580484098556388,0.007423085736338748,0.021702425316883146,0.01222306643993391,0.0693826356476959,0.07320573585633827,0.4205289626976374
1594465288,0.1552817878119083,0.11690003256268315,0.05519977809134435,0.027738581955449426,0.020592882038665168,0.0102090041849078,0.06492034202877577,0.024856181482687503,0.018132590421747048,0.06736857339266976,0.007941676616375409,0.02202805214853408,0.021226045322430862,0.0694610272923526,0.09836342366462847,0.21978002098484026
1594470000,0.08461473521714485,0.04777066222849356,0.017794903337072013,0.020556701279592846,0.0315616821640918,0.011656234547800813,0.032900370249767844,0.031977760893423544,0.02933053535463174,0.0471314688182158,0.00942508773834075,0.03429935960056442,0.027388834617750282,0.08334840864961347,0.06430526912454623,0.42593798617895
1594488068,0.10804780684298756,0.07376050749544726,0.027599889045672173,0.01965821242929677,0.02374663820446953,0.012458241373904024,0.029004908522980807,0.027358683985190008,0.020182833435845485,0.030572741416114914,0.011475330752439186,0.024639096928253557,0.01868736206085604,0.056423893773291364,0.08080369526152657,0.4355801584717247
1594509232,0.12592110182471627,0.11810002773858196,0.03752547728451343,0.022450161004377876,0.021660214431298768,0.01143914999336686,0.03926215371998505,0.02704511740656319,0.014460243375906024,0.04321188658538056,0.007718561935429405,0.02468130781383793,0.012373819602735266,0.05268521533581774,0.06544496303532447,0.3760205989121652
218441561,0.1767796260570985,0.03925672478433371,0.08663657651755056,0.021706159987381554,0.06472415341122799,0.025036702702046856,0.05321588468678338,0.030387410669869813,0.02762105825113141,0.051219985682912916,0.02543709581528531,0.06382630218760238,0.020790109076790547,0.08632111527681724,0.03958431914971063,0.1874567757434572
218441624,0.15543139324670285,0.08621798371734672,0.03249857435785438,0.028282313544207037,0.03280190247394412,0.01616132202526117,0.04092502942282726,0.03643577330469916,0.026777806088401947,0.035392324585350465,0.015663863914873996,0.03376648588310948,0.02756645919023526,0.04566908115847074,0.09790218274912338,0.28850750433759204
218442238,0.11770486200119627,0.057665311702738,0.04058788344868837,0.023400593254476874,0.042302950403437456,0.014990051390974231,0.047197910181760484,0.036626750161741196,0.021960181150132443,0.03375202939417244,0.01330550164182566,0.04077098668229148,0.018365254330391483,0.05811086290450556,0.06918250509637333,0.3640763662552947
218442505,0.14769652628641455,0.0314308593892185,0.07659641587498028,0.02235528215581359,0.04556594959900023,0.031182130334024918,0.03280190247394412,0.0364964389279171,0.02987781943483905,0.03138839345296594,0.030144748176998026,0.04510489086254383,0.020589912520171318,0.08321503536805834,0.045717613657045096,0.2898360814860651
218442543,0.16739127764882158,0.09469068936295641,0.04289328568095009,0.029408152487626345,0.02043648600518281,0.014786976652788525,0.03726833941269666,0.038244722007295236,0.029451137884872827,0.031907446298957295,0.012975449197401227,0.02226029500264053,0.02365425002763347,0.047050587671788074,0.10216400771280842,0.2854168969455805
218442599,0.17872706631999122,0.0774526678141136,0.06192551360457025,0.029101207260653555,0.03381306380537347,0.020794423896192675,0.04578801528301656,0.040288814833803296,0.03659623295614067,0.054290108763320764,0.019628666642252903,0.035332820644279235,0.02544524602971155,0.06928626359541509,0.06727212802578092,0.20425776052538425
218442851,0.1295211055703175,0.052645627828534686,0.03669056892221454,0.02017738628228928,0.028779771654594208,0.014359553015688132,0.0327048374767954,0.0270629345175263,0.02725099794950193,0.03215278030551208,0.01366796491100353,0.025801089554593,0.021505963430762325,0.038989796042174736,0.04372778121549643,0.4549618413229959
218443475,0.14905543624649656,0.04956988073138476,0.053701209672526964,0.029259030078015995,0.037188027032601705,0.017969157597155994,0.06357757313240879,0.051747776604909056,0.03211638093158131,0.03635690799451583,0.020929640010191826,0.040658100680668295,0.028397578228321136,0.05148691442507189,0.05802060204564481,0.2799657845885051
218443542,0.15940499156747834,0.0876314927383249,0.06884941579004841,0.025042769264368648,0.020723376891250804,0.011556801223018965,0.07406059282447007,0.029695822565185208,0.02318640119389946,0.06959560295562917,0.011508268724444607,0.028664506970480105,0.023671726179643044,0.080861209187202,0.08521093437192881,0.20033608755262744
2447456907,0.1642218420509834,0.08424635096276342,0.0428420631165144,0.029762554750724955,0.028294446668850625,0.019455465365995704,0.03599291425520815,0.038995862604496535,0.029896019121804437,0.03790388138657348,0.01724117011854063,0.02968975600286342,0.02363532680571228,0.0555029786821,0.07743966803770976,0.2848797000691588
2463745419,0.2124038321962549,0.10233101079014854,0.045555716843276715,0.02600159674843954,0.021749649199206463,0.018997677456815208,0.030338220351284657,0.03447525039918712,0.03165674747181497,0.0277979387429235,0.019396864566700537,0.02344317027144724,0.02537257463589297,0.04752745923452848,0.09950041128368896,0.23345187980839016
2463748497,0.16393211035095154,0.10926116526407137,0.03333938770156001,0.029605860628443424,0.03092773102460092,0.01838509818167141,0.037981070008677925,0.040811487154648746,0.038470464773667536,0.04428770357813162,0.017759480131581604,0.03311739419991524,0.030468608100744688,0.04472159996771004,0.108630501907126,0.21830033702649795
2463752189,0.18847846475723248,0.07812687877257532,0.043449246086140966,0.03276579371377727,0.028364956833321305,0.021613399706610883,0.03359545968304355,0.04528894019190535,0.04310655796840055,0.03313854219272299,0.0224069932424308,0.030817882307673808,0.033944159873025036,0.046701777168554455,0.0837301301012433,0.2344708174013419
2463754369,0.1825797164561862,0.07269439202593507,0.04188440509024048,0.030380558378090675,0.04187835680069677,0.023673005274108483,0.03607199883872841,0.04224125417331978,0.04140054192674312,0.038267527943097686,0.024550007257947454,0.04282188996951662,0.031602312865921516,0.04536821986742149,0.07717012628828568,0.22741568684376054
2463764943,0.17460143604721914,0.08521358159912376,0.03745892661555312,0.02676767676767677,0.04261287574540586,0.021619812583668,0.03656443957648777,0.036680053547523433,0.03276743336984301,0.037994401849823535,0.020786175003042476,0.04336740903005963,0.026901545576244367,0.04677497870268955,0.08372276986734818,0.2461664841182913
2463774021,0.16234072090832466,0.06608532897020179,0.05598938965739501,0.028484307600773463,0.042292627299320734,0.019745649263721552,0.05244434528236402,0.04035276910109574,0.033845257573503894,0.048515047845703804,0.019553522732906937,0.04435024046804502,0.025521840448212603,0.05836308195745948,0.07458847736625514,0.2275273935247161
2463787037,0.18619221631269825,0.04989929688724869,0.05724399097893074,0.028335564480142794,0.0496882424593268,0.02850440802248031,0.04182495748760809,0.043742537718441325,0.04302495266350688,0.03949732865395516,0.028649131058769605,0.05601384517047168,0.029240083456950925,0.06475149848643824,0.051599792563647995,0.20179215359938246
2463789333,0.18801489947706232,0.06992926388332787,0.04626967082832842,0.03007801599145828,0.04125869035052597,0.029089166333005737,0.03254104029410694,0.04489862774360281,0.04234460500612723,0.034276077118140236,0.028828304153168567,0.0438794452735413,0.030520875040949295,0.05095305694075395,0.06705977990511897,0.2200584816607821
2463791517,0.18381309669816992,0.0665295914195705,0.04439915350022846,0.03128081187023543,0.04158550369141235,0.03128081187023543,0.03192410360002885,0.04718875502008032,0.04246927831084818,0.031671596565904334,0.030727701224057907,0.04617271481134117,0.030036312916336006,0.049996392756655364,0.06773200586778251,0.22319216987711324
2463793937,0.2009317758840239,0.07872955235576451,0.045168478793221674,0.034877314134587126,0.026330933490057797,0.02488612988539524,0.028767509060632777,0.04762954256048585,0.044427710843373484,0.029826623567440494,0.02458002742678029,0.02748187873445,0.03256930159663043,0.04529091977666765,0.0823293172690763,0.2261729846214125
2464582312,0.19998311564576626,0.11965580037869195,0.03441393200429345,0.027883304991738727,0.021744636202467527,0.014399942110785484,0.0332079067018826,0.03374458796145542,0.02865516118528167,0.032007911525983805,0.014062255026110448,0.025067235910609404,0.026707430321888152,0.03739281450124824,0.10919353088027786,0.24188043465151896
2464598498,0.17135003428347534,0.06902610441767068,0.04376040748359291,0.024984082672152026,0.05075178763835831,0.02022112841610344,0.04216255264962288,0.033897786267019295,0.028173670290919776,0.03812812224507788,0.020863943579194827,0.05134562640807131,0.02622073660495641,0.052937359192869037,0.07093006171025566,0.2552465961406602
2464599776,0.16069716934202066,0.08501073781530956,0.035956514881277366,0.02239774809206615,0.04109489316783752,0.017623363544813697,0.0398451813295478,0.029101299457649325,0.02747546075540834,0.03879566604787731,0.018054089469661118,0.04184108033341826,0.02554629393707761,0.04643953457333867,0.09789004962447981,0.2722309176282168
2464609084,0.16746616094005656,0.07942882641677822,0.04770935594228767,0.030579106549655413,0.028564876791115083,0.018592890078833853,0.039918934999256285,0.03950369378749566,0.02961847389558233,0.0349670286082602,0.01854330903862363,0.029816798056423226,0.025081808716346868,0.04941990182954038,0.08731221181020378,0.2734766225395409
2464615440,0.18371357771511576,0.07628691056017382,0.045977221957739775,0.030627067540679436,0.03766433515215879,0.02732510589470344,0.035802785610527216,0.04191233017175083,0.035869923462848355,0.038189231088487686,0.025518487323152792,0.04218698502215549,0.02764858827406892,0.052526214279610836,0.06983557329622442,0.2289156626506024
2517655296,0.14881277375362478,0.07566216527742389,0.035095063031582524,0.025564493624043,0.04550528397578228,0.01688324294155474,0.039778449144008056,0.03254104029410694,0.023004404324245626,0.03714556109634914,0.013643698661716351,0.04893289168759631,0.022913405889418703,0.05522391681529745,0.06548854026377413,0.3138050692194761
2685896883,0.12495558642075005,0.08952162537549663,0.033684335196011925,0.023897197368562724,0.028273953723742157,0.012010508522023752,0.036935947543525305,0.027531035670833467,0.017264769533899674,0.03712436878882824,0.008435888325419642,0.03116487397310421,0.01546130904314308,0.04483348945379372,0.05687629876072655,0.4120288123001389
2685906651,0.17080655059917954,0.095631857187463,0.039821484328735855,0.03406117768661778,0.03714590264543429,0.02152308967774584,0.03816337737007009,0.0404136653854022,0.028871518244560013,0.04602861849542944,0.016145008990385134,0.042104073128977036,0.023967182402532386,0.05569732011154537,0.07189078027929413,0.2377283934666279
2685907307,0.16496716030789824,0.07270749665327977,0.04221050870147256,0.027563378514056224,0.033833249665327976,0.01960445950468541,0.03829380020080321,0.03731593038821954,0.03295473560910308,0.04007697456492637,0.019478957496653283,0.03800619143239625,0.028164742302543507,0.05165453480589023,0.07211136211512717,0.28105651773761714
2685907715,0.15943129084703425,0.11113623394381816,0.0331406053167092,0.032575341580800415,0.024290190251623114,0.017367055352778406,0.034174230433799545,0.03871787417767585,0.02536688308192556,0.03883092692485761,0.013173336778750391,0.030610377165498456,0.02368185880250224,0.05186967709982019,0.08074119534438019,0.2848929228980264
2685911327,0.16535310141369766,0.08703446493749799,0.0410758314760382,0.03246228883361866,0.037942655339858085,0.020521765345564564,0.03673137590576785,0.040424432313705225,0.028893052101166057,0.041091981868492736,0.016516468016839474,0.04108659840434122,0.023816445406290042,0.05298405417918322,0.0679177837354781,0.2661477007224609
2685913455,0.12722202482853667,0.08674914133746782,0.03330210924125456,0.030884933837225573,0.03202084477319465,0.01800768758680836,0.03744199317376746,0.040715139377886886,0.02226062426650301,0.0481281695145192,0.011461395178569506,0.03951462687209966,0.020091088213443586,0.06996888357720427,0.05777533727402909,0.3244560009474897
2686709276,0.15266796352074966,0.07354940595716199,0.042984437751004016,0.022543298192771084,0.05287295013386881,0.023991800535475238,0.03981551204819277,0.029649849397590362,0.02666394745649264,0.0470632530120482,0.01947372824631861,0.05495419176706828,0.024891231593038826,0.06446619812583668,0.0704066265060241,0.2540056057563588
2686712866,0.18033528214735614,0.12353973534890232,0.03290373289404266,0.03400734304510266,0.026642764085833957,0.016925611292354405,0.03332902656201212,0.03703284989825253,0.028946886742681182,0.04047288349106883,0.013189487171204928,0.03146634796558889,0.025808327142349558,0.0436329769480065,0.0980974837688556,0.2336692614963877
2686714982,0.16485782271175856,0.12117101112223695,0.027918645089742348,0.029781323686165574,0.021808413277775985,0.013873187118446978,0.03171937078070997,0.03256457465249739,0.021986067594775886,0.036413751520828624,0.0101370629972975,0.0254314846517437,0.02359033991192653,0.044149789506551684,0.11096396309096976,0.2836331922865726
2686716842,0.12188701185438805,0.0840897100466208,0.03542319411695038,0.02949061662198392,0.02912454105968108,0.012220463623932728,0.05074991655630565,0.036607556230283056,0.017345521496172356,0.049893945756215204,0.007816789947995737,0.0323061683732248,0.01924588434165617,0.06634581220323656,0.07158392282265792,0.3358689449486956
2686717340,0.1481690838420707,0.08953777576795116,0.03591847281888949,0.03114872358064968,0.03718897035864639,0.017873100983020553,0.04191565188367409,0.04028984570991741,0.02560913896874361,0.04109736533264425,0.01305490056741712,0.04117273383076542,0.022890489572229937,0.055471214617181866,0.0784532230799875,0.2802093090862108
2686723074,0.18643323293172687,0.07996046686746988,0.04864248661311914,0.02506902610441767,0.04910788989290495,0.020336554551539487,0.04416624832663989,0.033461972891566265,0.03201347054886212,0.04249811746987952,0.01951033299866131,0.0483705655957162,0.026005061914323963,0.05490189926372156,0.07296895917001339,0.21655371485943772
2686725548,0.13030136632320166,0.060354016602603436,0.031536332999558554,0.022680534470320958,0.024650882349774438,0.016128858597930597,0.025506853149864873,0.030895700765528607,0.02750950181422742,0.026701982191500585,0.015062932695931178,0.02636820741410683,0.0210654952248673,0.03479332881122345,0.05851287186278626,0.44793113472657387
2686727136,0.14219882209804366,0.08918246713395135,0.04462353435188475,0.02501157444792575,0.037899587626646,0.014939113020446397,0.05437837139442488,0.03475564456216286,0.026567395587712785,0.05311864078297102,0.013528645412750196,0.04168954638931059,0.023321166704350915,0.06335798959914726,0.07887313328380545,0.2565543676044661
2686728102,0.12756118307008193,0.04691150661627744,0.053710821839637365,0.020015719715322417,0.07044262842253733,0.01715710025086943,0.07965373558577475,0.028613111965287426,0.02107087868901881,0.05872282696469524,0.013103351744780731,0.06656653423344853,0.021646909353230617,0.0807788795934408,0.05273641482821366,0.24130839712738356
2718956990,0.033533533533533534,0.044399821508255236,0.015039135521063231,0.02083408709914734,0.01112558341474004,0.0057406804394756214,0.041481240276421,0.03539684262575829,0.005155758167806361,0.03100088039847076,0.001682405296863128,0.014237128694960018,0.0074954472544833985,0.0658911923972165,0.04202395166250588,0.6249623117092996
2735188949,0.16964632724446171,0.09267568808960179,0.050059475438410536,0.028571765066129625,0.03282926427116089,0.02008032128514056,0.037964173409179236,0.038800362741287724,0.034154212156544066,0.04568420308801186,0.017954516011259112,0.035367275553828216,0.024962018160619017,0.060953491384894413,0.08055683143129702,0.22974007466817414
2736291534,0.14895506960819146,0.08891329392637574,0.04528570044252075,0.026497410553743123,0.022136804591018227,0.014400766605295176,0.04792898134091325,0.031735521173164506,0.02503849176868331,0.044655835136793824,0.013221787956114,0.02542071772344068,0.02323503127792672,0.06125305511590597,0.10106377251633883,0.2802577602635744
2837147288,0.12604422859396242,0.05244751616284258,0.0441092535516744,0.0278115044155952,0.04535454479416374,0.017122754584228385,0.05479800338304121,0.041789898612538005,0.02614592737876571,0.04270830090387389,0.015846331060676816,0.046776252296005724,0.026415740481305062,0.06324004026441685,0.06774903230493033,0.3016406712119797
2898278335,0.11871049151287932,0.07575923027457261,0.036672369235249164,0.01809048884359189,0.030199347237894174,0.012964243681675341,0.04651233332120021,0.027469394193086544,0.017429233550516263,0.04170761596233878,0.01096227811548308,0.03170992125602106,0.01543940110896759,0.06697484803261385,0.07073005010980478,0.3786687535641053
2898280373,0.1651136267122872,0.10350161977213992,0.05869399046336402,0.029004234460500614,0.02813671604848397,0.01479634550285735,0.06958346983098557,0.03396061587740691,0.029817153811621106,0.08107960543078657,0.012327254637886895,0.030975867215083892,0.023465463060702026,0.06904354578434584,0.08701270338150184,0.16348778801004624
2898308633,0.17235710212451014,0.060817287275992185,0.07628095463424696,0.02465450927577379,0.05299142188087697,0.014984408934832988,0.06476055278515876,0.02961089069268008,0.02509736832526481,0.05067399507395139,0.015160339242165038,0.050394933207148836,0.02206408716436744,0.07293827879493806,0.0664531236729395,0.20076074691515305
2898338603,0.16872323129375508,0.06681105084992538,0.07750640022324949,0.021160169378420024,0.034306409929749204,0.018132954779844453,0.05450199589900386,0.02873123915601985,0.02623181547944042,0.0687584173552215,0.016149188900617575,0.03966925102221575,0.0207294434535726,0.08738276368313133,0.07132457321734065,0.19988109537849286
2898340443,0.16783144663245125,0.08266297819677501,0.06791516519249201,0.020717310328929008,0.035877649571094045,0.017544498234630366,0.05156577973525522,0.028221647920989093,0.026292481102658367,0.06050789259758065,0.015742729225057327,0.04091896286050546,0.018739611012023927,0.07968429609677381,0.08330603380288526,0.2024715174898992
2899117016,0.15780341911452456,0.0657615355682549,0.04971547822710783,0.02708720076681348,0.03656317111345685,0.014905543624649657,0.04503209211468229,0.035750251762336364,0.028458243851539087,0.03562285395357866,0.01438381926497531,0.04062776786905932,0.022961938387993056,0.05361627780002184,0.05805093485725379,0.313659471723753
2899133600,0.16370011769130904,0.06571906963200233,0.05906405076499351,0.0246423761511302,0.05046773195501037,0.018187553840740604,0.06132687851102295,0.0337422196338223,0.028725172593698056,0.055593977116926915,0.017508098860699598,0.05108652131183344,0.02460597677719943,0.06708404615440615,0.06727210958638179,0.21127409941882333
2899148700,0.16749171914243074,0.08548392967640957,0.06300124971183829,0.02068697751732004,0.04617260583117971,0.013158373675972774,0.06647132335990487,0.0300537497421711,0.025570560186364798,0.05754134362222304,0.013959159902449678,0.045602348972931,0.020244118467829017,0.06436622623424211,0.08334849973913783,0.19684781421759545
2904231145,0.11633846564505755,0.06533687620572926,0.02463630958880841,0.019570730050109803,0.02328346619104818,0.0111685412344241,0.02520656644705711,0.0231439352576469,0.020310850653368764,0.027991118552760888,0.00883291474053313,0.02236134871813538,0.015870127033815018,0.02683847171161989,0.062145864424465236,0.5069644135454203
2904232819,0.17958237784976766,0.08265691163445321,0.04887222606437836,0.026310680789623755,0.03303849840449411,0.01780536041446754,0.045365753042381,0.035489389582499184,0.030551207852558274,0.038698601050728594,0.01868501195112777,0.03720622671956709,0.02703866826823912,0.0537740084203885,0.08127980198740582,0.24364527596792
2905077484,0.12725221126196629,0.05843919484584865,0.03651463861488249,0.021906356544000773,0.029544158507140345,0.013928827090840704,0.034567272109586385,0.0287919047792378,0.024163117727708416,0.03216491343015568,0.014232155206930441,0.030988000339727487,0.020007522537279027,0.040312306628326,0.05573957461264999,0.4314478457637195
2907636079,0.16176488431065653,0.0792293039226392,0.055490845557456404,0.021766825610599498,0.03400308181365948,0.0140501583372766,0.06266152222181777,0.029902085684126237,0.025164100510804543,0.049976340406945007,0.015318069862531697,0.03716376078331453,0.023447263373736642,0.06413569686601392,0.10213664324973612,0.22378941748868586
2907637389,0.17418920394569212,0.08833521396765309,0.05319161843749621,0.024363314284327642,0.03840133949696065,0.015518266419150925,0.05816619954136789,0.030897001904900568,0.02568582487047889,0.04643346801101688,0.01506327424501632,0.040609568182093936,0.023198534318543053,0.056212766473749995,0.09784151712590544,0.2118928887756464
2907638727,0.17338841771921526,0.07863478081510332,0.056279498659289724,0.02525509894563147,0.04201701064075032,0.015500066732185541,0.04660939831834893,0.032268044989626175,0.028039651051335247,0.04426163869981437,0.014826678314466326,0.040645967556024704,0.02259794464868537,0.058706123588007614,0.07982989359249687,0.2411397857290188
2908480738,0.09957048738761692,0.05996190198861912,0.0328261687232313,0.02881010446620318,0.030733204722212113,0.01187226246375229,0.05141411567721035,0.04198667782914134,0.016494982952959876,0.03950545383952729,0.008535653186765187,0.03184945218942234,0.018503015081473933,0.06006503354808964,0.06952280420776763,0.39834868173600746
3092716777,0.15588897143533922,0.09377456205519127,0.04229787783843148,0.025049258696986338,0.03923468673622103,0.012349666763569021,0.04802050023148896,0.029695188259741375,0.017851567126414506,0.0399722213249782,0.0115475306049937,0.04210945659312855,0.018599868643474703,0.0502869386392756,0.08775584913380062,0.2855658559169654
3092717999,0.15192135835567472,0.09175037953422269,0.04127501964964416,0.026255154666925073,0.037345090819040236,0.015595895646930888,0.04628702477470203,0.033937358011133005,0.02403716743650204,0.046098603529399096,0.012527321080568924,0.04221712587615879,0.021727661315503296,0.06222207866317817,0.07906693799325992,0.267735822647157
3092724249,0.14889046803837333,0.06684109090517566,0.04609322006524758,0.019665794545474118,0.058889714353392124,0.013377908416507857,0.05937422612702822,0.02607750034992517,0.01995111814550427,0.05090065355254799,0.011999741593720728,0.05712932157584761,0.02081785587389773,0.06503763041441907,0.06944130409035608,0.26551245195258244
3093557056,0.14850824208361596,0.08644766734498313,0.04147959128740162,0.02284203839486633,0.03336671081107271,0.01360401391087137,0.04417670682730924,0.028220119082227036,0.023724926515714333,0.038927829279584825,0.01324332181272005,0.035907705890586485,0.02199683452307891,0.04767595852579218,0.08236700151813689,0.3175113321920389
3093560172,0.15453233846915812,0.07387727855120213,0.05013081817888175,0.01883135760198973,0.05948189541005847,0.012279681729599362,0.07228377316235451,0.02205066916459403,0.017044047503687675,0.0579099238778169,0.011402177072902872,0.055325861085091035,0.01936432055298944,0.06672265469384239,0.07345736834738417,0.23530583459844745
3093561204,0.15391324009173424,0.07785027509501816,0.04316999903097645,0.024462461104471502,0.03969766465325107,0.016058873563960938,0.048321974223973635,0.029539067799347524,0.023757227300623403,0.04621165627658085,0.013517878484447172,0.047094544397428856,0.023078910817532862,0.05787223962875631,0.06657191769760006,0.28888206983429693
3093564182,0.16504086049290995,0.06811697190908406,0.045021910699096654,0.024527062674289647,0.04269625418564337,0.016128858597930597,0.045457971295369146,0.03025506853149865,0.02712189239531854,0.04037598113634161,0.0146322555638102,0.043896766691430604,0.023886430440259697,0.052574910903668295,0.06636734605984257,0.29389945842350634
3093566474,0.15241663705761382,0.07850167425735112,0.0458778814991871,0.025350732689471016,0.04742293571067111,0.013857036725992441,0.05429223596800069,0.031288693648588994,0.022255240802351497,0.055923425605908884,0.011310658182327163,0.05202579756021405,0.0225674817231392,0.06560827761447936,0.06944668755450756,0.25185460340019594
3102174199,0.16411490465884987,0.10364783530906467,0.0360476759585258,0.0255176200781679,0.03555239725658667,0.012608073042841608,0.03720512075110092,0.03002896303713513,0.024699333527138042,0.03685519558125262,0.011089936152115162,0.03775961755870667,0.021103179473927883,0.04430052650279402,0.08134952679350108,0.29812009431829195
3102901056,0.1579185374204593,0.0564133208436965,0.056870915296575036,0.023148895851502524,0.06210364245184492,0.014766842167598004,0.06374021555390463,0.030217384282438062,0.02270206832692701,0.05185891017151717,0.014815293344961615,0.06426779504075282,0.02600751531595551,0.06910752931296231,0.05877666160621036,0.22728447301269425
3103006230,0.15153913240091735,0.08964544505098142,0.04271240457809791,0.03059422677304392,0.03302216910537593,0.014933729556294885,0.05059917956006331,0.03961152922682688,0.024177137504441358,0.04230326130258298,0.011687500672933018,0.03658063890952551,0.02024720867383744,0.05246724162063805,0.0739526470493233,0.28592654801511674
3103007040,0.15738019100530806,0.0830345510729244,0.04074744016279595,0.02682580186698537,0.04742293571067111,0.011612132174811848,0.05310249039051649,0.03261840929401251,0.020591750379534226,0.03972996543816015,0.010648492091691159,0.04726143178612573,0.01958504258320144,0.0502869386392756,0.07264446526050583,0.2865079621434801
3103008752,0.15226051659721998,0.06838614511665966,0.053463182488667806,0.02401563357989599,0.03710283493222219,0.016925611292354405,0.052402640050819904,0.034206531218708605,0.027455667172712292,0.043853698978218496,0.016360347556445626,0.04000452210988728,0.022298308515563598,0.0624051164443296,0.06287886128966268,0.2859803826566319
3113303153,0.16525619905897046,0.06136072439893622,0.056843997975817476,0.028882285172863037,0.04303541242718865,0.021969917202321346,0.052596444760274336,0.04308924706870377,0.0380341742304338,0.04758982309936798,0.022874339179775403,0.04688458929551989,0.029743639437104986,0.0632449368519655,0.06870376950159889,0.20989050033915824
336289276,0.14071298599222629,0.0843158155409843,0.033436695845042365,0.022836654930714816,0.01966041108132261,0.012920313963629316,0.03467489259989018,0.030319670101316795,0.0225674817231392,0.03549317915092004,0.012134328197508534,0.02256209825898769,0.018939026885019968,0.05175662435263843,0.08330372428050001,0.37436609709615937
336290206,0.10022395210870293,0.040989696049614006,0.05123981179409327,0.02152308967774584,0.027924028553893858,0.013647081624083466,0.046572348374732175,0.033582049377133195,0.016301129450778988,0.041797215672340834,0.011289124325721114,0.03196162666752802,0.01587045231865801,0.08320143846162127,0.050168502427942324,0.4137084531154107
336290760,0.1224684259827514,0.05226266998288058,0.061263822044209014,0.022879722643926917,0.029517533942741474,0.015482842899749131,0.04985626150715462,0.03310292106764861,0.01808305608492953,0.04442972964243031,0.01373321705050766,0.032440754977012605,0.0158220011412944,0.08106420319347092,0.052241136126274526,0.3553517017130183
336291419,0.11063018831357603,0.04704070975591373,0.05817909708539251,0.022454428975957445,0.02911915759552957,0.015434391722385518,0.048978756850458126,0.034631824886678084,0.018669853677444358,0.04630855863130808,0.012505787223962877,0.03239768726380051,0.017205551428233042,0.09001690407743575,0.05241879044327444,0.3640083120686499
336291787,0.08230239994831874,0.07464711392486836,0.05299482110748625,0.018804440281232168,0.016661821548930304,0.007784489163086663,0.0650107130936615,0.025824477534804092,0.009297242589661595,0.059196571810028326,0.004112966611755332,0.01950967408508027,0.011978207737114678,0.09322006524758553,0.07281673611335422,0.385838259203032
336293060,0.1338975203764118,0.15579745254476352,0.03830334743800941,0.02513539412341053,0.014492285495870885,0.009851739397267354,0.044671985529248365,0.025840627927258632,0.016338813699839572,0.05112137558276,0.007116939608299148,0.016801791616869625,0.014546120137386003,0.05104062362048732,0.12746428071535473,0.26757970218676314
336293496,0.13214789452717035,0.15202364417455344,0.03831949783046394,0.024807002810168288,0.014190811503386197,0.009571799261388719,0.0450380610915512,0.02528074765550136,0.014815293344961615,0.05214423377154732,0.007515315955511053,0.017054814431990698,0.014513819352476932,0.05154128578657794,0.12835255230035422,0.2726832262023967
336294636,0.14238185987919508,0.08349752898995445,0.043229217136643086,0.029033022169105374,0.02735876481798508,0.014987564197810006,0.042034088095007374,0.03663985701519214,0.027730223844439416,0.04846732775606447,0.012285065193750874,0.03128331018443748,0.02262669982880584,0.0532801447075164,0.06004177568181573,0.3251235505022772
336296758,0.11976592697869225,0.05081990159027531,0.04089817715903829,0.0245916642441078,0.03546626183016247,0.017609311239596456,0.0390893332041302,0.04259935183091616,0.025447635044198242,0.03833026475876697,0.01581661767714289,0.040478266955220346,0.019052079632201728,0.06225437944808725,0.04224404319691635,0.3855367852105473
336298478,0.1334453093876848,0.07727962789495783,0.03603152556607125,0.02712189239531854,0.024128686327077747,0.0160427231715064,0.03715666957373731,0.0406343874156142,0.024979273663016683,0.03621456334722267,0.013512495020295659,0.030222767746589576,0.019192049700141045,0.05424916825478859,0.05247800854894107,0.3773108519870367
336299144,0.1463171721739505,0.09003843793404179,0.0601117607157854,0.02472086738374409,0.03286604864498207,0.01667258847723333,0.058852030104331536,0.03289296596573964,0.025356116153622533,0.05767843491930188,0.01546130904314308,0.036176879098162085,0.01944507251526212,0.06942515369790153,0.08155948189541005,0.2324256812773884
336301199,0.10511752102242752,0.10025625289361198,0.034260365860223733,0.029781323686165574,0.020231058281382903,0.013167953314598878,0.040596703166553616,0.03628454838119233,0.01716248371502094,0.05127749604315385,0.008785813495267934,0.02575987596498595,0.01623114441680933,0.06467155485211624,0.0771719586119276,0.35924394629456163
336301787,0.14066453481486266,0.09393606597973664,0.05833521754578636,0.026992689255682246,0.02766023881046976,0.014276946929810394,0.06096773151587584,0.0342872831809813,0.02380567847798701,0.058340601009937876,0.012726509254174876,0.030120481927710843,0.019595809511504463,0.0670833467919937,0.088811008107497,0.24239585688598897
336302378,0.14168200953949847,0.11713879647275427,0.06384250137278336,0.022513647081624084,0.017221701820687576,0.009997092929358185,0.07299439043035412,0.025119243730956,0.01934278669638339,0.07112094490562787,0.008818114280177008,0.01999956932286788,0.016758723903657527,0.0784532230799875,0.10166672050130818,0.21333053393197451
336303595,0.12166628982417604,0.10218353305985337,0.0705556811697191,0.021969917202321346,0.01843836471892933,0.010605424378479065,0.08377746912583309,0.025948297210288875,0.01701713018293011,0.08541942569204433,0.009803288219903743,0.02087707397956437,0.016037339707354888,0.08323912271068187,0.10408927936948867,0.2083723634484318
3770431016,0.14436297468695156,0.07043186149423432,0.04665848380115637,0.02052714880971608,0.05119674408088117,0.0071653907856627595,0.09056063395673848,0.022443662047654425,0.011450628250266482,0.056343335809726836,0.006185600310087535,0.04789668055600418,0.01756624352638436,0.05231650462439571,0.07018960560741624,0.2847045016527235
3770432440,0.1457895926871023,0.04629779170300505,0.046787686940792654,0.023278098991138814,0.06343335809726842,0.011477545571024044,0.08795503730740657,0.030771881090043817,0.020306426779504075,0.06900524349408356,0.008010594657450174,0.06114538583287574,0.01950429062092876,0.060074076466724816,0.04961938908448808,0.2565436006761631
3829736243,0.13526614008905713,0.06099321758332424,0.05063152913769883,0.02584962205316735,0.03624164331040172,0.02015918659532389,0.0479015760928912,0.03743068952547349,0.029265096640337787,0.056388696781082034,0.01684684356762397,0.03943872165398756,0.023659593054999453,0.08080661012630583,0.05247576408352443,0.2866450697048011
3829736657,0.13431368980453534,0.06146640944442421,0.042914861864375924,0.03137626032832235,0.03785534888799913,0.017908491973938047,0.051511180674359065,0.04111309285480289,0.02528543175724044,0.04994600759533602,0.014426285201227872,0.04304832623545542,0.02777272230917628,0.06631965930186001,0.06560380494788824,0.2891384268190587
3829737429,0.1513121974302042,0.04219294094808236,0.0719676288234509,0.02319246775622126,0.056006503354808966,0.01926740193402007,0.0748553124886252,0.03271697060143899,0.02695980295805579,0.06388090124849853,0.017744694791249592,0.05604290272873973,0.0235989274317815,0.08273577694463655,0.048496099200427085,0.20902947135975927
3829738107,0.1603210424780694,0.038164743566410655,0.07717880585787258,0.024478578968441744,0.05499338744706924,0.024157051165386623,0.05738361300185636,0.03656317111345685,0.032650238415899244,0.05663742583627561,0.024466445843798156,0.05831179703709096,0.024812239896140453,0.08788628835584028,0.04228393938290928,0.19971123163348256
3829738249,0.15605018260352588,0.05211783690653854,0.0563037649085769,0.025164100510804543,0.05379827466967568,0.02002572222424441,0.06692631553403948,0.04130115628677854,0.03819507637801963,0.06780596707069972,0.019928657227095692,0.056995353013261515,0.028755505405307025,0.0662104611800677,0.05747461143668329,0.19294701464468145
3829738763,0.14520923573447866,0.049703345102464234,0.06579793494218568,0.025236899258666085,0.04923621980368605,0.01855154758004829,0.07413339157233163,0.03653283830184788,0.026771739526080154,0.06455428966621773,0.016719445758866282,0.050394933207148836,0.02404785304359432,0.07867118018903407,0.05404700372486927,0.2203921425884808
3830532848,0.15743335881289508,0.06366857156723571,0.05942804450430119,0.027736322935245517,0.03348742401630692,0.01866681226416239,0.05397420497700773,0.03881993229716449,0.03091520159186595,0.055684975551753835,0.017556631359273954,0.036951431102051714,0.026516943908564773,0.07785826083791358,0.06442082529513825,0.2368810589791189
3830533180,0.15415741515912593,0.04848396607578349,0.06737524114585229,0.025315764568849417,0.0516992441063347,0.0193402006818816,0.06935294046275738,0.03512539584319149,0.02772418981060193,0.05933097950715247,0.017544498234630366,0.0537740084203885,0.024787973646853274,0.07647508462854438,0.05230590033851418,0.21720719736953856
3830533352,0.16257780366177702,0.0594219779419794,0.06227932879554472,0.026541210157851956,0.04669433019085405,0.018958007255608537,0.06247952535216395,0.035537922081073536,0.030818136594717237,0.060465426661328085,0.017732561666606004,0.04901175699777964,0.02560695956029556,0.07134277290430605,0.06106601633118576,0.20946626384692849
3830534392,0.15575292104975794,0.052572829080673136,0.062182263798396,0.026043752047464785,0.055290649000837196,0.01789635884929446,0.06950460452080225,0.03442167461386331,0.026662541404287848,0.060447226974362715,0.016816510756014997,0.056376563656438436,0.025200499884735317,0.07238622162365474,0.05573957461264999,0.2127058081267669
3830534494,0.12555964037418554,0.03715162765867094,0.06906781203363302,0.021803224984530262,0.05505405307028719,0.018096555405913685,0.07069365073587401,0.033736153071500505,0.020559579708562342,0.055763840861937176,0.015336269549497085,0.052227035028330836,0.01967992817190211,0.0869277715089967,0.04320605685582208,0.2751368009803565
3830534876,0.142806877055048,0.05752314393525765,0.06250985816377291,0.022919472451740492,0.038540870430361925,0.01638578483116757,0.07676021305766875,0.032807969036265906,0.02888896977638651,0.06958953639330737,0.01575486234970092,0.040172775694924716,0.026893070772516046,0.08067921231754815,0.07788252708720077,0.20988485664713236
3830535032,0.15928972688336426,0.08531406593139931,0.04666399737924508,0.030351011295939045,0.03123066283259928,0.01529380361324452,0.053749742171101324,0.03887453135806064,0.032886834346449234,0.05913684951285505,0.013601232725463788,0.03410621337312998,0.028773705092272405,0.064014365619578,0.07828898676276101,0.22842427110253705
3830535182,0.12859898809740472,0.05819046579065506,0.05441099746417695,0.025522027687790442,0.04062776786905932,0.015099673618947087,0.06855215423628047,0.03405161431223383,0.02305900338514177,0.06260692316092163,0.012181657142163821,0.041070626918550325,0.02138463218432643,0.07273201567599702,0.05388320654218081,0.28802824591417026
3830535342,0.1599206493648309,0.07133063977966246,0.04861743044686298,0.030448076293087763,0.02737232919593783,0.01513000643055606,0.0483687013916694,0.04067023380531188,0.035052597095329964,0.04404930901855155,0.01753843167230857,0.03188585156335311,0.03411834649777357,0.054374598090246175,0.09379512005726835,0.2473276792972494
3852429547,0.17508204862460594,0.09898194930258669,0.04491082610009932,0.02783175713607117,0.03246318607764391,0.01653387744526493,0.043140303148076174,0.03410415856976292,0.03148076175670424,0.055766075052899766,0.014374703113529388,0.03367772163924515,0.02582372500755711,0.056829468411279525,0.08243187804983376,0.22656756056484
3853243966,0.18331929870017705,0.07517165435937298,0.05030336399360885,0.03087619294381828,0.03799607030271624,0.022477004793367016,0.04446819536209354,0.04226043960789394,0.03956686962905385,0.049493673619208006,0.0217104979056009,0.040927149458047235,0.030347195232543075,0.05791445351297664,0.06472125059377296,0.20844668998574944
3859608467,0.14925103256628408,0.052627571898970285,0.05088600848893203,0.027836464340775424,0.03995127429147871,0.020327756523725232,0.04991530101448448,0.04160718704200689,0.03461238318201717,0.03543082281733569,0.02408686880222311,0.0407792306667428,0.030072898227983026,0.052589504939188035,0.08154894459354003,0.268476750604313
4002501619,0.14272142332771948,0.083869528292381,0.03620935354320508,0.023822890126815502,0.02929999568165133,0.015582041427358178,0.04169365634581336,0.030322004865339494,0.025643793813245816,0.051467518820802916,0.013307711131263405,0.033618344345122425,0.025175972708036447,0.0697989088972377,0.07508888600998978,0.3023779706640181
4004310229,0.1614774510227289,0.09709806969814742,0.03518734435951692,0.028803385585352163,0.02974622504354335,0.01740294511378849,0.03682111960386348,0.03867800952915605,0.03203494983518303,0.036194959047660166,0.015416504728591787,0.03354637186739791,0.024175555267665644,0.046530206848900975,0.0919016568064372,0.2749852456420665
4004481791,0.16126153358955536,0.09750831282117718,0.04072922514430482,0.026557844280347197,0.026500266298167586,0.01504224784442429,0.03821018842394668,0.030170862662118006,0.020325027709403923,0.038051848972952745,0.011443623958198385,0.030840206704956026,0.01919505980912899,0.051467518820802916,0.08458205582185373,0.3081141771386621
4004620403,0.1352794691310043,0.05976594550243986,0.04311871140475882,0.025751752529832597,0.03191259662305135,0.01788516071454276,0.05612413812957925,0.035367275553828216,0.02446344517856372,0.03756963337219847,0.017503706582602814,0.032193289286176964,0.02189402772379842,0.05334600048941285,0.09394567517381354,0.3138791726043961
4004643769,0.14773790502511838,0.09676699630061465,0.03897309668782657,0.028242000259100918,0.02683133969570036,0.019036720358135046,0.03729613795684529,0.03766319759324034,0.029609477335866764,0.035676757208043634,0.01817305062544083,0.031164082854716363,0.0249888442659527,0.04974737660318694,0.09993378532049343,0.2781592319097177
4004949705,0.1334873544356638,0.08384073930129118,0.07429718875502006,0.02483050481495876,0.03641087648083372,0.01288307351268875,0.07375019792431374,0.021786069007211643,0.013170963423586821,0.07434756948942724,0.009601128528450721,0.04014624807473622,0.016927926760806667,0.08698593657785263,0.0666609088684487,0.2308733140447093
4004951697,0.16468742352924245,0.08124253285543606,0.05397216104561616,0.029739027795770895,0.025593413078838653,0.019511738711116867,0.045824876567200704,0.04454376646370428,0.02956629384923205,0.028062069064789624,0.01931741302126067,0.02601805069741331,0.021260669919822655,0.05034474816830045,0.08284032186092039,0.2774754933713348
4005081942,0.1592822904521311,0.13650300125232112,0.033553569115170365,0.025902894733054082,0.020022743302960947,0.013667573519885996,0.03699385355040233,0.030005325963351613,0.022405032315642497,0.04938751421456435,0.011335665241611607,0.023988426825581898,0.02145499560967886,0.052187243598048105,0.10008492752371494,0.26322494278188013
4005237996,0.17863568971225405,0.14339796461832996,0.03849807833484475,0.02903369751407062,0.020425789178218245,0.013782729484245224,0.03351038562853565,0.03199176634854832,0.02293762865080393,0.04735069309496049,0.010284867066833642,0.02435548646197694,0.02070648184134387,0.053453959205999615,0.0960112852845072,0.2356234975745275
4005242376,0.14235436369132445,0.09974665687840968,0.030170862662118006,0.023822890126815502,0.030487541564105887,0.013602798289933929,0.036893092081588,0.028573073656633707,0.01990758733860172,0.03620935354320508,0.011141339551755407,0.03370471131839185,0.021606137812900345,0.048127995854385285,0.08886441824646256,0.3347871773833686
4005254266,0.1167609506124858,0.05631846381943545,0.03412215168919405,0.022829669934217155,0.03869240402470096,0.015754775373897027,0.046832491255343965,0.03690748657713291,0.02403161031221661,0.03304976177109873,0.01598508730261548,0.039117041643275605,0.02205956442256481,0.05708137208331534,0.08308502828518376,0.3573721408933224
4005389610,0.15690719868722197,0.06275280332800737,0.058427257416763835,0.021015963495559297,0.06084553266830764,0.019339004764578026,0.054893408760489995,0.03339522966417642,0.028860963567531775,0.050287170186120826,0.019720458896517967,0.061802766622043724,0.02079284881461329,0.07069136762102173,0.058823106044248674,0.22144491946279746
4005717530,0.1658533776683796,0.1092326294425012,0.03427329389241554,0.03200616084409322,0.030235637892070073,0.01995077082523643,0.030933770925997892,0.043089922413669005,0.03636769299419902,0.03856285356479682,0.017748413006866175,0.0339062342560205,0.026651408501389067,0.04750183529818198,0.07452750068373852,0.2591584977904449
4005718500,0.15181874451209856,0.05886628953088339,0.044802867383512544,0.025125591973629284,0.048718170171726326,0.02051215615148767,0.04773934447467289,0.03819579392840178,0.03376948654834392,0.049164399533618335,0.018676857969512455,0.05038793165493515,0.023427041499330656,0.05591541794417815,0.07376459241985865,0.25911531430381024
4015325236,0.1596421528407537,0.04645103712340401,0.05914698219400901,0.02994055073339955,0.057419642728620574,0.01797152768781218,0.06753177584891536,0.042147082955477824,0.03494983518302601,0.06374602352060572,0.01907270659699731,0.058923867513063014,0.027975702091520203,0.05936289962718256,0.05434641792978365,0.20137179542542927
4527531321,0.15475844396352165,0.07847475693659356,0.0402790787816144,0.031380212539164704,0.026631997157530927,0.01581661767714289,0.043595292698945916,0.04264241954412826,0.025749109036682927,0.03482562959613252,0.013334840703295756,0.027950945874651426,0.02356342259116896,0.05000161503924545,0.08418122893719651,0.3068143889229841
4527723097,0.14037921121483252,0.06657191769760006,0.039062415883372635,0.03234923608643691,0.03718358689449487,0.020010336251170904,0.04185105031385596,0.04328305177815821,0.027455667172712292,0.042981577785673526,0.014847594129870688,0.04057516930994756,0.02469395006298653,0.06206595820278433,0.058001442768392614,0.3086878344477104
4528010081,0.0789483234141385,0.05357574877824551,0.03474137513911066,0.02557216819083563,0.03151158852276576,0.012580442250931436,0.05249915323946388,0.036658682924468965,0.015163061886098613,0.031021677069724682,0.0095502491895292,0.0291104175739101,0.017328349542749314,0.05997483911549813,0.07754512023999614,0.4342188029225335
4528010413,0.15629385009919194,0.11212319156142644,0.028789858228093095,0.025445154110417572,0.02646126675376204,0.011818357768423092,0.03463855421686747,0.02863260269995645,0.021416993274302028,0.03255189432428509,0.01055426525378623,0.028723327043112205,0.022402864469927904,0.043051724972177866,0.10587530846276673,0.31122078676150383
4528155676,0.14900352078555507,0.08701293108089193,0.031654769210891824,0.030147399248468407,0.0234019186666236,0.015149068122355376,0.035837720856616816,0.03917546863055439,0.026739666440561173,0.03402887690170872,0.012796494288144536,0.02497389019886517,0.025027724840380287,0.05119136061672965,0.09170731182101058,0.3221518782906425
4528159154,0.15270734412179549,0.08354059670316656,0.03332364309786061,0.030405805527740994,0.025269980727198337,0.01596735467338523,0.03715666957373731,0.03990223629100854,0.028919969421923618,0.03363588401864832,0.014513819352476932,0.0278109758067121,0.026551245195258245,0.052214218805516965,0.08919323406225436,0.30888702262131634
4528166814,0.14057301592428695,0.06895679231671996,0.036979015256737406,0.03006664728619572,0.027294163248166928,0.015504376756355182,0.04425207532543041,0.041420373181734985,0.025926763353682828,0.03258072504495192,0.013555562733507758,0.028435457648287518,0.02443016031956243,0.05189121095642624,0.08575320046943806,0.3323804601785157
4528181226,0.14554195333613273,0.06682494051272113,0.039923770147614585,0.03118102436555875,0.04038674806464464,0.020134155926655684,0.04254013372524952,0.043326119491370316,0.031579400712770656,0.04152804246476523,0.01699021286217255,0.04255628411770406,0.02556068779138,0.057312359356999035,0.06074162602151233,0.2938725411027488
4528643488,0.14402187061499008,0.09435331688198577,0.031384574442347705,0.02384235738133256,0.026576184255092658,0.013215512653021727,0.03515265882808342,0.030041854163642526,0.0225782648666957,0.030604345091208206,0.01279213238496153,0.02782213190109837,0.021628683408332124,0.044962984467992455,0.10499225818938404,0.3360308704698312
4528643586,0.14508032128514056,0.10719988387284077,0.035352252383026084,0.019771858518410998,0.05652126578603571,0.012465524749600812,0.05006774084288963,0.02308632118836793,0.017019886776019743,0.03714254608796632,0.010251850776600378,0.0414307833744617,0.017298108095030726,0.058547442783180914,0.08936952629796292,0.2793946871824648
4528643888,0.1867651328204384,0.0663860260318382,0.052553587845357325,0.027174964919920646,0.04626941500943532,0.022548023418977117,0.04715246528281802,0.03931388203416074,0.03780180964823148,0.05067256979726133,0.022233512362703826,0.05178545507330527,0.028396719407751486,0.06670053708811148,0.05949702424154449,0.19474887501814486
4531527508,0.18484124164217192,0.07855012543471473,0.050787600805366234,0.03227925105246724,0.039848401649493416,0.023051993496775305,0.042378629800704164,0.041522659000613714,0.03815799390591858,0.045522572865187294,0.020521765345564564,0.0419102684195226,0.028720781248317662,0.05523972565866684,0.06566211225599447,0.21100487741852128
4531616981,0.1766422257394188,0.08846646640180023,0.0433691872045824,0.03331825963370911,0.03361435016204227,0.020742487375776563,0.035197088622586865,0.042836224253582696,0.03599922478116218,0.042157907770492165,0.017797732484899385,0.037339707354888715,0.02741798292365171,0.052063481809274635,0.07194999838496076,0.2410876750971715
4531625489,0.17298147011639053,0.0997825080482789,0.03588078856982892,0.03348514702240598,0.027294163248166928,0.01856756785856563,0.03422268161116316,0.040882026766583764,0.034631824886678084,0.04268548725734035,0.015552827933718791,0.031132573188195137,0.02916760877289318,0.049307148163700375,0.09093747644734433,0.243488700108746
4531677203,0.14334011649816425,0.06358409509351078,0.04373526276688523,0.032925266750648705,0.04137730546852288,0.021060111760715785,0.0431484651743704,0.04631932555961111,0.030874166908922557,0.0425724345101586,0.016952528613111962,0.04351992420082475,0.024295573715774628,0.058168330157089485,0.05426531864724313,0.29386177417444576
4531681633,0.19074490734020416,0.07686771181109982,0.05736197803261237,0.03254584603474137,0.03299341946097644,0.021459331301108046,0.04709198238738085,0.04284608312769149,0.04101345139594523,0.04292471089175981,0.01975976193932356,0.03254584603474137,0.030434992983984124,0.05497290366284415,0.07815599748391155,0.1982810761116756
4532153496,0.18484124164217192,0.07855012543471473,0.050787600805366234,0.03227925105246724,0.039848401649493416,0.023051993496775305,0.042378629800704164,0.041522659000613714,0.03815799390591858,0.045522572865187294,0.020521765345564564,0.0419102684195226,0.028720781248317662,0.05523972565866684,0.06566211225599447,0.21100487741852128
4532265568,0.1215733806095252,0.077402703908728,0.037091308175645515,0.036162668692789175,0.028884305992739726,0.012211006186909802,0.05294451077583608,0.03653653653653654,0.01913359142274805,0.05521786847088052,0.007471326748435181,0.03486619149269752,0.026954665508882376,0.0654811437943968,0.08211223271464235,0.3059565589686072
4532292088,0.1805936884266288,0.1120783401703328,0.03756042938510072,0.03277991321855788,0.02226600773065452,0.016403415269657717,0.03496559966407184,0.040203710283493226,0.030260451995650164,0.03907856627582717,0.013517878484447172,0.024747784704501653,0.025183845300774145,0.04722374753706515,0.09352153924007021,0.2496150823131669
4532322806,0.16679586980630295,0.0616137472140573,0.06892449153181089,0.02912454105968108,0.04159802749873488,0.02271283525523004,0.05565963586248479,0.04202332116670435,0.039363889875857316,0.05476598081333377,0.022309075443866615,0.04446741389149089,0.02775175770104547,0.0733389321360509,0.05784532230799875,0.19170515843535
4622498265,0.15137659070015,0.07470242415444912,0.04429767261818358,0.029019693230754345,0.03466274737504234,0.01935452653989452,0.04388034063966711,0.03798930662408671,0.029951129820486762,0.043910582087385686,0.01665698940339672,0.037305849905646685,0.02507620844825084,0.06356752310446606,0.0679162432863986,0.2803321720617409
4622498601,0.15316688440509024,0.07311777229399526,0.04294285576039096,0.02752576571345624,0.040360236125223777,0.018531959161948997,0.04755770068224706,0.03748729859195819,0.027834228480185803,0.04415856195867809,0.01695940388058257,0.0424589925968936,0.024120578700343544,0.05809986935694585,0.0736681666424735,0.2720097256495863
4622498763,0.17291454976532636,0.061371994000096776,0.05073910098224222,0.030501524168965018,0.04225939904195094,0.0247798422606087,0.03775342333188175,0.04535007499879034,0.039434847825035084,0.03664053805583781,0.02488871147239561,0.04487226012483669,0.028233415590071125,0.05416848115352978,0.06598079063240915,0.24011104659602264
4793714649,0.17251849219936044,0.08958622694531476,0.04995316386188185,0.028430074184136005,0.04128578657794717,0.018217642688717336,0.03932082216264522,0.03630608223779838,0.03127792672028597,0.04343378877440055,0.016478783767778886,0.04421439107636983,0.025453018508349752,0.0603324827459974,0.07402801554744447,0.229163302001572
4830650731,0.1231775587197274,0.06757332359741998,0.03840209322137033,0.027315321893635145,0.03030911524887428,0.01605817208226847,0.04210782524035536,0.0354387245953511,0.030065717415115007,0.0447304368991116,0.013922356091030787,0.03394791286357552,0.02329317269076305,0.050529390288426436,0.08999026408664963,0.3331386150663259
4831261338,0.1005415601801144,0.06681270536692224,0.03437994401849824,0.02168674698795181,0.02482657904344651,0.012553243276134845,0.04299014238773275,0.031818181818181815,0.022855056589996346,0.04646464646464647,0.010423512230741146,0.026889375684556408,0.019404892296458563,0.06254715833029086,0.06623463551174394,0.4095716198125837
487253534,0.1342474455462601,0.0802513001065926,0.03411501232813291,0.021856864455139596,0.032661477007224604,0.012042809306932823,0.0461416712426112,0.031127189724043627,0.02021490788892837,0.037054383754858575,0.0118113203484178,0.03359281630543622,0.02248134629671501,0.05596649331912098,0.09587949653843256,0.33055546583115303
487258854,0.12662984377187034,0.06534448787105526,0.03617149563401057,0.02401563357989599,0.0337597036941331,0.012661907684356728,0.05133133068466897,0.033582049377133195,0.020166456711564758,0.04079589134015957,0.010616191306782088,0.03548779568676852,0.02182456367023052,0.05959494815724022,0.08081656384250137,0.3472011369876288
487262328,0.1552268053447032,0.06500532962951,0.05947112848175544,0.02544225158004673,0.04681460426155022,0.020597133843685736,0.05831368368918032,0.033242891135587926,0.024602431172410826,0.058609774217513476,0.016516468016839474,0.05205271488097161,0.023638791089290137,0.07270368336617246,0.062173627485814564,0.22558868180496786
487262792,0.15115690644615998,0.06255046997642043,0.06382635098032881,0.024747784704501653,0.03770578291719155,0.017275536462202697,0.06578593193147927,0.03463720835082959,0.026675064870743025,0.05952496312327056,0.016516468016839474,0.041737997566674206,0.023870280047805163,0.08270077629553063,0.06910214584881079,0.22218633246121214
487263368,0.15687952883921746,0.06334722267084424,0.05740387824757475,0.02651894441034917,0.039186235558857405,0.021808413277775985,0.06162451414236032,0.03952539380040268,0.033409778524284804,0.055390462654909184,0.021447721179624662,0.044510481604702994,0.02588369564047073,0.07313974396244495,0.0664211807013577,0.21350280478482292
487283735,0.14236032602258902,0.07255832983408164,0.049129493846700484,0.02277743682504818,0.039363889875857316,0.01164443295972092,0.06398785490487419,0.029399097731408207,0.01973039611529227,0.05220345187721395,0.011235289684205993,0.04069360552128083,0.02355265566286594,0.06603357128244883,0.08768586409983097,0.2676443037565813
487287905,0.1549576321371276,0.06493534459554035,0.04356837537818836,0.023364234417563013,0.058378285258998464,0.011391410144599849,0.053845408443425176,0.02798863012371201,0.0181584245830507,0.03779730180776726,0.011579831389902777,0.05528817683603045,0.021910699096654714,0.05489518395297006,0.07555691936647393,0.2863841424679953
487288433,0.15995348686973093,0.06592590199941858,0.041737997566674206,0.02337500134586604,0.059277323772301,0.011386026680448335,0.052978670715031706,0.027934795482196885,0.01869138753405041,0.037581963241706776,0.011256823540812042,0.05639178698709045,0.02159845817586701,0.05338243052639512,0.07469018163808046,0.28383776392433
487289139,0.15619582889197542,0.04631932555961111,0.0453072342991268,0.03243537151286109,0.045845580714278016,0.02724032860665181,0.04011757485706903,0.052095782594183696,0.04201255423840133,0.03738815853225234,0.02758487031234859,0.05572962089645445,0.03338286120352724,0.05758691602872616,0.05399614543966752,0.2467618463128654
487289789,0.16649439581381828,0.05919118834587681,0.06097311498002735,0.025307664976258918,0.04889262142403394,0.02021490788892837,0.06447236667851029,0.03768424906058551,0.030771881090043817,0.05752769792305953,0.019531207941686318,0.05002314889585151,0.024187904432744385,0.06742250503353898,0.05781840498724119,0.2094867405277948
487290291,0.13953939080719666,0.07952991591028993,0.06347642581048052,0.023536505270411404,0.03173013770901299,0.01368476587314405,0.07992829225750185,0.03075573069758928,0.024645498885622917,0.07144395275471861,0.012484253367356826,0.035756968894344134,0.023719543051562816,0.08353521323901504,0.0814894968614404,0.20474390861031252
487290807,0.15409089440873416,0.07144395275471861,0.05038384099400282,0.029657504010680794,0.034405719392314564,0.019644260688868074,0.050943721265760085,0.042098689664825516,0.03654833812461643,0.04916717809576106,0.019768080364352854,0.040262928389159854,0.03201546130904314,0.06188292042163291,0.07738191371383657,0.23030459640169254
487291389,0.15335335981997694,0.07003886861117392,0.06524220205217654,0.02350420448550233,0.036370683807616516,0.014750691775143468,0.07601989728350399,0.03025506853149865,0.024424776855410918,0.06213055977260248,0.01407237529205293,0.038642505679554684,0.02379491154968399,0.08001981114807756,0.07630522088353416,0.21107486245249094
487291995,0.16127243558685142,0.05073914962800263,0.057393111319271724,0.02537226654607707,0.057619216813635236,0.02181918020607901,0.056424087771999525,0.04004758982309937,0.03231155183737632,0.049937013469427305,0.02205066916459403,0.0605585882403609,0.02658354598016732,0.06534987133520678,0.054189950149121965,0.2183317721287294
487293857,0.1259999784661434,0.0644831336068133,0.03773270023794911,0.022179872304230325,0.03148249835804344,0.014056224899598391,0.043562991914036835,0.032639943150618564,0.01942353865865607,0.0413826889326744,0.011972824272963166,0.03498175005652637,0.019100530809565336,0.06047783627808824,0.06299729750099595,0.3775261905530971
4888932586,0.1814063482847051,0.0858433734939759,0.04595490395316205,0.03196521023854454,0.03240673537523588,0.019142836405864425,0.042271495621038366,0.03958605506362801,0.03237649392751729,0.040390477572942375,0.01891300140320317,0.03413049789519524,0.027017709391784,0.05269269850486283,0.08000072579474525,0.2359014370735956
4966794437,0.17891943107550848,0.089241685239618,0.04703532629176223,0.03336671081107271,0.032936033678951725,0.020424862990837345,0.04067745512882629,0.04466660206509685,0.04265856993658279,0.051223661401638726,0.017237852213142113,0.03669907512085877,0.03095491887119524,0.05653175705502976,0.07481400131356525,0.20261205680631367
5200000437,0.1505600716117482,0.07356534572023032,0.033519620651279815,0.025916920694827504,0.04069894033967194,0.01757632941404171,0.03668287608264383,0.03386437315527169,0.02827575361687715,0.03572119804519282,0.016499733875260075,0.04176948758890986,0.02526975371364978,0.05229955968452122,0.08317002951565297,0.3046100062902211
5245196553,0.1606486368434463,0.09953408801368616,0.03696356422669529,0.031103265023841586,0.02934396195052112,0.01642218420509834,0.03788568169960809,0.03726082578046324,0.030642206287385187,0.04295126123830669,0.013692231160290709,0.03325689464807872,0.025661558621191717,0.055114718693505135,0.08123733605115326,0.26828158555672843
5361686565,0.1717201130807217,0.05178417597883983,0.06373530375277545,0.02601341923585581,0.04645166769798226,0.024836506145427636,0.0582693311008384,0.043181790606534896,0.038904864169669616,0.05420473434523593,0.025418896128319927,0.050097671653380894,0.02699013576966476,0.07109404384911246,0.04957594729370655,0.19772139919193393
5361689701,0.16891736128805251,0.05628556522161152,0.06784236644463049,0.0257950229922712,0.04962447979228091,0.02305900338514177,0.0581540664167243,0.04021524163117728,0.035738118637692766,0.05553331149370897,0.02213688591222897,0.04989747509676167,0.024575643965590456,0.07307780972833935,0.055375580873342316,0.19377206712044556
5536324142,0.13530023709295014,0.08617602941888033,0.024398800019354527,0.02275366526346349,0.027580200319349688,0.015144917017467459,0.0288261479653554,0.031572071418202924,0.028172932694633963,0.03296317801325785,0.014939275172981081,0.029358397445202494,0.028535830067256976,0.05231770455315237,0.09301059660328061,0.3489500169352107
5782580027,0.13302001571971533,0.07132013307923382,0.052585677831971316,0.024268656395017067,0.03714051918128277,0.012204313231478192,0.06774551288262971,0.03164938574674031,0.020903991300321927,0.061850619636723836,0.011396793608751359,0.037894204162494484,0.023251181670381257,0.07558383668723148,0.0708679220905068,0.26831723677552033
5782582075,0.12343206606587205,0.06127997243666355,0.049974697718487886,0.02797247973125747,0.036429901913283165,0.014982180733658496,0.06644271455796376,0.040327529958978,0.025302281512107408,0.058340601009937876,0.012182779374872143,0.03919700248716044,0.02286895571562389,0.07786104202332117,0.06241588337263264,0.2809899113881801
5782584543,0.14217190477728608,0.07724194364589726,0.06611432324472151,0.021517706213594324,0.0445589327820666,0.01319487063535644,0.08058507488398635,0.02440324299880487,0.021528473141897347,0.06842921282987176,0.010438536989782185,0.04643237830679286,0.020936292085231,0.08312068649934862,0.08397665729943904,0.19534976366592371
5782587421,0.18112126791347696,0.05609569645875728,0.053333979349031516,0.031132573188195137,0.045603324827459976,0.02337500134586604,0.04778362780882242,0.04615243817091422,0.0410758314760382,0.04570022718218719,0.023956415474229355,0.050609946488366336,0.03407194461492081,0.059325774949664616,0.05675247908524176,0.20390947166682816
5782598719,0.17058582856896756,0.05705933654187796,0.059196571810028326,0.030093564606953283,0.04314308171021889,0.022642850221260374,0.05215500069985034,0.03942310798152395,0.03319982342237583,0.04879033560515521,0.021894548704200174,0.04635700980867168,0.028327788365257275,0.06593128546357009,0.061323040149875635,0.2198768263402134
5782604289,0.1393025183845301,0.04860191435985228,0.0786739451101995,0.025151544515865067,0.04497345952173305,0.020548682666322125,0.07917460727629015,0.03730740656997965,0.02440324299880487,0.057021652292817374,0.018637552892535287,0.04769749238239823,0.020397945670079784,0.09437751004016064,0.05833521754578636,0.20539530777264556
5782612605,0.12601074539444646,0.04284160771773421,0.0959925492856143,0.02234137622877569,0.04497345952173305,0.01943968905111061,0.07220840466423335,0.03506788548295057,0.021673826673988175,0.049780893009033454,0.020225674817231396,0.04325613445740065,0.01691484436405138,0.11816703812569312,0.051837376314911116,0.21926849489109249
5782615967,0.1647393865004253,0.07458789581920172,0.05263951247348644,0.023606490304381063,0.043342269883824835,0.01639803180550621,0.056079546066302735,0.03331287616955759,0.028995337920044786,0.05265027940178946,0.017684679737717625,0.04395598479709724,0.02731031364062147,0.07098097483768856,0.07030804181874953,0.22340837882360545
5783147384,0.16375959602485007,0.09318238099852492,0.062152093629208524,0.022362910085381743,0.018018454515111384,0.010433153525630671,0.061403792112148324,0.026039816100864584,0.02039256220592827,0.054534491854818734,0.01134834243138775,0.021986067594775886,0.021899932168351687,0.07443715882295938,0.10750239564154744,0.2305468522885106
5783150300,0.16481475499854648,0.06148454407442101,0.05948727887420997,0.02476393509695619,0.040090657536311455,0.017959236409444745,0.05799067584008957,0.03253227386758832,0.02850544268225718,0.051293646435608395,0.018793673352929145,0.04281469039697665,0.026745049904712683,0.06996350011305275,0.07596067917783736,0.2267999612390581
5783161424,0.14188658117725594,0.06721793339578151,0.07393111319271725,0.029242977271014357,0.027579486848197082,0.018325311971747575,0.05931500802136159,0.04187258417046201,0.032090829807164316,0.044795805204733134,0.019698095330383195,0.03038965513528645,0.02510847680265297,0.08672222401671027,0.08895636163958784,0.2128675560149445
5783163894,0.14356622199252775,0.07145471968302163,0.0640793737954499,0.02245981244010896,0.040812041732614095,0.01681794200932416,0.06273350775757185,0.03200469438074012,0.02486083745168341,0.04943635130333667,0.01762546163205099,0.0419102684195226,0.021969917202321346,0.0884987671867093,0.08683527676389204,0.2149348062491252
5790803571,0.13334302356880606,0.046776920012489634,0.058168330157089485,0.02416637057613833,0.048639598608912864,0.01535902322426435,0.06742250503353898,0.03452953906779935,0.024946972878107602,0.048736500963640086,0.01477760909590103,0.04675000269173207,0.023821828870441552,0.06632427834663049,0.06840229550911421,0.2778352013953939
5959959399,0.14700493818172994,0.05408340309880003,0.0625341244130601,0.025637292371904537,0.04934541792547834,0.022519079338502043,0.055260316189228206,0.040057511010810606,0.03615064487557481,0.052766959074970574,0.02265254370958153,0.050388866644827036,0.026292481102658367,0.07544983559616109,0.05325835062303595,0.22659823584367686
5959963547,0.16693966197114746,0.05055873038983729,0.05009160509105911,0.026547276720173745,0.0614967422560332,0.021111636879845668,0.05678908989432049,0.03889273104502602,0.03824360887659399,0.05963430762324221,0.0202683847171162,0.058584792341571726,0.027542192940948083,0.06219439692303959,0.0474405173564348,0.2136643249736105
5959969353,0.16478818499805675,0.08317139525845316,0.051978523412647006,0.026644211253616615,0.031178477350261264,0.01851132127074606,0.06639461070086798,0.03665558290509709,0.03263951864806898,0.06883447769572916,0.016280174461286004,0.034201321414691024,0.02406039930330641,0.06862575751032805,0.06876250521800463,0.20727353859883976
5959992363,0.17345521496172356,0.06705104600708464,0.06042938510072461,0.026422042055621955,0.04597478385391432,0.020220291353079883,0.055062071341666935,0.03849715214746385,0.03431420050173886,0.054335303681212796,0.01880982374538368,0.048784952141003694,0.02587292871216771,0.06561904454278239,0.06206595820278433,0.2030858016516468
5959997499,0.14756322587647888,0.06643390378330136,0.0646248658296851,0.022040112401558183,0.042892289880241685,0.018271283331524297,0.05977664411399351,0.03492649275781806,0.032622984430213345,0.0599635780358672,0.01817480130733143,0.04001591953399182,0.02155770228059385,0.068170580218773,0.0588962456432336,0.2440693705753947
5959997957,0.1499151367374259,0.07359198699560143,0.0639761426659017,0.024610346146490724,0.03493736852170587,0.017994597437368517,0.06319324918722509,0.03355684643335246,0.028865461847389563,0.0647231784279977,0.01656626506024096,0.03777012813157391,0.023606330082233697,0.08121175176898067,0.07193655574679671,0.21354465480971505
5960505480,0.11486429100086144,0.06409929749208314,0.05820259891529865,0.02237348184277897,0.03020541380021597,0.013631565537072765,0.08023635326805713,0.03146119220082748,0.02106310438127131,0.07608075807762772,0.01130807216782538,0.03220131280408644,0.01810262196823548,0.08919666581734793,0.06377170312670621,0.27320156759970393
5960517010,0.12467998883752532,0.08293597350125577,0.08503500406459676,0.022088353413654616,0.024326914910396874,0.012545650881471505,0.09898203084240285,0.028045717613657047,0.01923706912241109,0.08068527887986993,0.010034094080248487,0.028203448234023706,0.01638578483116757,0.1033984882126694,0.07468544874361496,0.1887307538310341
5960536480,0.15759715599558355,0.0581540664167243,0.05519358400368847,0.02534609738045839,0.05014620415195525,0.01995292347638287,0.05409553622344362,0.03693323141508633,0.03266843810286463,0.04873269513097708,0.01942513255438673,0.04938181729940912,0.02460597677719943,0.0662225943047113,0.06315898033220495,0.238385566434924
5960538920,0.17279152452102314,0.06239294093938477,0.06717911070806523,0.0269896791466943,0.0455873673907098,0.020836032301248003,0.059665184033625536,0.04221905543320234,0.037037037037037035,0.05252551424335334,0.02106634422996646,0.04691885822861337,0.02677376171352075,0.06541578500381454,0.06247211066488175,0.1901296944048596
5960540752,0.14611132702854426,0.06072317945617596,0.08692116134790057,0.02360697269364195,0.040477321472269005,0.016136229505836968,0.07458507866591815,0.03215010579954226,0.023088770854025418,0.06263764736364814,0.013782729484245224,0.04231261965424422,0.017035885477393445,0.09235508341610167,0.051237206892084476,0.21683868088842825
5960555206,0.1718600592847581,0.08581349206349206,0.051336297571237324,0.026606425702811246,0.032242063492063495,0.01610011474469306,0.047379996175176894,0.03359270414993307,0.033622585580416905,0.05563324727481354,0.014827165806081469,0.03370027729967489,0.027538726333907058,0.06359366035570856,0.07254016064257028,0.2336130235226621
5960555688,0.163253615060844,0.07069117310081166,0.06698867542241037,0.022830058974637288,0.03882195448460509,0.015889383359262876,0.061018850175476674,0.029095360420661624,0.027135569304244003,0.05620077909234536,0.0156361180457566,0.03487825174572162,0.020514490394008468,0.06825500198994175,0.05496460315737424,0.2538261152718984
6420090365,0.14373599265977768,0.07374817622550126,0.03586631168870238,0.025344824992855317,0.032226283410796745,0.01798956124121956,0.03651309357279305,0.03534738203751335,0.030346103515184325,0.040611885745228095,0.016094339906442247,0.03498638749755577,0.02446490080170871,0.056021840169667436,0.08442759803257975,0.3122753185024743
6420941253,0.17327756064472366,0.08395512344283301,0.0448657902387028,0.03229540144492178,0.03125639286367992,0.020645585021049344,0.036650623943495164,0.041501125144007674,0.03649450348310131,0.04132885429115928,0.01817457497550524,0.03370586905261797,0.02923221034271133,0.052413406979122924,0.07884083249889638,0.24536214563347225
6459896823,0.15538892731045026,0.06300731627416009,0.054768924641162835,0.031734187505308244,0.03590798238270302,0.021457430932187962,0.04690059330979506,0.04368531527924386,0.033542023077203074,0.04466809837537461,0.01884274257149444,0.0368482995425812,0.026316747351945547,0.059792038243608875,0.06025916354238708,0.26688020966039383
6459898557,0.18282192212960605,0.08474380907315061,0.05640082990572561,0.02975042162608137,0.033790752132396656,0.01696210825173807,0.0569892864509397,0.03278370278697873,0.030739271284533905,0.06455428966621773,0.014535483323020175,0.03734575765296837,0.02796078574115192,0.06577366869289847,0.07377546439534573,0.19107244688724687
6459899005,0.18613976865546014,0.06579010653392013,0.05754755549142679,0.03099223240266455,0.037587475651107434,0.023928047519419,0.045246855686217925,0.04219873506000048,0.04064160834956593,0.04831301252915855,0.022545270903975186,0.041411153596421606,0.030589423562513526,0.0651468148041267,0.06126902820864295,0.20065291104537916
6460218519,0.17239617151239686,0.061906307866195324,0.05445735035952192,0.03029483202270158,0.038970252266551236,0.02240098117018974,0.04742322583748166,0.04171776928071568,0.03809850179159753,0.04725488781473197,0.02198013611331554,0.041819974508813695,0.030571387345790343,0.064377269557271,0.0682009475025852,0.21813000505014069
6460226643,0.16499733875260075,0.07403106401509653,0.04565248947597619,0.0280459186142159,0.037366332801083854,0.020993613006241838,0.03972516572313349,0.039652586248608894,0.036253447525039915,0.042350123385106686,0.01946944404122514,0.03914452992693666,0.026963274785890546,0.053763245754100734,0.06811583684134127,0.2634755891034016
6460230437,0.1661828035031693,0.07919025499588717,0.04158803890259834,0.030289834034934918,0.03359824841534814,0.020358542604151545,0.03925339913872357,0.038521556103933804,0.03556394251705618,0.04116465863453815,0.01871945613780423,0.035334107514394926,0.028251560458702283,0.049148400832244636,0.07722456089417913,0.2656106353123337
6460231807,0.1605976143379488,0.07036104617474874,0.057034106575555965,0.02455593518352015,0.049871126296229695,0.016858478690882934,0.059177006533597074,0.03216347978980599,0.029151431597034906,0.06770864552738316,0.014405882235409296,0.04966133189474315,0.023726747787168576,0.07055086015704609,0.06180443165697616,0.21237187556194928
6460233431,0.1571345623457686,0.06324696375864905,0.04559805487008274,0.027120530314027197,0.03449944355736198,0.018761794164610247,0.0418541636425219,0.03448129868873083,0.03232205932162385,0.04167271495621038,0.016784003483814782,0.034541781584168,0.0253483814777181,0.053182609957903915,0.07038999370977887,0.3030616441670296
6460233761,0.03396407716756597,0.04718259541232414,0.008919112030945869,0.00878360066030995,0.03425357873210634,0.0063690344198881425,0.025402222386478428,0.012159065710695542,0.005845467760613004,0.013477221770517654,0.0038559144553674814,0.01725306132505482,0.005746914036514155,0.036692783403552864,0.025827235321654717,0.7142681154064109
6460234631,0.13915353722582638,0.0542786530738338,0.03981464318813716,0.03001544640098857,0.04024096385542169,0.01754093296261971,0.0482483781278962,0.039406858202038916,0.0297559468643806,0.04046339202965709,0.016336113685511276,0.04085881989496448,0.03026876737720112,0.056292863762743284,0.07676243435279578,0.30056224899598394
7462076970,0.1722816197766939,0.0626258384745416,0.05617644842102997,0.03116487397310421,0.04025754492500835,0.023859513119502136,0.04240554712146172,0.04333688641967332,0.03735047428319175,0.041420373181734985,0.02284742185901784,0.041587260570431855,0.02864002928604498,0.05890586474584665,0.06315880142554131,0.2339815024171754
7462124956,0.17751434693196375,0.08711521689977067,0.04516188076703597,0.03363588401864832,0.028828450531347912,0.02131851803998837,0.038927829279584825,0.04573791143124778,0.04089817715903829,0.03859405450219106,0.020134155926655684,0.030658828342862064,0.0306749787353166,0.04732603335594388,0.08639383270346801,0.22707990137493675
7468141678,0.15496927468911792,0.08386558281318043,0.056684569603716074,0.02594716214254609,0.032243431557555526,0.014830405961194174,0.0614506217641651,0.030991435622006094,0.022154884598635502,0.0636159094208158,0.011872792374316543,0.03643489621135143,0.02296535539749359,0.07003919291624329,0.07688585667973097,0.2350486282479315
7468144868,0.16137183003112193,0.09233352848735091,0.04502922174632032,0.022304049959428508,0.04058690002978666,0.018483139720005343,0.043478260869565216,0.032821824381926684,0.027747819924198072,0.04150617816534681,0.016516192647829168,0.03997062418471841,0.021425856880206248,0.055742150186423436,0.0908801446193983,0.24980227816637396
7468149150,0.16242681569652104,0.08892800116127159,0.04475129433396236,0.02678182609957904,0.048325833454299125,0.018743649295979097,0.05045483137368752,0.034360332897856484,0.02855397493588813,0.04731576910049838,0.01478201964484444,0.04769681134175256,0.0242838825180239,0.06310785309914356,0.07051700779019693,0.22897009725649586
7468153900,0.16477960032902694,0.07862171577877776,0.05223302849954033,0.02540886437315527,0.049426622151255616,0.018906953113659457,0.0553478976145546,0.03332607538588087,0.025130643054144287,0.053974935888130834,0.014098562926404412,0.049360090966274736,0.02213069144046064,0.06534572023031887,0.06266632796245222,0.22924227028596314
7468158268,0.16394493637199403,0.08306720859340977,0.04834397832293028,0.028693085595393623,0.04386219577103595,0.020322252866889243,0.0429549523394784,0.04019693230754343,0.03309019209367591,0.0381284172835922,0.018906953113659457,0.045337978419702905,0.026703198335510717,0.053860018386800206,0.0806539410654667,0.2319337591329172
7468162164,0.17322213645669027,0.07038739917888825,0.05863565683346199,0.02580796724502467,0.03844346746316743,0.01887214596547751,0.05308699980982425,0.039791477889272966,0.03421485384434675,0.05375261491649048,0.019000794263404598,0.04205121320938349,0.02503607745746216,0.0650624783255585,0.07063910237048472,0.211995614771062
7468167088,0.1605760390961436,0.09250858857115207,0.07374074611699812,0.02467702133836551,0.03047733101079015,0.01926985048628248,0.0522572216577152,0.036422799632264,0.030870469831131755,0.0514407025693134,0.01892509798229061,0.03268495669424687,0.022626651183045438,0.07507136981661584,0.08421638360671602,0.19423477040692888
7468170452,0.15258221641586425,0.08108740181609975,0.06578926146352478,0.024039934839760645,0.030414832018838406,0.016459411944968628,0.0689666295704908,0.03366477960032903,0.026612473992354963,0.061382074482669635,0.015451363687682457,0.03351155626522153,0.02144723472202061,0.06943436396187158,0.07117223915743294,0.22798422606087
7468174436,0.16888034063966711,0.0768334381703521,0.06601103208012774,0.02779390654989436,0.03064466702149965,0.01958436154255577,0.053253173335913936,0.03805583780906759,0.030922888340510636,0.051083853486234086,0.018749697585522813,0.03214464282834148,0.025233463976387482,0.06770858534539766,0.0777729391461428,0.2153271721423848
7468178994,0.15565273140755795,0.0778535830067257,0.044309769197271004,0.028475347171819813,0.04915444912178836,0.02294116223931872,0.043172690763052204,0.04021507717617458,0.0283301882227706,0.04293680747084725,0.01783640586442154,0.05501524168965017,0.02319519040015484,0.060343784777664874,0.06761382880921275,0.2429537426815697
7468187606,0.1783156723278657,0.09167997290366285,0.045204916049741126,0.02355203948323414,0.0520818212609474,0.01565297333913969,0.04820486766342479,0.03180190642086418,0.0275136691343688,0.043868244060579674,0.01418928726956017,0.05048507282140611,0.02182222867373107,0.04986209899840325,0.08514782019644844,0.22061740939662264
7468192418,0.17712415928775346,0.09969395654908793,0.048852034644602506,0.025505637005854745,0.0324127836647796,0.01652997532297866,0.0451565297333914,0.03412444960565152,0.03220109353074951,0.05087821164174772,0.015380800309672425,0.03660424831857551,0.02488266318285189,0.056236996177481006,0.08798446799245173,0.21643199303237048
7468196656,0.19137975121459624,0.1145631213994555,0.045921513770437565,0.024758208865424243,0.027405502158446518,0.016462855165982282,0.0384158356271528,0.03481341094715942,0.032670005866161284,0.03883699592376998,0.015876239038551208,0.03221124197163185,0.02357745589097965,0.05074229502278778,0.10149211076515803,0.2108734563723057
7770570644,0.18326927010993035,0.033915824154526965,0.06332568881423818,0.029011488312499323,0.06305113214251107,0.031837806992043235,0.041210418079826006,0.048182004156034325,0.04702994282761072,0.04033829688728103,0.031315610969346555,0.06199597316881466,0.02795632933880293,0.06300806442929896,0.03660217276613154,0.19794997685110416
7770571480,0.17605542814690398,0.0290437890974084,0.05923963952324041,0.02946369930122635,0.062308214089602375,0.03547702875846549,0.03771654984549457,0.053710821839637365,0.050109284322275696,0.037054383754858575,0.03651065387555584,0.06517760048235839,0.029086856810620492,0.0624051164443296,0.033765087158284614,0.20287584654973784
7770574244,0.11050636863809124,0.1272381752209912,0.025781409821592,0.0229604746061996,0.0146322555638102,0.008705061532995252,0.03829796397385791,0.024828536666774332,0.010524672416206379,0.03493868234331428,0.0048397342722094824,0.01713556639426338,0.012661907684356728,0.046136287778459684,0.08862258686219407,0.41219031622468427
7770578464,0.07297824003789959,0.04506497841230876,0.020441013383291882,0.02148002196453374,0.021453104643776175,0.009921724431237013,0.039821484328735855,0.031191791293861775,0.015708948394112642,0.0261797861688039,0.008129030868783445,0.024516295745986627,0.01997803546626183,0.05203656448851706,0.09245022987391927,0.4986487504979704
7770580134,0.16677971941384842,0.05831368368918032,0.05264489593763795,0.025824477534804092,0.043272284849855194,0.020209524424776856,0.04277700614791606,0.0337597036941331,0.030281985852256207,0.03780806873607029,0.01942353865865607,0.045834813785975,0.02401025011574448,0.05504053748506089,0.0743079556833231,0.269711553990762
7770583962,0.09140045436437438,0.04126963618549264,0.022556714794836185,0.020284892922898028,0.028053231693530155,0.012801877752296048,0.032036995165649194,0.029582135512559626,0.024629348493168383,0.031773205422225094,0.010901514906812236,0.02981362447107465,0.02108164561732184,0.054556025711424795,0.06445621628605575,0.484802480700281
7770588684,0.12130559772602476,0.06833769393929606,0.03174628810146753,0.02624438773862205,0.02711112546701552,0.01402392411468932,0.044736587099066506,0.03714051918128277,0.02469395006298653,0.024327874500683695,0.01482606027326464,0.028645412750196494,0.02389181390441121,0.038604821430494096,0.11641741227645165,0.3579465314340472
7770589416,0.1555713470504,0.06901062695823508,0.035837720856616816,0.029759789829559524,0.029242977271014357,0.02002648664362544,0.033915824154526965,0.04035983074388708,0.03276376282610334,0.032392303799649,0.01806152222832348,0.032936033678951725,0.027886344304833274,0.0484350269711554,0.08105881972931943,0.3127415829537991
7770591064,0.08596315557134705,0.03222541641095212,0.03206929595055827,0.020166456711564758,0.034405719392314564,0.012678058076811266,0.05058841263176028,0.03267224393552763,0.02006955435683754,0.031094888939134563,0.013517878484447172,0.03426574932437525,0.022912023428835988,0.05864745846657408,0.08698601376013436,0.4317376745588251
7770591610,0.10862753964921347,0.04673923576342905,0.03382430526395125,0.019870366183231587,0.02933987962574157,0.01404545797129537,0.04192103534782562,0.02808014901428772,0.020909374764473444,0.0309818361919528,0.01308181788817468,0.029011488312499323,0.02195915027401833,0.04938790012597306,0.09410833683258504,0.4181121267913477
7770594962,0.09803288219903744,0.045953249997308265,0.03442725324892062,0.019165132379383484,0.02760640416895464,0.011380643216296824,0.04804203408809501,0.02799939705201503,0.017463957707505626,0.031024903905164894,0.010901514906812236,0.028553893859620788,0.02021490788892837,0.053936927334000885,0.08943010648492092,0.4358667915630349
7770596078,0.1602872616471247,0.14073451984883234,0.03319982342237583,0.027649471882166737,0.01581661767714289,0.013700916265598587,0.03352283127146656,0.03043810631265006,0.02495773980641063,0.04879571906930672,0.011332192038933212,0.01880982374538368,0.022470579368411986,0.054001528903819034,0.10370705341473133,0.2605758153256457
7770596642,0.16197766939069952,0.13469427307083562,0.035326291762223155,0.02804784822937864,0.01662413729986972,0.013200254099507952,0.03302216910537593,0.031191791293861775,0.02653509480280371,0.04741755224651959,0.01076692830302443,0.01858371825102017,0.02280973760995725,0.05414688243590986,0.10443382107518548,0.26122183102382723
7770597426,0.1133542211742412,0.08594162171474098,0.03127254325613446,0.02270745179107852,0.023509587949653844,0.013399442273113904,0.03815799390591858,0.027315697104772975,0.016941761684808942,0.04262626915167372,0.009668701616115936,0.027638704953863717,0.016424949126263768,0.06520451780311595,0.0689298749959624,0.39690666149854104
7770632698,0.12738352875308204,0.08075734573683474,0.03650527041140434,0.02338038481001755,0.026497410553743123,0.01443845085435576,0.03577850275095018,0.02840854032752996,0.01971962918698924,0.034276516252678274,0.013033366710811073,0.028187818297317962,0.02075325430407959,0.05415226590006137,0.09008150564725388,0.3666462095028909
8116493817,0.1778074641662886,0.07279326511065182,0.04074876913511788,0.030313723513300063,0.04111844869015812,0.023088168573877098,0.039228041874611416,0.04242072894086808,0.03816101224983617,0.03848868276453093,0.022012737141032745,0.04258876510225,0.030187696392263614,0.04924299709297441,0.07559946900573003,0.23620003024650904
8116513655,0.17531151797522415,0.05922784794768196,0.04395831058372463,0.030448076293087763,0.026444145160703238,0.020153120033002098,0.03298996590591975,0.04328492216600541,0.037661218893701685,0.025655492058869918,0.020262318154794404,0.02743906138147757,0.02808211698758781,0.04346691903565925,0.08432521627294676,0.30128975114961354
8343225304,0.16008612764310254,0.0775753616877147,0.04193279140659022,0.03141481589006629,0.03246721827067305,0.018852518507766,0.04048120191609812,0.0429549523394784,0.030828131804325736,0.04147916969081144,0.017376735859099046,0.03815261044176708,0.027380606764407026,0.059781293850099185,0.0758697440363865,0.26336671989161464
8354857679,0.14719722262544152,0.0846034741375139,0.04993467847292785,0.026225383461557072,0.03408815986838922,0.01410461121594813,0.06161392558184545,0.03159021628683408,0.020860550636280055,0.0575131852712053,0.011189335655876518,0.03643489621135143,0.02303188658247448,0.07030531765616684,0.0729242270285963,0.2583829293075918
9015146173,0.16370011769130904,0.05533311493708975,0.04797437484075274,0.02915589851854548,0.042823863429549004,0.02363532680571228,0.044340504009997686,0.04546888460185152,0.03948118759024012,0.045262621482910485,0.023241000254795616,0.04733738579696429,0.030272145985755713,0.06113274851672551,0.05306422062873852,0.24777660490906225
9015160185,0.1598417840546476,0.06557953869860104,0.06349264125990366,0.030120481927710843,0.03873500042465936,0.0185394144554047,0.06445115810674724,0.03638117424380301,0.03124886251956466,0.059179315449107615,0.016634513886361155,0.03885026510877346,0.026650408279644256,0.06789089894320484,0.0724226209975855,0.20998192164428106
9015164343,0.15554059136849513,0.06061102415705116,0.04967301229085527,0.0274087285698686,0.044213106201240006,0.016737645445831666,0.05034640070857448,0.03225591186498259,0.028834370715490363,0.04692485955908225,0.015403001735036824,0.04319392373117849,0.02495177082954173,0.05834819641102172,0.06335311032650238,0.28220434608524736
9016320678,0.11097562455259102,0.05088025819289242,0.038377073247673484,0.025904221114063503,0.028913236025673687,0.014529416760698384,0.047701379536271966,0.03698783047598248,0.023137868695325102,0.04056710224584137,0.013261505235443284,0.031679588444412085,0.021706159987381554,0.06676858491367281,0.05185090816437957,0.3967592424076973
9016330414,0.1632936580157488,0.05917324888678581,0.04776204515948992,0.03297176621895437,0.03706669578616581,0.02256154527475461,0.04420097307659642,0.04750724954197454,0.03908079447700166,0.03925672478433371,0.020814375326077723,0.038019146070687584,0.029204431017119836,0.05262136157924751,0.06178187068515755,0.26468411409990417
9846927264,0.1780129637089391,0.08502093480304196,0.04659366951087023,0.02575041808571673,0.03835402399873048,0.017876979040783194,0.04504949890748404,0.035607475494683904,0.03228720352534759,0.03958081566387129,0.01794411689310433,0.04163157188022607,0.026385175962207488,0.050463251181015856,0.07855739065685233,0.2408845106871254
9846930764,0.17482198733584645,0.07023800724369872,0.05652056077069013,0.027237785497819498,0.04299406213812305,0.018946953458003797,0.05469731687486141,0.040480942173602395,0.03616921674427773,0.044016557025648606,0.020973464409786386,0.0460430679774312,0.028666814497252814,0.06242146500110873,0.0715931209500579,0.2041786779017912
9846989364,0.16495159971191758,0.08296407514556707,0.06351851173691728,0.025213315267147617,0.03811598979504645,0.017718289571660502,0.05280086913001551,0.0368159568364644,0.031139756594768125,0.05354548894666813,0.017547393220297604,0.040642814418769296,0.024615178037377474,0.06680826650065307,0.07038488299703373,0.21321761208969614
9846995484,0.13278724654716426,0.06463659516113233,0.039052551670095005,0.023851503575276718,0.05366588304437261,0.013070574982858263,0.06278773631109805,0.032140758154569495,0.02730433930845333,0.047164266823391116,0.012133901459496523,0.041483005191497696,0.0257248506220002,0.0817354784993633,0.07789695366833185,0.2645643549808992
9847007276,0.15781667704251656,0.06047289461798563,0.045122740200925285,0.02648283102012915,0.061504376167283124,0.019701907935694145,0.04165598564470648,0.03586382002172825,0.03120079100596916,0.05288631730569695,0.016937049108287253,0.05283138633561602,0.025317073766189375,0.08195700736074998,0.06104661808327535,0.2292025243832473
9847011926,0.15914709890613504,0.07493638216529783,0.05115959332826803,0.02197981113643764,0.05553143504950734,0.016685360058854036,0.05200381103995562,0.030687313819843937,0.0259898452669537,0.052745516600938284,0.016824052968631282,0.05455455455455455,0.021654184304786717,0.06767610984478455,0.06915952096674988,0.2292654099883016
9847017654,0.14983947949854126,0.09226571941260481,0.04587956689981812,0.02456024706729654,0.04345650077513702,0.015606498944104687,0.05471734964172801,0.03297078893079918,0.02606779702396211,0.04983459674564519,0.013781570049193736,0.04232126072679777,0.023077110875111388,0.06317061559307137,0.08876234420966542,0.2336885536065233
9847029186,0.14912537688748914,0.05821462140354732,0.0555657279574224,0.02323580034423408,0.05577324495550592,0.015545464532903654,0.06915809133189292,0.031109239389167605,0.027599760745108087,0.054772280611808936,0.014489569219125744,0.05739065685233335,0.02495086729898317,0.06934729800661613,0.05781179428962049,0.23591020617424105
9847031213,0.17955458196422053,0.07514908117317756,0.04436534014847268,0.025897529511987344,0.05670561032006815,0.013417305585980284,0.05153949129852745,0.02814895947426068,0.02261165875623707,0.04497383473287088,0.013167822806377023,0.05618230497748569,0.023579165145430202,0.054393330899355,0.07168674698795181,0.23862723621759765
9847044334,0.18421538916401806,0.08348732352723777,0.042027003720403085,0.02721930667455097,0.04141720255254146,0.019679946780988986,0.040745805307118035,0.03573188459358908,0.03129080740138468,0.03753664966614926,0.020456057358267426,0.04443541035306872,0.025599329834676127,0.048765614605661915,0.07738931184862148,0.24000295661172294
9847050854,0.17667631010363646,0.07843532183445025,0.047265048034081616,0.026427900050048216,0.05225155942920618,0.016424360054198558,0.05017028600725089,0.03356282271944923,0.025780935291317246,0.04361519024425972,0.014312569426642741,0.05265438654313302,0.023327351961035636,0.055632865809743526,0.06884071239364754,0.2346223800978992
9847052326,0.16348677384309274,0.08777358674820862,0.041509503057824,0.02495086729898317,0.03702347383454792,0.016796669962524872,0.04214426093431477,0.03151206650309445,0.023547075841359358,0.03870802358369649,0.01535015441706034,0.04082591765237241,0.0225766287032629,0.05125669852662931,0.0845814870423945,0.27795681205063416
9847056966,0.15096973258889215,0.0806702419433833,0.04462361641688706,0.023343373493975902,0.041311587814673326,0.014405181702419438,0.04868865706729356,0.028277745126848858,0.02254138505240474,0.052049662062885686,0.011778822607503184,0.043686942893525316,0.020135419727691253,0.061220491722989524,0.0660691546674503,0.2902279851111764
9847064833,0.11375130150230553,0.032512767117854134,0.07005181218701967,0.017489711934156382,0.06561430908820468,0.01492389310327731,0.11169988596360753,0.033405225841638166,0.0203220288561654,0.06148668749070355,0.015072636223907978,0.055822053646685514,0.016752193961029303,0.08368659824483117,0.045850066934404285,0.24155882790420946
9847103976,0.14942444550237424,0.10483880812001807,0.04407905176938758,0.021789284798769543,0.04171702005590752,0.013384846376387007,0.056047899805910566,0.02581755593803786,0.017687772366059985,0.05535210751821877,0.010449091197617215,0.04282784633976637,0.019366218674088453,0.0741507061681376,0.06907874659733157,0.25398859877198765
