11345647513,0.4537417417417418,0.16654654654654655,0.08718918918918919,0.09117117117117116,0.03712912912912913,0.00954954954954955,0.0004864864864864865,0.004516516516516515,0.022480480480480482,0.0644024024024024,0.06278678678678679
11370126356,0.1984564564564565,0.0727087087087087,0.06443243243243243,0.2483063063063063,0.0064144144144144145,0.00042042042042042044,0.0023003003003003,0.0012132132132132132,0.0015795795795795794,0.4021861861861861,0.001981981981981982
12496565503,0.20807207207207207,0.10787987987987988,0.08142342342342343,0.24745345345345346,0.004072072072072072,0.06752552552552553,0.04016816816816817,0.010864864864864866,0.014624624624624626,0.21546546546546547,0.002450450450450451
12496722755,0.25482882882882885,0.20843843843843846,0.19011411411411408,0.05701501501501501,0.0004084084084084084,0.0235975975975976,0.20825825825825825,0.006870870870870871,0.04996996996996997,0.00047447447447447453,2.4024024024024028e-05
12496887265,0.2854774774774775,0.135987987987988,0.1328108108108108,0.176006006006006,0.005465465465465466,0.026018018018018015,0.01018018018018018,0.013345345345345346,0.03447447447447447,0.17963963963963964,0.0005945945945945945
12496940295,0.27178378378378376,0.11336336336336335,0.08993993993993994,0.19502702702702704,0.009111111111111113,0.07455855855855856,0.019255255255255257,0.013891891891891892,0.008846846846846845,0.20148348348348347,0.002738738738738739
12497053754,0.2997537537537537,0.010114114114114114,0.05884084084084084,0.3965165165165165,0.00025825825825825824,0.003213213213213213,0.0736996996996997,0.015117117117117116,0.010798798798798798,0.13168168168168168,6.006006006006007e-06
12497065235,0.1773993993993994,0.16587387387387387,0.10803003003003003,0.25699099099099093,0.009675675675675677,0.02506906906906907,0.014894894894894897,0.007459459459459459,0.007723723723723723,0.22215615615615614,0.004726726726726727
12497092273,0.18082282282282286,0.18991591591591592,0.06872072072072072,0.21448648648648647,0.011909909909909908,0.032636636636636636,0.022,0.006864864864864865,0.004606606606606607,0.26703903903903903,0.0009969969969969969
12497114985,0.2597177177177177,0.007543543543543542,0.029837837837837836,0.4778378378378378,0.028288288288288287,0.0005405405405405405,0.0025465465465465465,0.0041681681681681685,0.003141141141141141,0.185957957957958,0.00042042042042042044
12497128795,0.23778378378378376,0.17351951951951952,0.10394594594594593,0.20210210210210208,0.012948948948948949,0.09278678678678678,0.02058258258258258,0.0050510510510510505,0.006528528528528529,0.14415015015015015,0.0006006006006006006
12497216703,0.42386786786786784,0.21915915915915915,0.0589069069069069,0.15624624624624625,0.020024024024024024,0.005417417417417418,0.005015015015015015,0.0016756756756756755,0.016396396396396395,0.08980780780780781,0.003483483483483484
12497234034,0.40425225225225225,0.0074234234234234215,0.08827027027027028,0.15759159159159158,0.00012012012012012012,0.007045045045045046,0.15446246246246245,0.0038798798798798796,0.01115915915915916,0.16533933933933934,0.00045645645645645645
12497260794,0.19472072072072072,0.2023543543543544,0.07002402402402401,0.24578378378378374,0.0031951951951951947,0.027735735735735737,0.04428228228228228,0.012306306306306306,0.010954954954954957,0.18783783783783786,0.0008048048048048048
12497291294,0.22104504504504505,0.17192792792792794,0.14750150150150151,0.08066666666666665,0.0011051051051051053,0.13233633633633635,0.19874474474474474,0.004282282282282281,0.03275075075075075,0.009249249249249249,0.0003903903903903904
12497320934,0.3474774774774775,0.012114114114114114,0.14484684684684684,0.18487687687687687,0.007573573573573573,0.011057057057057056,0.028432432432432438,0.008384384384384382,0.013303303303303305,0.24141141141141145,0.0005225225225225224
12497387424,0.4438198198198198,0.2302522522522523,0.1439099099099099,0.06001201201201201,0.003177177177177177,0.01163963963963964,0.002642642642642643,0.004108108108108109,0.013345345345345346,0.08692492492492496,0.00016816816816816817
1427900367,0.05069866666666667,0.0010346666666666666,0.42288,0.15801066666666666,0.019146666666666663,0.09133866666666665,0.013829333333333334,0.006810666666666665,0.038917333333333325,0.17001066666666667,0.027322666666666662
1427900533,0.08047244094488189,0.0025984251968503933,0.16155118110236222,0.32121259842519684,0.05925196850393701,0.04937795275590552,0.2158897637795276,0.0008346456692913386,0.002535433070866141,0.05322047244094488,0.05305511811023623
1428779394,0.37681595092024533,0.004190184049079755,0.12680981595092025,0.02457055214723926,0.01661963190184049,0.07441717791411041,0.033588957055214724,0.0008895705521472395,0.17817791411042944,0.14789570552147238,0.016024539877300615
1428779914,0.3429572192513369,0.05444385026737968,0.37852941176470584,0.03300534759358289,0.08529411764705881,0.006524064171122994,0.013203208556149731,0.0056791443850267385,0.014005347593582887,0.04414973262032085,0.022208556149732616
1428780040,0.630496,0.02565333333333333,0.10457066666666667,0.096096,0.0092,0.008432,0.004661333333333332,0.010293333333333331,0.0023786666666666665,0.10729066666666667,0.000928
1593561917,0.3674208955223881,0.0,0.15334328358208954,0.1681910447761194,0.103444776119403,0.0,5.970149253731344e-06,5.970149253731344e-06,1.7910447761194035e-05,0.2075223880597015,4.776119402985074e-05
1593577773,0.017564179104477613,0.3978686567164179,0.03302089552238806,0.14379701492537314,0.15395820895522389,0.0003582089552238807,0.028776119402985075,0.0035641791044776117,0.0009731343283582087,0.21867462686567166,0.0014447761194029852
1593625299,0.18698507462686567,0.0721492537313433,0.10835223880597017,0.30694328358208955,0.033564179104477614,0.0001373134328358209,0.007205970149253732,0.0008179104477611939,0.0008298507462686566,0.2811343283582089,0.0018805970149253727
1593637477,0.09515223880597017,0.0996179104477612,0.2432358208955224,0.030280597014925376,0.15151044776119402,0.04150447761194031,0.016322388059701494,0.00011343283582089551,0.004859701492537313,0.042035820895522394,0.27536716417910445
1593638721,0.05681194029850746,0.3376179104477612,0.2447283582089552,0.059092537313432836,0.06734925373134329,0.03493731343283582,0.01707462686567164,2.985074626865672e-05,0.002358208955223881,0.0020417910447761197,0.17795820895522388
1593640601,0.027528358208955224,0.3613014925373135,0.1407283582089552,0.0015761194029850745,0.0018865671641791048,0.3868537313432836,0.0024716417910447762,0.0004,0.0013731343283582087,0.0006029850746268657,0.07527761194029851
1593676427,0.016305389221556887,0.04040119760479042,0.0112874251497006,0.7339341317365269,0.0010479041916167664,0.0009281437125748503,0.014646706586826347,0.0004491017964071856,4.191616766467066e-05,0.1808622754491018,9.580838323353292e-05
1593702245,0.3086686567164179,0.0,0.010692537313432835,0.5523701492537313,0.016376119402985074,0.0,2.985074626865672e-05,0.0,0.0,0.11186268656716418,0.0
1594456014,0.20957014925373132,0.4545432835820896,0.06229253731343284,0.09622686567164179,0.06236417910447761,0.000573134328358209,0.004185074626865672,0.005576119402985075,0.010059701492537314,0.09250746268656716,0.002101492537313433
1594465288,0.0682089552238806,0.0035462686567164173,0.20310447761194034,0.6614865671641791,0.010238805970149254,0.00014925373134328356,0.019952238805970145,0.00041194029850746263,4.776119402985074e-05,0.027683582089552242,0.005170149253731343
1594470000,0.0038985074626865673,0.6079582089552239,0.18157014925373136,0.023510447761194028,0.07808955223880595,0.003629850746268657,0.01765373134328358,8.955223880597014e-05,0.0010805970149253732,0.031182089552238806,0.05133731343283582
1594488068,0.05784477611940299,0.5835462686567165,0.061116417910447765,0.1102686567164179,0.09825074626865672,0.0011761194029850743,0.000626865671641791,0.0002865671641791045,0.0002805970149253731,0.008382089552238804,0.07822089552238806
1594509232,0.19158805970149254,2.388059701492537e-05,0.1648179104477612,0.08921194029850744,0.005552238805970149,0.02848955223880597,0.010543283582089552,0.00025074626865671644,0.17229850746268655,0.2694507462686567,0.06777313432835821
218441561,0.00042042042042042044,0.0,0.06483483483483483,1.8018018018018016e-05,0.012342342342342343,0.0463963963963964,2.4024024024024028e-05,0.0,0.0002042042042042042,0.0024144144144144144,0.8733453453453452
218441624,0.017417417417417418,0.3642522522522523,0.01574174174174174,0.0017357357357357358,0.5667867867867867,6.006006006006007e-06,0.0,0.0,0.0,0.02917117117117117,0.004888888888888889
218442238,0.20805438066465254,0.0,0.0,0.4305498489425981,0.0,0.0,0.0,0.0,0.0,0.3613957703927492,0.0
218442505,0.040636636636636636,0.4000720720720721,0.028360360360360364,0.015933933933933934,0.3847927927927928,4.8048048048048055e-05,0.0004024024024024024,6.006006006006006e-05,3.003003003003003e-05,0.033129129129129124,0.09653453453453452
218442543,0.009367781155015195,0.33617021276595743,0.2489848024316109,0.029191489361702124,0.06334954407294832,0.0050516717325227965,0.01964741641337386,0.0,2.43161094224924e-05,0.2773191489361702,0.010893617021276595
218442599,0.022972809667673715,0.0018429003021148038,0.456416918429003,0.06877945619335347,0.01945619335347432,0.017262839879154078,0.16925679758308154,0.0007190332326283989,0.008876132930513595,0.14939577039274926,0.08502114803625377
218442851,0.6719279279279279,6.006006006006007e-06,0.1701081081081081,0.02786786786786787,0.025447447447447445,0.002078078078078078,0.013795795795795795,0.0006006006006006006,0.013213213213213212,0.06224624624624624,0.012708708708708707
218443475,0.5507027027027027,0.3305405405405405,0.010216216216216215,0.021483483483483484,0.08486486486486486,0.0,8.408408408408409e-05,0.0003783783783783784,1.8018018018018016e-05,0.0013693693693693693,0.0003423423423423424
218443542,0.3499159159159159,0.03712912912912913,0.01541741741741742,0.04403003003003003,0.4793753753753754,0.0,3.003003003003003e-05,0.0001381381381381381,0.0,0.04596396396396396,0.028
2447456907,0.030408408408408406,0.2848468468468469,0.2804744744744745,0.016072072072072074,0.0036756756756756758,0.3366246246246246,0.0015795795795795794,0.0118018018018018,0.026504504504504502,0.004756756756756757,0.003255255255255255
2463745419,0.1642814371257485,0.18054491017964072,0.015886227544910182,0.1237065868263473,0.30197604790419164,5.9880239520958085e-06,0.0127125748502994,0.01376047904191617,7.185628742514969e-05,0.17800598802395207,0.009047904191616765
2463748497,0.183255,0.443125,0.070655,0.117005,0.04163,0.002375,0.016745,0.007185,0.020215,0.093175,0.004635
2463752189,0.08017261904761903,0.17720833333333333,0.5394761904761904,0.10201190476190476,0.012636904761904762,0.015410714285714288,0.031464285714285715,0.006505952380952381,0.0028214285714285715,0.01400595238095238,0.018285714285714287
2463754369,0.1465568862275449,0.25003592814371256,0.07840718562874252,0.20032934131736527,0.17888023952095808,5.988023952095808e-05,0.05963473053892216,0.010976047904191615,0.00012574850299401196,0.07131137724550897,0.003682634730538922
2463764943,0.06427710843373494,0.2432951807228916,0.13229518072289154,0.07498192771084337,0.3389277108433735,0.0024759036144578308,0.02356626506024096,0.006198795180722892,0.0005843373493975904,0.08131325301204818,0.03208433734939759
2463774021,0.12233128834355828,0.33961349693251536,0.1196564417177914,0.013368098159509205,0.1102883435582822,0.2533619631901841,0.00301840490797546,0.003423312883435583,0.002380368098159509,0.002067484662576687,0.03049079754601227
2463787037,0.018817910447761196,0.11240597014925373,0.03996417910447761,0.39753432835820895,0.4034149253731344,5.970149253731344e-06,0.0013850746268656714,0.012125373134328358,9.552238805970148e-05,0.008913432835820896,0.005337313432835821
2463789333,0.06165165165165165,0.5540300300300302,0.13741141141141142,0.03763363363363363,0.13530930930930932,0.004930930930930931,0.010516516516516515,0.010822822822822823,0.011231231231231232,0.02741141141141141,0.009051051051051051
2463791517,0.03008333333333333,0.7993749999999998,0.0039642857142857145,0.0037976190476190475,0.1606607142857143,0.0,5.9523809523809525e-06,0.00011309523809523809,0.0,0.0014821428571428572,0.0005178571428571428
2463793937,0.12084242424242425,0.2925636363636364,0.05123030303030303,0.4196363636363637,0.10072727272727272,0.0,0.0008606060606060606,0.004363636363636364,1.2121212121212124e-05,0.009678787878787879,8.484848484848483e-05
2464582312,0.11681194029850744,0.7060298507462687,0.031170149253731343,0.03328358208955224,0.04054328358208955,0.0018746268656716415,0.009964179104477612,0.00471044776119403,0.0008298507462686566,0.041886567164179114,0.012895522388059702
2464598498,0.12436363636363636,0.5072484848484848,0.07259393939393939,0.0678060606060606,0.0763030303030303,0.0007454545454545455,0.010036363636363637,0.019103030303030302,0.0019272727272727273,0.11111515151515153,0.008757575757575756
2464599776,0.0674954954954955,0.7076816816816817,0.05481081081081081,0.050942942942942944,0.05905705705705705,0.0,0.0012132132132132132,0.0017717717717717718,1.8018018018018016e-05,0.05115315315315315,0.005855855855855856
2464609084,0.22268098159509206,0.38598159509202457,0.25201840490797545,0.018723926380368097,0.0413680981595092,0.046570552147239264,0.0020920245398773005,0.0012576687116564414,0.000852760736196319,0.004184049079754601,0.024269938650306747
2464615440,0.2241570996978852,0.514392749244713,0.05228398791540786,0.0028640483383685802,0.19719637462235648,1.812688821752266e-05,0.00013293051359516617,0.0002416918429003021,2.416918429003021e-05,0.0008882175226586101,0.007800604229607252
2517655296,0.2453033033033033,0.038174174174174166,0.12701501501501505,0.05362162162162162,0.16416816816816818,8.408408408408409e-05,0.0020540540540540547,0.005075075075075074,0.0013273273273273272,0.35501501501501503,0.008162162162162163
2685896883,0.1376,0.011408,0.06671466666666667,0.2338186666666667,0.04664,0.00029866666666666664,0.002906666666666667,0.001888,0.0025493333333333327,0.47712,0.019056
2685906651,0.05365866666666666,0.016122666666666667,0.09952,0.16673066666666667,0.21879466666666667,0.0060693333333333346,0.015146666666666666,0.00688,0.054709333333333325,0.3126506666666667,0.049717333333333336
2685907307,0.0757720207253886,0.0417720207253886,0.05597409326424871,0.29289119170984457,0.35379274611398964,0.002316062176165803,0.0021036269430051813,0.00638860103626943,0.002,0.15112953367875648,0.015860103626943005
2685907715,0.053061333333333335,0.035664,0.07828266666666665,0.549376,0.2307946666666667,5.333333333333334e-06,0.000304,0.00020266666666666667,1.0666666666666667e-05,0.05212266666666666,0.000176
2685911327,0.045477333333333335,0.02004266666666667,0.026272000000000004,0.038704,0.3930186666666666,0.004336,0.0033173333333333327,0.01135466666666667,0.006181333333333333,0.336896,0.1144
2685913455,0.100384,0.006912,0.0020746666666666665,0.09753066666666665,0.2534293333333333,0.0,0.00013333333333333334,0.00010666666666666668,0.0,0.5394293333333333,0.0
2686709276,0.016461139896373055,0.3193626943005181,0.037709844559585495,0.4861347150259067,0.12468911917098445,7.7720207253886e-05,9.844559585492228e-05,0.005963730569948186,0.0010984455958549222,0.0,0.008404145077720207
2686712866,0.13245866666666667,0.031488,0.029264,0.584416,0.033408,0.00216,0.00368,0.009925333333333331,0.009610666666666665,0.16121066666666667,0.0023786666666666665
2686714982,0.001088,0.06872533333333332,0.0006346666666666666,0.6113493333333333,0.03178133333333333,5.333333333333334e-06,0.0007839999999999998,0.0004693333333333333,0.001648,0.28348266666666666,3.2e-05
2686716842,0.0036213333333333327,0.005669333333333334,0.011989333333333331,0.063152,0.3265173333333333,0.0,0.00020266666666666667,0.00256,0.0,0.5694666666666666,0.016821333333333334
2686717340,0.055573333333333336,0.003488,0.059664,0.151344,0.19208,3.733333333333333e-05,0.0011733333333333333,0.005621333333333333,0.041765333333333335,0.4790986666666666,0.010154666666666666
2686723074,0.055492227979274604,0.06146113989637305,0.0771761658031088,0.09910880829015543,0.4359948186528497,8.808290155440414e-05,0.009217616580310879,0.0578341968911917,0.022440414507772018,0.1445284974093264,0.036658031088082896
2686725548,0.08013866666666665,0.030144,0.02373333333333333,0.33837866666666666,0.18708266666666667,0.0,4.266666666666666e-05,0.0022826666666666672,0.00021866666666666668,0.33770666666666666,0.000272
2686727136,0.3452266666666667,0.10955733333333334,0.21101333333333333,0.029392,0.014021333333333334,0.041450666666666657,0.029136,0.021696,0.188784,0.0043413333333333325,0.005381333333333334
2686728102,0.040133333333333326,0.207344,0.014309333333333334,0.01808,0.00013866666666666666,0.3204,0.00042666666666666667,0.008565333333333331,0.09661866666666669,0.13482666666666668,0.15915733333333335
2718956990,0.0002746268656716418,0.9691641791044776,0.00029850746268656717,0.02840597014925373,4.179104477611941e-05,0.0,0.0,1.1940298507462685e-05,5.970149253731344e-06,0.0017970149253731344,0.0
2735188949,0.18756268221574346,0.2452711370262391,0.05443148688046647,0.2640466472303207,0.11493877551020408,0.0005481049562682216,0.005288629737609329,0.010606413994169095,0.002594752186588921,0.11002332361516036,0.004688046647230321
2736291534,0.04133866666666666,0.627216,0.054672,0.07661333333333335,0.10835733333333332,7.466666666666666e-05,0.0026986666666666665,0.005797333333333333,0.00010133333333333332,0.046917333333333325,0.03621333333333333
2837147288,0.146853470437018,0.5874858611825193,0.007799485861182519,0.07775321336760925,0.1529203084832905,0.0,0.0009974293059125965,0.001768637532133676,7.712082262210797e-05,0.020889460154241646,0.003455012853470437
2898278335,0.25942342342342345,0.0,0.3448288288288288,0.05433633633633634,0.008930930930930931,0.0,0.0012732732732732733,0.0002702702702702703,4.204204204204204e-05,0.3297657657657658,0.0011291291291291288
2898280373,0.13326126126126125,0.0,0.5902882882882882,0.09688288288288288,0.15786186186186185,0.0,0.008642642642642643,0.0005645645645645644,0.0014894894894894894,0.009087087087087086,0.0019219219219219214
2898308633,0.07372372372372371,0.003309309309309309,0.5557237237237237,0.09729129129129127,0.08182582582582584,0.04742942942942943,0.011177177177177177,0.0017357357357357358,0.012942942942942943,0.0065045045045045045,0.10833633633633634
2898338603,0.282990990990991,0.008492492492492492,0.0523963963963964,0.6083003003003002,0.018726726726726727,0.0,0.0010810810810810813,0.013309309309309307,0.00011411411411411411,0.014588588588588587,0.0
2898340443,0.3063783783783784,0.018006006006006006,0.11598798798798797,0.4725345345345345,0.03016816816816817,0.002618618618618618,0.00212012012012012,0.03124924924924925,0.0010270270270270273,0.019849849849849846,6.006006006006006e-05
2899117016,0.3197957957957958,0.002990990990990991,0.31275675675675674,0.04407807807807808,0.06738138138138138,0.0005165165165165165,0.0038378378378378375,0.01018018018018018,0.025981981981981983,0.2109069069069069,0.0015735735735735734
2899133600,0.4038318318318319,0.0036996996996997,0.3720840840840841,0.0016156156156156155,0.0792912912912913,0.03264864864864865,0.00048048048048048047,0.0047987987987988,0.0307987987987988,0.011003003003003005,0.05974774774774775
2899148700,0.07613813813813812,0.005429429429429429,0.5361141141141141,0.02517117117117117,0.02663063063063063,0.09306906906906909,0.0008408408408408409,0.005327327327327327,0.04021621621621622,0.0039579579579579575,0.1871051051051051
2904231145,0.14245645645645647,0.0,0.37310510510510503,0.018144144144144145,0.012990990990990992,0.016372372372372372,0.00023423423423423422,0.00015015015015015014,0.04744144144144144,0.3883423423423423,0.0007627627627627627
2904232819,0.16650450450450446,0.0035615615615615616,0.4409129129129129,0.040186186186186176,0.2667927927927928,0.004246246246246246,0.007801801801801802,0.0019939939939939933,0.0008768768768768767,0.061375375375375366,0.0057477477477477475
2905077484,0.1085945945945946,0.0008108108108108108,0.13622822822822822,0.21350750750750752,0.1806246246246246,0.0013993993993993994,0.005837837837837838,0.002084084084084084,0.003249249249249249,0.3441561561561561,0.0035075075075075074
2907636079,0.06918918918918919,6.006006006006007e-06,0.7608888888888888,0.14584984984984986,0.013003003003003005,0.00010810810810810812,0.003321321321321321,0.003945945945945945,0.003477477477477477,0.00012012012012012012,9.009009009009008e-05
2907637389,0.050606606606606604,0.0,0.5516816816816816,0.2267867867867868,0.008912912912912912,0.0012672672672672672,0.11727927927927928,0.009081081081081079,0.010570570570570571,0.023225225225225226,0.0005885885885885886
2907638727,0.2450990990990991,0.018114114114114115,0.3054294294294294,0.245951951951952,0.005357357357357357,0.032336336336336334,0.018570570570570568,0.013789789789789788,0.04483483483483484,0.0703963963963964,0.00012012012012012012
2908480738,0.17096696696696698,0.3677297297297297,0.08873273273273273,0.3426366366366366,0.0037477477477477475,0.0025345345345345344,0.00038438438438438444,0.005597597597597597,0.017333333333333333,0.0003363363363363364,0.0
3092716777,0.42096533333333336,0.07234133333333331,0.13032,0.075952,0.066096,4.8e-05,0.0004746666666666666,0.0028373333333333328,0.002272,0.22072533333333333,0.007967999999999998
3092717999,0.352352,0.01614933333333334,0.10626666666666666,0.181152,0.03790933333333334,0.002474666666666667,0.003856,0.0067786666666666655,0.003066666666666667,0.22650666666666666,0.063488
3092724249,0.21170133333333327,0.183936,0.2847786666666667,0.12319466666666665,0.08168533333333332,0.003114666666666666,0.0014453333333333336,0.0006613333333333333,0.0014026666666666664,0.0005866666666666667,0.10749333333333333
3093557056,0.19369066666666668,0.018090666666666668,0.16473066666666664,0.3074133333333333,0.046624,0.0006506666666666666,0.0059573333333333344,0.007690666666666666,0.004538666666666666,0.21670933333333334,0.033904
3093560172,0.2365386666666667,0.0008853333333333332,0.37146666666666667,0.04336,0.06672,0.0003733333333333333,0.00208,0.0016426666666666664,0.001584,0.06220266666666668,0.21314666666666668
3093561204,0.4943733333333333,0.005712,0.0050666666666666655,0.289952,0.01584,5.333333333333334e-06,0.0014826666666666664,0.004570666666666666,0.00018133333333333331,0.1820213333333333,0.0007946666666666667
3093564182,0.166048,0.052650666666666665,0.065696,0.40985600000000005,0.033504,0.0002453333333333333,0.007168,0.010213333333333331,0.005829333333333333,0.241152,0.007637333333333333
3093566474,0.341632,0.06211733333333332,0.12733333333333333,0.18810133333333331,0.04432,0.000848,0.005013333333333333,0.004698666666666667,0.0032106666666666672,0.17038933333333334,0.052336
3102174199,0.3746933333333333,0.10477866666666667,0.049125333333333326,0.21626133333333333,0.01946133333333333,0.0016053333333333336,0.008917333333333331,0.005333333333333333,0.003456,0.19861333333333334,0.01775466666666666
3102901056,0.6117813333333333,0.012816,0.041984,0.18786133333333327,0.08414399999999998,0.002501333333333333,0.0037973333333333336,0.0059253333333333345,0.0012106666666666667,0.04568,0.002298666666666667
3103006230,0.4179733333333333,0.041952,0.032208,0.19809066666666664,0.030128,8.533333333333334e-05,0.0006773333333333333,0.00344,0.0021813333333333333,0.2716106666666667,0.0016533333333333333
3103007040,0.3245866666666667,0.04957866666666666,0.17233066666666666,0.16898133333333334,0.03235733333333333,0.0007093333333333332,0.0037653333333333328,0.003536,0.001184,0.22329066666666667,0.01968
3103008752,0.4390133333333333,0.06218666666666666,0.08358933333333332,0.12693333333333334,0.03983466666666666,0.005226666666666666,0.003530666666666667,0.009205333333333331,0.005669333333333334,0.20346133333333333,0.02134933333333333
3113303153,0.420784,0.009328,0.09433066666666666,0.05061866666666666,0.3343573333333333,0.002458666666666667,0.0077066666666666655,0.016453333333333334,0.001472,0.03768,0.02481066666666667
336289276,0.3153973333333333,0.380288,0.110848,0.10046933333333333,0.015498666666666666,0.0007413333333333333,0.02416533333333333,0.0031786666666666673,0.0016586666666666664,0.045557333333333325,0.0021973333333333333
336290206,0.08595733333333333,0.11071466666666667,0.18677866666666668,0.42064,0.0021973333333333333,0.000576,0.063008,0.00336,0.003632,0.11641066666666665,0.006725333333333333
336290760,0.11682666666666665,0.4314933333333333,0.14909333333333333,0.2493973333333333,0.0035093333333333326,0.0,0.024138666666666662,0.0028853333333333326,0.00017066666666666668,0.022410666666666662,7.466666666666666e-05
336291419,0.28786133333333336,0.2834346666666667,0.09711466666666667,0.178736,0.002762666666666667,0.00016533333333333333,0.055744,0.007818666666666666,0.001392,0.083792,0.0011786666666666664
336291787,0.007056,0.550256,0.09319466666666665,0.087232,0.00019733333333333327,1.6e-05,0.040736,0.005024,5.8666666666666665e-05,0.21581866666666666,0.00041066666666666666
336293060,0.4831786666666666,0.013194666666666669,0.10690666666666666,0.2939253333333333,0.000816,0.003413333333333333,0.02496,0.003717333333333333,0.004192,0.05639466666666666,0.009301333333333332
336293496,0.075056,0.7417173333333333,0.05134933333333333,0.04421866666666667,0.0010933333333333333,0.00020266666666666667,0.015872,0.008032,0.0012853333333333336,0.058922666666666665,0.002250666666666667
336294636,0.16384,0.028634666666666662,0.304656,0.4068906666666666,0.002485333333333333,0.0009013333333333332,0.03909333333333333,0.003578666666666666,0.0013066666666666667,0.04256,0.0060533333333333324
336296758,0.087536,0.173328,0.328512,0.37661333333333336,0.003328,0.0003253333333333333,0.0050933333333333325,0.006624,0.0048533333333333345,0.006042666666666666,0.007744
336298478,0.09181866666666669,0.17784533333333333,0.185984,0.4756053333333333,0.0032106666666666672,0.00021866666666666668,0.018442666666666663,0.01897066666666667,0.004538666666666666,0.02206933333333333,0.001296
336299144,0.054181333333333324,0.451456,0.27469866666666665,0.145184,0.0028533333333333327,0.00272,0.017994666666666666,0.006368,0.010325333333333334,0.019312,0.014906666666666669
336301199,0.28025066666666665,0.4346453333333333,0.04807466666666666,0.032485333333333324,0.07367999999999998,0.00016533333333333333,0.02376,0.0013653333333333336,0.0007573333333333334,0.10342933333333333,0.0013866666666666667
336301787,0.05077333333333333,0.0005866666666666667,0.20989333333333327,0.5657013333333333,0.006026666666666665,0.046730666666666656,0.0368,0.0032479999999999996,0.006832,0.04149866666666667,0.031909333333333324
336302378,0.184832,0.0054613333333333345,0.07109866666666667,0.4360373333333333,0.013482666666666669,0.0006026666666666667,0.048672,0.009573333333333331,0.0038293333333333335,0.21762666666666666,0.008784
336303595,0.3417813333333333,3.2e-05,0.2690773333333333,0.11482666666666665,0.0067786666666666655,8.533333333333334e-05,0.14282666666666666,0.0013813333333333336,0.00021866666666666668,0.12220266666666668,0.0007893333333333333
3770431016,0.3305813333333333,0.08159466666666665,0.011210666666666669,0.341232,0.029626666666666662,1.6e-05,0.006213333333333335,0.0046773333333333346,0.00056,0.1941493333333333,0.00013866666666666666
3770432440,0.438112,0.008245333333333332,0.004981333333333332,0.36621866666666664,0.0018346666666666667,0.0,0.0018613333333333331,0.004053333333333332,1.6e-05,0.172848,0.0018293333333333332
3829736243,0.4034834834834835,0.022846846846846847,0.300048048048048,0.0244984984984985,0.08159159159159159,0.002780780780780781,0.006198198198198199,0.0008228228228228228,0.02396996996996997,0.11536936936936935,0.01839039039039039
3829736657,0.8913633633633634,0.0,0.07264264264264264,0.00025225225225225225,7.207207207207206e-05,0.012366366366366366,4.8048048048048055e-05,0.0007807807807807806,0.006786786786786787,0.00010810810810810812,0.015579579579579582
3829737429,0.3104864864864865,0.0,0.5829669669669669,0.005567567567567568,0.0005405405405405405,0.023183183183183183,0.0011831831831831832,0.0003423423423423424,0.06324324324324325,0.0047987987987988,0.007687687687687686
3829738107,0.07723723723723724,0.0,0.7015975975975977,0.0007867867867867867,1.2012012012012014e-05,0.13929729729729728,6.006006006006007e-06,0.0028708708708708713,0.07769969969969971,0.0,0.0004924924924924925
3829738249,0.0505945945945946,0.0,0.6273453453453454,0.002846846846846847,4.204204204204204e-05,0.1885945945945946,6.006006006006006e-05,0.004102102102102102,0.12496696696696695,0.0,0.0014474474474474475
3829738763,0.4401261261261261,0.0,0.515021021021021,0.003189189189189189,0.003423423423423424,0.00821021021021021,0.0008408408408408409,0.00022822822822822822,0.01509309309309309,0.004330330330330329,0.009537537537537536
3830532848,0.40899099099099107,0.0,0.5312072072072072,0.0007687687687687687,0.0003183183183183183,0.023957957957957958,0.0003903903903903904,0.0002882882882882883,0.01891891891891892,0.0004444444444444444,0.014714714714714715
3830533180,0.3703843843843844,0.0,0.5232852852852853,0.01890690690690691,0.001051051051051051,0.009945945945945946,0.0013513513513513516,0.0009549549549549551,0.05794594594594595,0.008432432432432432,0.007741741741741741
3830533352,0.21007207207207207,0.0,0.7014054054054054,0.029495495495495495,0.0071711711711711715,0.008390390390390391,0.00042642642642642644,0.00017417417417417416,0.03156156156156156,0.002600600600600601,0.008702702702702703
3830534392,0.2855135135135135,0.0,0.606936936936937,0.012024024024024024,0.003075075075075075,0.03542942942942943,0.0004624624624624624,9.609609609609608e-05,0.03795795795795796,0.004432432432432433,0.014072072072072072
3830534494,0.6483903903903904,0.0,0.3163963963963964,0.0005825825825825825,0.00022822822822822822,0.013093093093093092,0.00042642642642642644,0.0002822822822822822,0.009231231231231232,0.0023843843843843844,0.008984984984984986
3830534876,0.30455855855855857,0.00015615615615615616,0.3620540540540541,0.2533273273273273,0.014204204204204204,0.0025465465465465465,0.0025165165165165165,6.606606606606607e-05,0.008972972972972974,0.04636036036036036,0.005237237237237236
3830535032,0.3263603603603604,0.0,0.451981981981982,0.10389189189189188,0.0051711711711711714,0.0029489489489489488,0.006264264264264264,1.8018018018018016e-05,0.010504504504504505,0.0838978978978979,0.008960960960960959
3830535182,0.5277537537537538,0.0,0.31356756756756754,0.016012012012012012,0.0016816816816816818,0.018480480480480482,0.007309309309309309,8.408408408408409e-05,0.014894894894894897,0.08067267267267267,0.019543543543543544
3830535342,0.3967447447447448,0.0,0.5502582582582582,0.011867867867867869,0.00013213213213213214,0.028954954954954957,0.0005765765765765766,9.009009009009008e-05,0.009753753753753754,0.0002222222222222222,0.0013993993993993994
3852429547,0.18532085561497327,0.27189304812834225,0.10410160427807487,0.18184491978609627,0.06461497326203207,0.002679144385026738,0.008251336898395722,0.01735294117647059,0.002663101604278075,0.13847593582887702,0.02280213903743316
3853243966,0.14326203208556149,0.17662032085561494,0.10666844919786096,0.2544812834224599,0.19982352941176473,0.00047058823529411766,0.009978609625668449,0.02046524064171123,0.0004171122994652407,0.07040641711229946,0.017406417112299462
3859608467,0.06015023474178404,0.6211549295774648,0.12116431924882627,0.08165258215962441,0.05509859154929578,5.6338028169014086e-05,0.005089201877934272,0.0012018779342723006,0.00019718309859154928,0.05196244131455399,0.002272300469483568
4002501619,0.2218434163701068,0.4465266903914591,0.030170818505338082,0.06377224199288256,0.17269750889679714,0.0,7.11743772241993e-05,0.0016370106761565836,0.0,0.0632526690391459,2.8469750889679717e-05
4004310229,0.38436298932384333,0.09687544483985763,0.014640569395017794,0.17126690391459073,0.04241281138790036,0.0004128113879003559,0.001487544483985765,0.019658362989323844,0.0139644128113879,0.25197153024911034,0.0029466192170818505
4004481791,0.22291103202846976,0.35634875444839853,0.1555373665480427,0.1500782918149466,0.03166548042704626,0.004348754448398578,0.005665480427046264,0.0038007117437722413,0.003117437722419929,0.054320284697508894,0.01220640569395018
4004620403,0.08353024911032028,0.4538007117437722,0.039722419928825616,0.025160142348754445,0.3128256227758007,0.00039145907473309616,0.002512455516014235,0.007316725978647686,0.0005622775800711744,0.033523131672597864,0.040654804270462634
4004643769,0.0009110320284697507,0.531729537366548,0.2730320284697509,0.1835800711743772,0.009131672597864769,0.0,4.270462633451957e-05,0.00019217081850533808,0.00010676156583629892,0.0009537366548042703,0.0003202846975088968
4004949705,0.0036156583629893243,0.2432099644128114,0.2491103202846975,0.06834875444839858,0.3345053380782918,0.0007686832740213523,7.117437722419929e-06,5.6939501779359435e-05,0.00027758007117437725,5.6939501779359435e-05,0.10004270462633452
4004951697,0.13215658362989324,0.090711743772242,0.12658362989323846,0.2329039145907473,0.048661921708185056,0.06073309608540925,0.006911032028469751,0.009330960854092529,0.044498220640569394,0.24392882562277576,0.0035800711743772242
4005081942,0.3635444839857651,0.0779644128113879,0.09687544483985763,0.2843629893238434,0.015743772241992884,2.8469750889679717e-05,0.0026049822064056934,0.003587188612099644,0.00016370106761565836,0.15352313167259787,0.001601423487544484
4005237996,0.15379359430604986,0.39849822064056933,0.23508896797153025,0.09682562277580073,0.03977224199288256,0.00202135231316726,0.003281138790035587,0.0035800711743772242,0.0015800711743772242,0.04696085409252669,0.018597864768683275
4005242376,0.13214946619217086,0.4287615658362989,0.1731387900355872,0.1727829181494662,0.02304626334519573,0.008185053380782919,0.00977224199288256,0.001793594306049822,0.0021423487544483984,0.045202846975088966,0.0030249110320284696
4005254266,0.08980782918149464,0.5179288256227758,0.006412811387900356,0.10800000000000001,0.073644128113879,3.558718861209965e-05,0.00039145907473309616,0.004512455516014235,2.1352313167259786e-05,0.19911743772241994,0.00012811387900355873
4005389610,0.21077580071174376,0.03475444839857651,0.13590035587188612,0.4791459074733096,0.023117437722419927,0.017750889679715304,0.017224199288256227,0.023544483985765124,0.010889679715302492,0.045601423487544486,0.0012953736654804273
4005717530,0.14184341637010675,0.11560142348754447,0.2739644128113879,0.04518149466192171,0.02481850533807829,0.13898220640569395,0.008633451957295373,0.006911032028469751,0.018825622775800712,0.21195729537366548,0.013281138790035587
4005718500,0.12543772241992882,0.2180071174377224,0.2154306049822064,0.15679003558718865,0.041537366548042715,0.04995729537366548,0.009231316725978649,0.004612099644128114,0.006334519572953737,0.06096797153024911,0.11169395017793594
4015325236,0.29107473309608534,4.270462633451957e-05,0.06670462633451957,0.6366975088967971,0.0002491103202846975,0.0,0.0030960854092526692,0.001274021352313167,0.0,0.0008469750889679715,1.4234875444839855e-05
4527531321,0.1844,0.4958986666666666,0.022992,0.2274666666666667,0.031376,5.333333333333334e-06,0.009221333333333331,0.007754666666666666,2.133333333333333e-05,0.01966933333333333,0.0011946666666666664
4527723097,0.028064,0.572112,0.17206933333333332,0.16301333333333334,0.06425066666666665,0.0,3.2e-05,0.000128,0.0,0.00033066666666666666,0.0
4528010081,0.4741377245508982,0.0,0.0,0.505251497005988,0.0,0.0,0.0,0.0,0.0,0.020610778443113768,0.0
4528010413,0.1651497005988024,0.38291017964071855,0.045365269461077835,0.36,0.02144311377245509,0.00020958083832335326,0.0014251497005988026,0.0025868263473053893,0.005580838323353293,0.0151437125748503,0.00018562874251497005
4528155676,0.19272,0.5966186666666666,0.023808,0.15825066666666668,0.025824,0.0,0.000928,0.001008,0.0,0.0007786666666666665,6.4e-05
4528159154,0.13738666666666666,0.496176,0.03229866666666667,0.2552906666666667,0.027146666666666663,0.0,0.007802666666666667,0.005845333333333334,0.0,0.037162666666666656,0.0008906666666666666
4528166814,0.173008,0.5200053333333333,0.03668266666666666,0.21624,0.030661333333333325,0.0,0.004672,0.002101333333333333,0.0,0.016064,0.0005653333333333334
4528181226,0.02861333333333333,0.4477973333333333,0.278112,0.18943466666666667,0.046837333333333335,0.0,0.0012853333333333336,0.000672,2.666666666666667e-05,0.005509333333333333,0.0017120000000000002
4528643488,0.4881317365269461,0.0,0.0,0.4799101796407186,0.0,0.0,0.0,0.0,0.0,0.031958083832335324,0.0
4528643586,0.24637125748502994,0.16693413173652694,0.045610778443113766,0.4524311377245509,0.006688622754491018,0.017467065868263472,0.004425149700598803,0.003778443113772455,0.005964071856287425,0.04489820359281437,0.0054311377245508975
4528643888,0.2336287425149701,0.1424610778443114,0.22994011976047904,0.2314431137724551,0.1032994011976048,0.0036107784431137725,0.004269461077844311,0.0138562874251497,0.003131736526946108,0.033083832335329334,0.0012754491017964071
4531527508,0.11169066666666666,0.05105066666666666,0.2057493333333333,0.36356266666666665,0.12730133333333332,0.0003413333333333333,0.016298666666666666,0.0056746666666666655,5.8666666666666665e-05,0.10561066666666667,0.012661333333333332
4531616981,0.195296,0.24352,0.14624,0.17703466666666667,0.03130666666666666,0.0009386666666666666,0.027808,0.009856,0.0003253333333333333,0.162032,0.005642666666666666
4531625489,0.155664,0.4981813333333333,0.08305066666666665,0.15306666666666666,0.043621333333333324,5.333333333333334e-06,0.020266666666666662,0.0039946666666666655,5.333333333333333e-05,0.04133866666666666,0.0007573333333333334
4531677203,0.04750933333333333,0.43537066666666663,0.33233066666666666,0.13770666666666667,0.04033066666666666,0.0,0.0013866666666666667,0.002032,0.00029866666666666664,0.0021386666666666668,0.000896
4531681633,0.040520958083832326,0.004724550898203593,0.5968383233532935,0.10359281437125747,0.044293413173652686,0.024005988023952096,0.02731736526946108,0.002341317365269461,0.0036886227544910173,0.05497604790419162,0.0977005988023952
4532153496,0.11169066666666666,0.05105066666666666,0.2057493333333333,0.36356266666666665,0.12730133333333332,0.0003413333333333333,0.016298666666666666,0.0056746666666666655,5.8666666666666665e-05,0.10561066666666667,0.012661333333333332
4532265568,4.179104477611941e-05,0.995844776119403,2.985074626865672e-05,0.0034089552238805968,0.0,0.0,0.0,0.0,0.0,0.0006746268656716418,0.0
4532292088,0.10544533333333334,0.6817493333333333,0.05451733333333333,0.08695466666666665,0.01696,2.666666666666667e-05,0.014847999999999998,0.0023946666666666665,5.333333333333334e-06,0.034496,0.002602666666666667
4532322806,0.091024,0.05333333333333334,0.14958933333333332,0.44197866666666663,0.047781333333333335,0.0,0.00776,0.017381333333333332,0.000192,0.188912,0.002048
4622498265,0.27941317365269464,0.057455089820359274,0.02023952095808383,0.3308323353293413,0.041838323353293405,0.0005628742514970059,0.0016946107784431136,0.006550898203592815,0.003754491017964072,0.2567724550898204,0.0008862275449101795
4622498601,0.30858682634730533,0.2892335329341317,0.042820359281437126,0.2211377245508982,0.06501796407185627,0.010808383233532934,0.005107784431137724,0.00444311377245509,0.007508982035928144,0.03683832335329342,0.008497005988023951
4622498763,0.2988502994011976,0.08967065868263473,0.26665269461077845,0.1574491017964072,0.0994191616766467,0.0005389221556886227,0.0020838323353293414,0.003766467065868264,0.006730538922155689,0.047185628742514966,0.027652694610778444
4793714649,0.158864,0.299488,0.029114666666666667,0.24506666666666665,0.098208,0.0007146666666666666,0.007013333333333333,0.021290666666666663,0.056325333333333324,0.06968,0.014234666666666666
4830650731,0.05919277108433735,0.2762831325301205,0.14840963855421688,0.14883734939759036,0.006963855421686746,0.00015060240963855426,0.3012771084337349,0.002457831325301205,0.002168674698795181,0.0536566265060241,0.0006024096385542169
4831261338,0.22363855421686746,0.5345783132530121,0.08089759036144578,0.12292168674698795,0.00858433734939759,1.8072289156626505e-05,0.013367469879518071,0.0031204819277108435,4.216867469879517e-05,0.008885542168674699,0.00394578313253012
487253534,0.08578133333333332,0.412816,0.1656,0.20014933333333332,0.044848,0.00021866666666666668,0.007136,0.002821333333333333,0.00042666666666666667,0.047045333333333335,0.03315733333333333
487258854,0.19143466666666667,0.4663146666666666,0.055669333333333335,0.261904,0.01724266666666667,5.8666666666666665e-05,0.0007519999999999998,0.000736,0.0006026666666666667,0.004432,0.0008533333333333333
487262328,0.6792853333333333,0.002208,0.17061333333333334,0.093312,0.04593066666666666,0.0,0.0025546666666666665,0.0033333333333333327,1.0666666666666667e-05,0.0004,0.002352
487262792,0.39331733333333335,4.266666666666666e-05,0.14202666666666666,0.37792,0.03831466666666666,1.0666666666666667e-05,6.4e-05,0.0006186666666666666,0.0,0.03767466666666666,0.010010666666666666
487263368,0.6483893333333334,0.002661333333333333,0.15878933333333334,0.16605866666666666,0.01984,0.00016,0.0013813333333333336,0.00208,4.8e-05,9.6e-05,0.000496
487283735,0.17112533333333332,0.273312,0.230256,0.17330666666666664,0.03451733333333333,0.0002826666666666667,0.018362666666666663,0.000432,0.000512,0.07113066666666665,0.026762666666666667
487287905,0.29184,0.30418666666666666,0.02309333333333333,0.19039466666666666,0.02197333333333333,5.333333333333333e-05,0.0061706666666666654,0.008949333333333333,0.00036266666666666663,0.14598933333333333,0.006986666666666667
487288433,0.305472,0.275328,0.023392,0.19090666666666667,0.02168,6.933333333333333e-05,0.006688,0.010576,0.0014933333333333333,0.15656533333333333,0.007829333333333334
487289139,0.9632,0.003488,0.00216,0.0017706666666666667,0.0004426666666666666,0.0,4.266666666666666e-05,0.0017706666666666667,0.0,0.02696533333333333,0.00016
487289789,0.6278186666666666,6.4e-05,0.203968,0.10581333333333333,0.056752,0.0003093333333333333,4.266666666666666e-05,0.0036266666666666665,0.0002933333333333333,0.000128,0.001184
487290291,0.650352,0.0032746666666666666,0.068576,0.20819733333333332,0.014202666666666669,0.00448,0.007685333333333333,0.006746666666666666,0.0008693333333333333,0.03316266666666667,0.002453333333333333
487290807,0.6487466666666666,0.012117333333333334,0.11626666666666667,0.07002666666666667,0.13104533333333335,2.666666666666667e-05,0.0004693333333333333,0.008416,0.00015466666666666667,0.001472,0.011258666666666669
487291389,0.4848213333333333,0.02584,0.28265066666666666,0.10778133333333334,0.048522666666666665,0.0008319999999999998,0.004298666666666667,0.008042666666666665,0.000816,0.02149333333333333,0.014901333333333334
487291995,0.919936,0.0,0.06618133333333333,0.00031466666666666665,0.010613333333333334,0.0021706666666666667,0.0,0.00036266666666666663,0.00036266666666666663,0.0,5.8666666666666665e-05
487293857,0.4359573333333333,0.183408,0.003136,0.14666133333333334,0.013082666666666666,3.2e-05,0.000528,0.001930666666666667,0.0004693333333333333,0.21477333333333332,2.133333333333333e-05
4888932586,0.1818982035928144,0.13131736526946108,0.040197604790419166,0.31766467065868265,0.19330538922155688,0.006688622754491018,0.00021556886227544906,0.0035149700598802397,0.0050658682634730536,0.1190119760479042,0.0011197604790419162
4966794437,0.07233066666666665,0.070672,0.02006933333333333,0.07149333333333334,0.5087573333333333,0.007013333333333333,0.040496,0.023552,0.10689066666666666,0.07600533333333331,0.00272
5200000437,0.10005988023952096,0.5272455089820359,0.014149700598802398,0.2993832335329341,0.027425149700598804,0.00019760479041916167,0.000688622754491018,0.008485029940119758,0.000532934131736527,0.01552694610778443,0.006305389221556886
5245196553,0.30601801801801803,0.12249249249249247,0.05884084084084084,0.2671831831831832,0.007807807807807806,0.00012612612612612612,0.00033033033033033035,0.006048048048048048,0.0016816816816816818,0.2293453453453453,0.00012612612612612612
5361686565,0.150996996996997,0.0037117117117117116,0.2718258258258259,0.03902702702702703,0.02326726726726727,0.14974174174174176,0.015051051051051053,0.005675675675675676,0.05057057057057057,0.07825225225225226,0.21187987987987988
5361689701,0.18089489489489488,0.0455975975975976,0.13937537537537534,0.13508708708708708,0.09168768768768767,0.010672672672672672,0.03188588588588589,0.00932132132132132,0.024936936936936938,0.3067987987987988,0.02374174174174174
5536324142,0.2965357142857143,0.3615357142857143,0.03460714285714286,0.12659523809523807,0.054095238095238085,0.009154761904761905,0.0007857142857142857,0.0006428571428571428,0.0004523809523809524,0.10241666666666667,0.013178571428571428
5782580027,0.4506346666666666,0.05505066666666666,0.05229866666666666,0.11156266666666667,0.16864,0.0,0.0002666666666666667,0.005050666666666666,1.0666666666666667e-05,0.156256,0.0002293333333333333
5782582075,0.5372533333333334,0.2582293333333333,0.014554666666666669,0.09885333333333331,0.051616,0.0,0.00014933333333333332,0.00042133333333333335,0.0007893333333333333,0.038122666666666666,1.0666666666666667e-05
5782584543,0.17163733333333334,0.25016,0.031152,0.3772373333333333,0.000432,0.0,0.020698666666666667,0.003104,0.0,0.14557333333333333,5.333333333333334e-06
5782587421,0.014261333333333334,1.0666666666666667e-05,0.007583999999999999,0.860512,0.11431466666666665,0.0,0.0,0.0,0.0,0.00304,0.0002773333333333333
5782598719,0.003978666666666667,0.007402666666666666,0.03572266666666666,0.804944,0.0,7.466666666666666e-05,0.021808,0.06114666666666666,0.0007733333333333333,0.06414933333333334,0.0
5782604289,0.16691733333333333,0.016816,0.13627733333333333,0.5599413333333333,0.0006986666666666666,0.0,0.011541333333333334,0.015119999999999998,5.333333333333334e-06,0.09268266666666665,0.0
5782612605,0.18535466666666667,0.09451733333333331,0.13556266666666664,0.488176,0.0060213333333333325,0.0,0.0005973333333333333,0.00064,0.0,0.08793066666666667,0.0012
5782615967,0.332016,0.025248,0.10738666666666667,0.162048,0.197184,0.0003253333333333333,0.010725333333333332,0.003269333333333333,0.0020213333333333333,0.128528,0.031248
5783147384,0.06736533333333332,0.28407466666666664,0.001504,0.592672,0.016218666666666666,0.0,0.00014933333333333332,1.6e-05,0.0,0.038,0.0
5783150300,0.08476799999999998,0.5109866666666667,0.001104,0.3684213333333333,0.0017546666666666667,0.0,0.00010133333333333332,5.8666666666666665e-05,0.0,0.032805333333333325,0.0
5783161424,0.10509866666666667,0.0030293333333333327,0.22410666666666668,0.5125973333333333,3.2e-05,0.0,0.018778666666666662,0.004298666666666667,0.0,0.13205866666666666,0.0
5783163894,0.058672,0.009882666666666666,0.13803733333333335,0.681408,5.333333333333334e-06,0.0,0.009466666666666665,0.003125333333333333,0.0,0.09940266666666665,0.0
5790803571,0.10532266666666666,0.21437333333333333,0.026485333333333333,0.570416,0.0023786666666666665,0.0,0.004869333333333333,0.0014026666666666664,0.0,0.07426666666666665,0.0004853333333333333
5959959399,0.4388528528528529,0.0,0.0,0.3057597597597598,0.0,0.0,0.0,0.0,0.0,0.25538738738738737,0.0
5959963547,0.4287567567567567,0.0,0.0,0.4475675675675676,0.0,0.0,0.0,0.0,0.0,0.12367567567567568,0.0
5959969353,0.28869750889679713,0.0,0.0,0.40753024911032026,0.0,0.0,0.0,0.0,0.0,0.3037722419928825,0.0
5959992363,0.4600106666666666,0.0,0.0,0.38912,0.0,0.0,0.0,0.0,0.0,0.15086933333333333,0.0
5959997499,0.4347522388059701,0.0,0.0,0.3547343283582089,0.0,0.0,0.0,0.0,0.0,0.21051343283582089,0.0
5959997957,0.3801242603550296,0.0,0.0,0.4173195266272189,0.0,0.0,0.0,0.0,0.0,0.20255621301775148,0.0
5960505480,0.156012012012012,0.0,0.0,0.4248168168168168,0.0,0.0,0.0,0.0,0.0,0.4191711711711712,0.0
5960517010,0.5788708708708709,0.0,0.0,0.3493693693693693,0.0,0.0,0.0,0.0,0.0,0.07175975975975976,0.0
5960536480,0.4543963963963964,0.0,0.0,0.2941681681681681,0.0,0.0,0.0,0.0,0.0,0.25143543543543545,0.0
5960538920,0.412405693950178,0.0,0.0,0.3759857651245552,0.0,0.0,0.0,0.0,0.0,0.2116085409252669,0.0
5960540752,0.6424768683274021,0.0,0.0,0.2928896797153025,0.0,0.0,0.0,0.0,0.0,0.06463345195729538,0.0
5960555206,0.4744970414201184,0.0,0.0,0.4720532544378698,0.0,0.0,0.0,0.0,0.0,0.05344970414201184,0.0
5960555688,0.5373970149253732,0.0,0.0,0.26968358208955223,0.0,0.0,0.0,0.0,0.0,0.19291940298507465,0.0
6420090365,0.106,0.3607732342007435,0.13765799256505576,0.24750929368029734,0.017747211895910782,0.0006617100371747212,0.003055762081784386,0.004951672862453531,0.000379182156133829,0.10142007434944238,0.01984386617100372
6420941253,0.048037333333333335,0.2724053333333333,0.28431466666666666,0.34337066666666666,0.021754666666666662,1.6e-05,0.0005973333333333333,0.013936000000000002,0.00021866666666666668,0.0007573333333333334,0.014592
6459896823,0.05631831831831832,0.3156816816816817,0.16181381381381382,0.1475975975975976,0.2879159159159159,0.00010810810810810812,0.003945945945945945,0.00024024024024024023,6.606606606606607e-05,0.02469069069069069,0.0016216216216216215
6459898557,0.0603063063063063,0.1824924924924925,0.01473273273273273,0.05021021021021021,0.590072072072072,0.00014414414414414415,0.033777777777777775,0.018354354354354355,6.006006006006007e-06,0.03789189189189189,0.012012012012012012
6459899005,0.033761904761904764,0.0005238095238095238,0.6663154761904762,0.11557738095238095,0.039601190476190484,0.00014880952380952382,0.008148809523809523,0.00011309523809523809,0.0005,0.09543452380952382,0.039875
6460218519,0.07374404761904761,0.0,0.7735892857142858,0.0951011904761905,0.024023809523809524,0.0008154761904761905,0.0022023809523809518,1.1904761904761905e-05,5.9523809523809524e-05,0.002886904761904762,0.02756547619047619
6460226643,0.13404191616766467,0.15821556886227545,0.05126347305389221,0.06048502994011976,0.3874191616766467,0.0008922155688622753,0.02780838323353293,0.0031796407185628746,0.08261077844311379,0.07253293413173653,0.02155089820359281
6460230437,0.21292215568862274,0.1982814371257485,0.06053293413173653,0.10598203592814373,0.2601437125748503,0.0017604790419161675,0.018137724550898203,0.0036646706586826346,0.007904191616766467,0.11520958083832335,0.015461077844311378
6460231807,0.29804455445544553,0.0927920792079208,0.2400247524752475,0.15819306930693067,0.03705445544554455,0.0055297029702970285,0.00923267326732673,0.003762376237623762,0.041,0.09695049504950497,0.017415841584158414
6460233431,0.11447305389221556,0.2622574850299401,0.2491197604790419,0.09532934131736527,0.1002994011976048,0.001838323353293413,0.01958083832335329,0.004299401197604791,0.006167664670658682,0.08032934131736526,0.06630538922155689
6460233761,0.00726219512195122,0.08407926829268292,0.000573170731707317,0.09913414634146342,0.0211219512195122,2.4390243902439026e-05,0.0003963414634146342,0.0003109756097560976,0.0003902439024390244,0.7865182926829267,0.00018902439024390244
6460234631,0.025602446483180427,0.4696207951070336,0.3168134556574924,0.0188868501529052,0.08246483180428135,0.00010397553516819572,9.785932721712538e-05,0.00017125382262996941,4.2813455657492354e-05,0.00027522935779816516,0.08592048929663608
7462076970,0.2872746666666667,0.146064,0.027130666666666668,0.2313706666666667,0.2399253333333333,0.0002506666666666667,0.003733333333333333,0.0016586666666666664,0.00024,0.03392,0.028432
7462124956,0.139888,0.21063466666666664,0.00144,0.2124,0.28186666666666665,0.0,0.006522666666666667,0.036816,0.00033066666666666666,0.110096,5.333333333333334e-06
7468141678,0.4187245508982036,0.09968263473053891,0.07846706586826349,0.01901197604790419,0.08988023952095807,0.00010778443113772453,0.0,0.0032395209580838324,0.00016167664670658683,8.383233532934131e-05,0.2906407185628743
7468144868,0.2678625954198473,0.4635216284987277,0.0036743002544529267,0.047089058524173034,0.03403053435114504,2.5445292620865135e-05,0.00011195928753180662,0.0003918575063613232,1.0178117048346055e-05,0.18308396946564887,0.0001984732824427481
7468149150,0.1595748502994012,0.07737724550898203,0.1557305389221557,0.232874251497006,0.14020359281437125,0.00010179640718562876,0.009437125748502992,0.037580838323353294,4.790419161676647e-05,0.18092215568862274,0.006149700598802395
7468153900,0.2558323353293413,0.14370658682634727,0.1874491017964072,0.11583233532934133,0.07688622754491017,0.0014910179640718565,0.012682634730538923,0.03438922155688622,0.002982035928143713,0.123311377245509,0.04543712574850299
7468158268,0.336748502994012,0.042269461077844316,0.15268862275449102,0.09179041916167664,0.19488622754491014,0.003449101796407185,0.0016586826347305386,0.028371257485029937,0.0005628742514970059,0.13321556886227545,0.014359281437125747
7468162164,0.19595567867036007,0.06521883656509696,0.2620443213296399,0.14373407202216065,0.15554570637119114,0.0008753462603878115,0.009351800554016621,0.02852631578947368,0.00023268698060941825,0.12910803324099726,0.00940720221606648
7468167088,0.16732934131736527,0.13119161676646707,0.1837245508982036,0.15220958083832334,0.05567664670658683,0.000251497005988024,0.04462275449101796,0.015730538922155687,0.11208982035928143,0.09261077844311376,0.044562874251497006
7468170452,0.212984,0.100408,0.271072,0.035644,0.055396,0.002996,0.023584,0.010608,0.071552,0.178488,0.037268
7468174436,0.131276,0.169908,0.11012000000000001,0.388488,0.0034799999999999996,0.000276,0.064776,0.011048,0.10808,0.004916,0.007632
7468178994,0.22437724550898205,0.2408802395209581,0.08941317365269459,0.17432335329341314,0.06692215568862275,0.0021796407185628746,0.009269461077844309,0.02854491017964072,0.00016167664670658683,0.07446107784431137,0.08946706586826347
7468187606,0.32206586826347305,0.07155688622754491,0.09907784431137726,0.21983233532934127,0.06080239520958084,0.004544910179640718,0.01217365269461078,0.04986826347305389,0.00040718562874251493,0.1492994011976048,0.01037125748502994
7468192418,0.3100838323353293,0.04233532934131737,0.05252694610778443,0.2914790419161677,0.06110778443113773,0.0010479041916167664,0.003377245508982036,0.037550898203592815,0.0014550898203592815,0.18474251497005986,0.014293413173652694
7468196656,0.3143197026022305,0.05378438661710037,0.07291449814126395,0.3028029739776952,0.08869144981412638,0.0005427509293680297,0.0018438661710037173,0.03869888475836431,0.0021412639405204467,0.105182156133829,0.019078066914498145
7770570644,0.017589333333333332,0.00010133333333333332,0.3257013333333333,0.00015466666666666667,0.007418666666666665,0.468576,0.12845333333333336,0.0020693333333333327,0.005765333333333332,0.002906666666666667,0.041264
7770571480,0.0,0.0,0.4694026666666666,0.0,0.0,0.40381866666666666,0.03214933333333333,0.0,1.0666666666666667e-05,1.0666666666666667e-05,0.094608
7770574244,0.4476906666666666,0.130688,0.097264,0.15696533333333335,0.00011200000000000001,0.026656,0.060933333333333325,0.0072,0.0009226666666666668,0.058368,0.0132
7770578464,0.00020266666666666667,0.5977013333333333,0.02309333333333333,0.17728,0.004389333333333334,0.0,0.16741333333333333,3.733333333333333e-05,4.8e-05,0.029562666666666668,0.000272
7770580134,0.062768,0.193184,0.2557546666666667,0.052026666666666666,0.08501333333333333,0.00011200000000000001,0.12334400000000001,0.010816,0.000256,0.12572266666666668,0.09100266666666665
7770583962,0.02717333333333333,0.56712,0.05550933333333333,0.012496,0.2572906666666667,9.6e-05,0.006645333333333333,0.0006186666666666666,0.000192,0.052869333333333324,0.01998933333333333
7770588684,0.002656,0.44568,0.2833973333333333,0.060602666666666666,0.010336,5.333333333333333e-05,0.05162666666666666,0.0007626666666666668,0.0002666666666666667,0.142624,0.0019946666666666667
7770589416,0.001072,0.26471466666666665,0.5676,0.126032,0.002064,0.0002453333333333333,0.015456,0.005696,0.00010666666666666668,0.016202666666666667,0.0008106666666666666
7770591064,0.0037653333333333328,0.7454773333333333,0.09145066666666665,0.045797333333333336,0.098672,0.0,0.010533333333333334,0.000528,0.0,0.001424,0.002352
7770591610,0.0034613333333333328,0.520528,0.056325333333333324,0.005829333333333333,0.248208,0.00019733333333333327,0.0007573333333333334,0.000192,0.00016,0.0015786666666666664,0.16276266666666667
7770594962,0.08523733333333333,0.646224,0.09384,0.001584,0.120576,0.0,5.333333333333333e-05,0.000336,3.2e-05,1.0666666666666667e-05,0.05210666666666666
7770596078,0.03348266666666667,0.3642613333333333,0.13742933333333332,0.2956373333333333,0.0022186666666666665,0.0,0.0,0.0032479999999999996,5.333333333333333e-05,0.16364266666666666,2.666666666666667e-05
7770596642,0.034112,0.51136,0.39093866666666666,0.03389866666666667,0.002773333333333333,0.00011200000000000001,0.008288,0.011295999999999999,0.0005813333333333333,0.006442666666666666,0.00019733333333333327
7770597426,0.09685333333333332,0.5917226666666666,0.08174399999999998,0.019274666666666662,0.18384533333333333,5.333333333333334e-06,0.0002613333333333333,0.00033066666666666666,5.333333333333334e-06,0.02274133333333333,0.003216
7770632698,0.02709333333333333,0.4930026666666666,0.028944,0.003701333333333333,0.19132266666666667,0.000688,0.0010666666666666667,0.00017066666666666668,9.6e-05,0.051749333333333335,0.20216533333333334
8116493817,0.11249792531120333,0.3244232365145228,0.12189211618257262,0.2295103734439834,0.12863070539419086,0.00023236514522821577,0.01208298755186722,0.01262240663900415,0.0007717842323651453,0.02864730290456432,0.028688796680497924
8116513655,0.02568768768768769,0.24542942942942944,0.3701381381381381,0.2597297297297297,0.042708708708708715,6.606606606606607e-05,0.001903903903903904,0.012690690690690691,0.00039639639639639637,0.027783783783783784,0.013465465465465466
8343225304,0.15620359281437127,0.016107784431137726,0.013736526946107785,0.5723592814371258,0.009449101796407186,0.002652694610778443,0.0002634730538922156,0.0027065868263473052,0.0015688622754491018,0.22407784431137728,0.000874251497005988
8354857679,0.31148502994011973,0.012401197604790418,0.04526946107784431,0.005892215568862275,0.0007964071856287424,0.025233532934131737,0.053766467065868254,0.09386227544910179,0.43661077844311375,0.011047904191616768,0.003634730538922156
9015146173,0.3512792792792793,0.2164864864864865,0.0643003003003003,0.08542342342342342,0.2637717717717717,0.0,0.0024144144144144144,0.003123123123123123,3.603603603603604e-05,0.011267267267267268,0.0018978978978978977
9015160185,0.3263903903903904,0.0011531531531531532,0.14736336336336334,0.40596996996997,0.047225225225225216,0.0,0.0037957957957957963,0.0006306306306306306,0.0,0.06744144144144144,3.003003003003003e-05
9015164343,0.22786786786786786,0.18297897897897894,0.19387987987987987,0.2781681681681682,0.024312312312312314,0.00018618618618618615,0.0052612612612612615,0.0038618618618618617,0.0017057057057057055,0.07681681681681683,0.004960960960960961
9016320678,0.2069489489489489,0.4947147147147147,0.0052972972972972964,0.08387987987987988,0.20737537537537534,0.0,0.0003423423423423424,0.0006846846846846848,0.0,0.0006546546546546547,0.0001021021021021021
9016330414,0.1524744744744745,0.21003603603603604,0.1137957957957958,0.14270270270270272,0.2955015015015015,1.8018018018018016e-05,0.01386186186186186,0.0036336336336336337,0.00042042042042042044,0.04787387387387387,0.019681681681681683
9846927264,0.3294984894259819,0.002767371601208459,0.01995166163141994,0.4664712990936556,0.07069486404833836,7.250755287009064e-05,0.002211480362537764,0.0025921450151057397,0.0020302114803625376,0.10265861027190333,0.0010513595166163142
9846930764,0.42290853658536587,0.027390243902439024,0.029109756097560974,0.2357012195121951,0.1006280487804878,0.0,0.0004390243902439025,0.027323170731707317,0.003756097560975609,0.15173170731707314,0.0010121951219512195
9846989364,0.2894320241691843,0.01605438066465257,0.03923262839879154,0.32785498489425974,0.16143202416918428,0.0002416918429003021,0.029697885196374625,0.07173413897280967,0.026755287009063444,0.031075528700906345,0.0064894259818731115
9846995484,0.2616060606060607,0.018690909090909088,0.022121212121212118,0.472290909090909,0.006909090909090909,3.636363636363637e-05,0.001806060606060606,0.0007212121212121213,0.0004909090909090909,0.21305454545454544,0.002272727272727273
9847007276,0.2971299093655589,0.0875226586102719,0.0004169184290030212,0.5767915407854984,0.0004954682779456192,6.042296072507552e-06,0.00037462235649546826,0.0006042296072507553,0.0,0.03665861027190332,0.0
9847011926,0.2985492537313433,0.02693134328358209,0.009474626865671642,0.4421074626865672,0.0075402985074626856,0.0006805970149253731,0.001808955223880597,0.0013671641791044775,0.00017313432835820895,0.20892537313432835,0.0024417910447761195
9847017654,0.4956918429003021,0.02868277945619335,0.11777039274924472,0.2855649546827795,0.013129909365558912,0.0010755287009063443,0.004507552870090635,0.0010634441087613293,0.0053716012084592145,0.04359516616314199,0.003546827794561933
9847029186,0.3900120845921449,0.09108157099697885,0.006090634441087614,0.3042296072507553,0.11674924471299092,0.0,0.004392749244712991,0.0012688821752265859,0.00017522658610271904,0.0826465256797583,0.003353474320241692
9847031213,0.2543674698795181,0.15256626506024096,0.10777710843373492,0.23854819277108436,0.03866867469879518,0.0008554216867469878,0.034433734939759035,0.0013674698795180724,0.010759036144578312,0.15881325301204818,0.0018433734939759035
9847044334,0.2759756097560976,0.015591463414634146,0.0016097560975609755,0.5288475609756098,0.01846951219512195,6.0975609756097564e-06,0.0006219512195121951,0.0013292682926829267,0.00020121951219512194,0.15631707317073174,0.0010304878048780488
9847050854,0.398404833836858,0.00649546827794562,0.023214501510574016,0.3738489425981873,0.12491842900302115,0.0002416918429003021,0.0024833836858006047,0.0033051359516616317,0.0006163141993957704,0.058912386706948636,0.007558912386706947
9847052326,0.4435287009063444,0.05900302114803625,0.0065558912386706955,0.2735407854984894,0.016060422960725074,1.812688821752266e-05,0.0001268882175226586,0.001365558912386707,0.000918429003021148,0.19845317220543807,0.0004290030211480362
9847056966,0.4283939393939393,0.0019272727272727273,0.03237575757575757,0.31232727272727273,0.009612121212121212,1.2121212121212124e-05,0.004745454545454546,0.00830909090909091,0.03326060606060606,0.16672121212121213,0.0023151515151515157
9847064833,0.2572760736196319,1.2269938650306748e-05,0.17483435582822085,0.1512638036809816,0.07428834355828222,0.00015337423312883434,0.0013742331288343556,0.00022085889570552144,1.8404907975460126e-05,0.20512269938650307,0.1354355828220859
9847103976,0.4110936555891239,0.004006042296072507,0.014749244712990937,0.3698670694864049,0.11906344410876132,0.0003141993957703928,0.0004531722054380665,0.0019939577039274924,0.0009063444108761328,0.07700906344410877,0.0005438066465256798
